SYMBOL	RET	PARAMS	RET_LAYOUT	PARAM_LAYOUTS	TYPE	METHOD	THROWS	BUILT	FILE
wkj_dom_Attr_getName	int32_t	int64_t peer, uint16_t* result_buf, int32_t result_cap, int32_t* result_length	JAVA_INT	JAVA_LONG,ADDRESS,JAVA_INT,ADDRESS	Attr	getName	-	1	JavaAttr.cpp
wkj_dom_Attr_getSpecified	int32_t	int64_t peer	JAVA_INT	JAVA_LONG	Attr	getSpecified	-	1	JavaAttr.cpp
wkj_dom_Attr_getValue	int32_t	int64_t peer, uint16_t* result_buf, int32_t result_cap, int32_t* result_length	JAVA_INT	JAVA_LONG,ADDRESS,JAVA_INT,ADDRESS	Attr	getValue	-	1	JavaAttr.cpp
wkj_dom_Attr_setValue	void	int64_t peer, const uint16_t* value, int32_t value_length	void	JAVA_LONG,ADDRESS,JAVA_INT	Attr	setValue	-	1	JavaAttr.cpp
wkj_dom_Attr_getOwnerElement	int64_t	int64_t peer	JAVA_LONG	JAVA_LONG	Attr	getOwnerElement	-	1	JavaAttr.cpp
wkj_dom_Attr_isId	int32_t	int64_t peer	JAVA_INT	JAVA_LONG	Attr	isId	-	1	JavaAttr.cpp
wkj_dom_CSSCharsetRule_getEncoding	int32_t	int64_t arg0, uint16_t* result_buf, int32_t result_cap, int32_t* result_length	JAVA_INT	JAVA_LONG,ADDRESS,JAVA_INT,ADDRESS	CSSCharsetRule	getEncoding	-	1	JavaCSSCharsetRule.cpp
wkj_dom_CSSCharsetRule_setEncoding	void	int64_t arg0, const uint16_t* arg1, int32_t arg1_length	void	JAVA_LONG,ADDRESS,JAVA_INT	CSSCharsetRule	setEncoding	-	1	JavaCSSCharsetRule.cpp
wkj_dom_CSSFontFaceRule_getStyle	int64_t	int64_t peer	JAVA_LONG	JAVA_LONG	CSSFontFaceRule	getStyle	-	1	JavaCSSFontFaceRule.cpp
wkj_dom_CSSImportRule_getHref	int32_t	int64_t peer, uint16_t* result_buf, int32_t result_cap, int32_t* result_length	JAVA_INT	JAVA_LONG,ADDRESS,JAVA_INT,ADDRESS	CSSImportRule	getHref	-	1	JavaCSSImportRule.cpp
wkj_dom_CSSImportRule_getMedia	int64_t	int64_t peer	JAVA_LONG	JAVA_LONG	CSSImportRule	getMedia	-	1	JavaCSSImportRule.cpp
wkj_dom_CSSImportRule_getStyleSheet	int64_t	int64_t peer	JAVA_LONG	JAVA_LONG	CSSImportRule	getStyleSheet	-	1	JavaCSSImportRule.cpp
wkj_dom_CSSMediaRule_getMedia	int64_t	int64_t peer	JAVA_LONG	JAVA_LONG	CSSMediaRule	getMedia	-	1	JavaCSSMediaRule.cpp
wkj_dom_CSSMediaRule_getCssRules	int64_t	int64_t peer	JAVA_LONG	JAVA_LONG	CSSMediaRule	getCssRules	-	1	JavaCSSMediaRule.cpp
wkj_dom_CSSMediaRule_insertRule	int32_t	int64_t peer, const uint16_t* rule, int32_t rule_length, int32_t index	JAVA_INT	JAVA_LONG,ADDRESS,JAVA_INT,JAVA_INT	CSSMediaRule	insertRule	THROWS	1	JavaCSSMediaRule.cpp
wkj_dom_CSSMediaRule_deleteRule	void	int64_t peer, int32_t index	void	JAVA_LONG,JAVA_INT	CSSMediaRule	deleteRule	THROWS	1	JavaCSSMediaRule.cpp
wkj_dom_CSSPageRule_getSelectorText	int32_t	int64_t peer, uint16_t* result_buf, int32_t result_cap, int32_t* result_length	JAVA_INT	JAVA_LONG,ADDRESS,JAVA_INT,ADDRESS	CSSPageRule	getSelectorText	-	1	JavaCSSPageRule.cpp
wkj_dom_CSSPageRule_setSelectorText	void	int64_t peer, const uint16_t* value, int32_t value_length	void	JAVA_LONG,ADDRESS,JAVA_INT	CSSPageRule	setSelectorText	-	1	JavaCSSPageRule.cpp
wkj_dom_CSSPageRule_getStyle	int64_t	int64_t peer	JAVA_LONG	JAVA_LONG	CSSPageRule	getStyle	-	1	JavaCSSPageRule.cpp
wkj_dom_CSSPrimitiveValue_getPrimitiveType	int16_t	int64_t peer	JAVA_SHORT	JAVA_LONG	CSSPrimitiveValue	getPrimitiveType	-	1	JavaCSSPrimitiveValue.cpp
wkj_dom_CSSPrimitiveValue_setFloatValue	void	int64_t peer, int16_t unitType, float floatValue	void	JAVA_LONG,JAVA_SHORT,JAVA_FLOAT	CSSPrimitiveValue	setFloatValue	THROWS	1	JavaCSSPrimitiveValue.cpp
wkj_dom_CSSPrimitiveValue_getFloatValue	float	int64_t peer, int16_t unitType	JAVA_FLOAT	JAVA_LONG,JAVA_SHORT	CSSPrimitiveValue	getFloatValue	THROWS	1	JavaCSSPrimitiveValue.cpp
wkj_dom_CSSPrimitiveValue_setStringValue	void	int64_t peer, int16_t stringType, const uint16_t* stringValue, int32_t stringValue_length	void	JAVA_LONG,JAVA_SHORT,ADDRESS,JAVA_INT	CSSPrimitiveValue	setStringValue	THROWS	1	JavaCSSPrimitiveValue.cpp
wkj_dom_CSSPrimitiveValue_getStringValue	int32_t	int64_t peer, uint16_t* result_buf, int32_t result_cap, int32_t* result_length	JAVA_INT	JAVA_LONG,ADDRESS,JAVA_INT,ADDRESS	CSSPrimitiveValue	getStringValue	THROWS	1	JavaCSSPrimitiveValue.cpp
wkj_dom_CSSPrimitiveValue_getCounterValue	int64_t	int64_t peer	JAVA_LONG	JAVA_LONG	CSSPrimitiveValue	getCounterValue	THROWS	1	JavaCSSPrimitiveValue.cpp
wkj_dom_CSSPrimitiveValue_getRectValue	int64_t	int64_t peer	JAVA_LONG	JAVA_LONG	CSSPrimitiveValue	getRectValue	THROWS	1	JavaCSSPrimitiveValue.cpp
wkj_dom_CSSPrimitiveValue_getRGBColorValue	int64_t	int64_t peer	JAVA_LONG	JAVA_LONG	CSSPrimitiveValue	getRGBColorValue	THROWS	1	JavaCSSPrimitiveValue.cpp
wkj_dom_CSSRule_dispose	void	int64_t peer	void	JAVA_LONG	CSSRule	dispose	-	1	JavaCSSRule.cpp
wkj_dom_CSSRule_getType	int16_t	int64_t peer	JAVA_SHORT	JAVA_LONG	CSSRule	getType	-	1	JavaCSSRule.cpp
wkj_dom_CSSRule_getCssText	int32_t	int64_t peer, uint16_t* result_buf, int32_t result_cap, int32_t* result_length	JAVA_INT	JAVA_LONG,ADDRESS,JAVA_INT,ADDRESS	CSSRule	getCssText	-	1	JavaCSSRule.cpp
wkj_dom_CSSRule_setCssText	void	int64_t peer, const uint16_t* value, int32_t value_length	void	JAVA_LONG,ADDRESS,JAVA_INT	CSSRule	setCssText	-	1	JavaCSSRule.cpp
wkj_dom_CSSRule_getParentStyleSheet	int64_t	int64_t peer	JAVA_LONG	JAVA_LONG	CSSRule	getParentStyleSheet	-	1	JavaCSSRule.cpp
wkj_dom_CSSRule_getParentRule	int64_t	int64_t peer	JAVA_LONG	JAVA_LONG	CSSRule	getParentRule	-	1	JavaCSSRule.cpp
wkj_dom_CSSRuleList_dispose	void	int64_t peer	void	JAVA_LONG	CSSRuleList	dispose	-	1	JavaCSSRuleList.cpp
wkj_dom_CSSRuleList_getLength	int32_t	int64_t peer	JAVA_INT	JAVA_LONG	CSSRuleList	getLength	-	1	JavaCSSRuleList.cpp
wkj_dom_CSSRuleList_item	int64_t	int64_t peer, int32_t index	JAVA_LONG	JAVA_LONG,JAVA_INT	CSSRuleList	item	-	1	JavaCSSRuleList.cpp
wkj_dom_CSSStyleDeclaration_dispose	void	int64_t peer	void	JAVA_LONG	CSSStyleDeclaration	dispose	-	1	JavaCSSStyleDeclaration.cpp
wkj_dom_CSSStyleDeclaration_getCssText	int32_t	int64_t peer, uint16_t* result_buf, int32_t result_cap, int32_t* result_length	JAVA_INT	JAVA_LONG,ADDRESS,JAVA_INT,ADDRESS	CSSStyleDeclaration	getCssText	-	1	JavaCSSStyleDeclaration.cpp
wkj_dom_CSSStyleDeclaration_setCssText	void	int64_t peer, const uint16_t* value, int32_t value_length	void	JAVA_LONG,ADDRESS,JAVA_INT	CSSStyleDeclaration	setCssText	-	1	JavaCSSStyleDeclaration.cpp
wkj_dom_CSSStyleDeclaration_getLength	int32_t	int64_t peer	JAVA_INT	JAVA_LONG	CSSStyleDeclaration	getLength	-	1	JavaCSSStyleDeclaration.cpp
wkj_dom_CSSStyleDeclaration_getParentRule	int64_t	int64_t peer	JAVA_LONG	JAVA_LONG	CSSStyleDeclaration	getParentRule	-	1	JavaCSSStyleDeclaration.cpp
wkj_dom_CSSStyleDeclaration_getPropertyValue	int32_t	int64_t peer, const uint16_t* propertyName, int32_t propertyName_length, uint16_t* result_buf, int32_t result_cap, int32_t* result_length	JAVA_INT	JAVA_LONG,ADDRESS,JAVA_INT,ADDRESS,JAVA_INT,ADDRESS	CSSStyleDeclaration	getPropertyValue	-	1	JavaCSSStyleDeclaration.cpp
wkj_dom_CSSStyleDeclaration_getPropertyCSSValue	int64_t	int64_t peer, const uint16_t* propertyName, int32_t propertyName_length	JAVA_LONG	JAVA_LONG,ADDRESS,JAVA_INT	CSSStyleDeclaration	getPropertyCSSValue	-	1	JavaCSSStyleDeclaration.cpp
wkj_dom_CSSStyleDeclaration_removeProperty	int32_t	int64_t peer, const uint16_t* propertyName, int32_t propertyName_length, uint16_t* result_buf, int32_t result_cap, int32_t* result_length	JAVA_INT	JAVA_LONG,ADDRESS,JAVA_INT,ADDRESS,JAVA_INT,ADDRESS	CSSStyleDeclaration	removeProperty	THROWS	1	JavaCSSStyleDeclaration.cpp
wkj_dom_CSSStyleDeclaration_getPropertyPriority	int32_t	int64_t peer, const uint16_t* propertyName, int32_t propertyName_length, uint16_t* result_buf, int32_t result_cap, int32_t* result_length	JAVA_INT	JAVA_LONG,ADDRESS,JAVA_INT,ADDRESS,JAVA_INT,ADDRESS	CSSStyleDeclaration	getPropertyPriority	-	1	JavaCSSStyleDeclaration.cpp
wkj_dom_CSSStyleDeclaration_setProperty	void	int64_t peer, const uint16_t* propertyName, int32_t propertyName_length, const uint16_t* value, int32_t value_length, const uint16_t* priority, int32_t priority_length	void	JAVA_LONG,ADDRESS,JAVA_INT,ADDRESS,JAVA_INT,ADDRESS,JAVA_INT	CSSStyleDeclaration	setProperty	THROWS	1	JavaCSSStyleDeclaration.cpp
wkj_dom_CSSStyleDeclaration_item	int32_t	int64_t peer, int32_t index, uint16_t* result_buf, int32_t result_cap, int32_t* result_length	JAVA_INT	JAVA_LONG,JAVA_INT,ADDRESS,JAVA_INT,ADDRESS	CSSStyleDeclaration	item	-	1	JavaCSSStyleDeclaration.cpp
wkj_dom_CSSStyleDeclaration_getPropertyShorthand	int32_t	int64_t peer, const uint16_t* propertyName, int32_t propertyName_length, uint16_t* result_buf, int32_t result_cap, int32_t* result_length	JAVA_INT	JAVA_LONG,ADDRESS,JAVA_INT,ADDRESS,JAVA_INT,ADDRESS	CSSStyleDeclaration	getPropertyShorthand	-	1	JavaCSSStyleDeclaration.cpp
wkj_dom_CSSStyleDeclaration_isPropertyImplicit	int32_t	int64_t peer, const uint16_t* propertyName, int32_t propertyName_length	JAVA_INT	JAVA_LONG,ADDRESS,JAVA_INT	CSSStyleDeclaration	isPropertyImplicit	-	1	JavaCSSStyleDeclaration.cpp
wkj_dom_CSSStyleRule_getSelectorText	int32_t	int64_t peer, uint16_t* result_buf, int32_t result_cap, int32_t* result_length	JAVA_INT	JAVA_LONG,ADDRESS,JAVA_INT,ADDRESS	CSSStyleRule	getSelectorText	-	1	JavaCSSStyleRule.cpp
wkj_dom_CSSStyleRule_setSelectorText	void	int64_t peer, const uint16_t* value, int32_t value_length	void	JAVA_LONG,ADDRESS,JAVA_INT	CSSStyleRule	setSelectorText	-	1	JavaCSSStyleRule.cpp
wkj_dom_CSSStyleRule_getStyle	int64_t	int64_t peer	JAVA_LONG	JAVA_LONG	CSSStyleRule	getStyle	-	1	JavaCSSStyleRule.cpp
wkj_dom_CSSStyleSheet_getOwnerRule	int64_t	int64_t peer	JAVA_LONG	JAVA_LONG	CSSStyleSheet	getOwnerRule	-	1	JavaCSSStyleSheet.cpp
wkj_dom_CSSStyleSheet_getCssRules	int64_t	int64_t peer	JAVA_LONG	JAVA_LONG	CSSStyleSheet	getCssRules	-	1	JavaCSSStyleSheet.cpp
wkj_dom_CSSStyleSheet_getRules	int64_t	int64_t peer	JAVA_LONG	JAVA_LONG	CSSStyleSheet	getRules	-	1	JavaCSSStyleSheet.cpp
wkj_dom_CSSStyleSheet_insertRule	int32_t	int64_t peer, const uint16_t* rule, int32_t rule_length, int32_t index	JAVA_INT	JAVA_LONG,ADDRESS,JAVA_INT,JAVA_INT	CSSStyleSheet	insertRule	THROWS	1	JavaCSSStyleSheet.cpp
wkj_dom_CSSStyleSheet_deleteRule	void	int64_t peer, int32_t index	void	JAVA_LONG,JAVA_INT	CSSStyleSheet	deleteRule	THROWS	1	JavaCSSStyleSheet.cpp
wkj_dom_CSSStyleSheet_addRule	int32_t	int64_t peer, const uint16_t* selector, int32_t selector_length, const uint16_t* style, int32_t style_length, int32_t index	JAVA_INT	JAVA_LONG,ADDRESS,JAVA_INT,ADDRESS,JAVA_INT,JAVA_INT	CSSStyleSheet	addRule	THROWS	1	JavaCSSStyleSheet.cpp
wkj_dom_CSSStyleSheet_removeRule	void	int64_t peer, int32_t index	void	JAVA_LONG,JAVA_INT	CSSStyleSheet	removeRule	THROWS	1	JavaCSSStyleSheet.cpp
wkj_dom_CSSValue_dispose	void	int64_t peer	void	JAVA_LONG	CSSValue	dispose	-	1	JavaCSSValue.cpp
wkj_dom_CSSValue_getCssText	int32_t	int64_t peer, uint16_t* result_buf, int32_t result_cap, int32_t* result_length	JAVA_INT	JAVA_LONG,ADDRESS,JAVA_INT,ADDRESS	CSSValue	getCssText	-	1	JavaCSSValue.cpp
wkj_dom_CSSValue_setCssText	void	int64_t peer, const uint16_t* value, int32_t value_length	void	JAVA_LONG,ADDRESS,JAVA_INT	CSSValue	setCssText	-	1	JavaCSSValue.cpp
wkj_dom_CSSValue_getCssValueType	int16_t	int64_t peer	JAVA_SHORT	JAVA_LONG	CSSValue	getCssValueType	-	1	JavaCSSValue.cpp
wkj_dom_CSSValueList_getLength	int32_t	int64_t peer	JAVA_INT	JAVA_LONG	CSSValueList	getLength	-	1	JavaCSSValueList.cpp
wkj_dom_CSSValueList_item	int64_t	int64_t peer, int32_t index	JAVA_LONG	JAVA_LONG,JAVA_INT	CSSValueList	item	-	1	JavaCSSValueList.cpp
wkj_dom_CharacterData_getData	int32_t	int64_t peer, uint16_t* result_buf, int32_t result_cap, int32_t* result_length	JAVA_INT	JAVA_LONG,ADDRESS,JAVA_INT,ADDRESS	CharacterData	getData	-	1	JavaCharacterData.cpp
wkj_dom_CharacterData_setData	void	int64_t peer, const uint16_t* value, int32_t value_length	void	JAVA_LONG,ADDRESS,JAVA_INT	CharacterData	setData	-	1	JavaCharacterData.cpp
wkj_dom_CharacterData_getLength	int32_t	int64_t peer	JAVA_INT	JAVA_LONG	CharacterData	getLength	-	1	JavaCharacterData.cpp
wkj_dom_CharacterData_getPreviousElementSibling	int64_t	int64_t peer	JAVA_LONG	JAVA_LONG	CharacterData	getPreviousElementSibling	-	1	JavaCharacterData.cpp
wkj_dom_CharacterData_getNextElementSibling	int64_t	int64_t peer	JAVA_LONG	JAVA_LONG	CharacterData	getNextElementSibling	-	1	JavaCharacterData.cpp
wkj_dom_CharacterData_substringData	int32_t	int64_t peer, int32_t offset, int32_t length, uint16_t* result_buf, int32_t result_cap, int32_t* result_length	JAVA_INT	JAVA_LONG,JAVA_INT,JAVA_INT,ADDRESS,JAVA_INT,ADDRESS	CharacterData	substringData	THROWS	1	JavaCharacterData.cpp
wkj_dom_CharacterData_appendData	void	int64_t peer, const uint16_t* data, int32_t data_length	void	JAVA_LONG,ADDRESS,JAVA_INT	CharacterData	appendData	-	1	JavaCharacterData.cpp
wkj_dom_CharacterData_insertData	void	int64_t peer, int32_t offset, const uint16_t* data, int32_t data_length	void	JAVA_LONG,JAVA_INT,ADDRESS,JAVA_INT	CharacterData	insertData	THROWS	1	JavaCharacterData.cpp
wkj_dom_CharacterData_deleteData	void	int64_t peer, int32_t offset, int32_t length	void	JAVA_LONG,JAVA_INT,JAVA_INT	CharacterData	deleteData	THROWS	1	JavaCharacterData.cpp
wkj_dom_CharacterData_replaceData	void	int64_t peer, int32_t offset, int32_t length, const uint16_t* data, int32_t data_length	void	JAVA_LONG,JAVA_INT,JAVA_INT,ADDRESS,JAVA_INT	CharacterData	replaceData	THROWS	1	JavaCharacterData.cpp
wkj_dom_CharacterData_remove	void	int64_t peer	void	JAVA_LONG	CharacterData	remove	THROWS	1	JavaCharacterData.cpp
wkj_dom_Counter_dispose	void	int64_t peer	void	JAVA_LONG	Counter	dispose	-	1	JavaCounter.cpp
wkj_dom_Counter_getIdentifier	int32_t	int64_t peer, uint16_t* result_buf, int32_t result_cap, int32_t* result_length	JAVA_INT	JAVA_LONG,ADDRESS,JAVA_INT,ADDRESS	Counter	getIdentifier	-	1	JavaCounter.cpp
wkj_dom_Counter_getListStyle	int32_t	int64_t peer, uint16_t* result_buf, int32_t result_cap, int32_t* result_length	JAVA_INT	JAVA_LONG,ADDRESS,JAVA_INT,ADDRESS	Counter	getListStyle	-	1	JavaCounter.cpp
wkj_dom_Counter_getSeparator	int32_t	int64_t peer, uint16_t* result_buf, int32_t result_cap, int32_t* result_length	JAVA_INT	JAVA_LONG,ADDRESS,JAVA_INT,ADDRESS	Counter	getSeparator	-	1	JavaCounter.cpp
wkj_dom_DOMImplementation_dispose	void	int64_t peer	void	JAVA_LONG	DOMImplementation	dispose	-	1	JavaDOMImplementation.cpp
wkj_dom_DOMImplementation_createDocumentType	int64_t	int64_t peer, const uint16_t* qualifiedName, int32_t qualifiedName_length, const uint16_t* publicId, int32_t publicId_length, const uint16_t* systemId, int32_t systemId_length	JAVA_LONG	JAVA_LONG,ADDRESS,JAVA_INT,ADDRESS,JAVA_INT,ADDRESS,JAVA_INT	DOMImplementation	createDocumentType	THROWS	1	JavaDOMImplementation.cpp
wkj_dom_DOMImplementation_createDocument	int64_t	int64_t peer, const uint16_t* namespaceURI, int32_t namespaceURI_length, const uint16_t* qualifiedName, int32_t qualifiedName_length, int64_t doctype	JAVA_LONG	JAVA_LONG,ADDRESS,JAVA_INT,ADDRESS,JAVA_INT,JAVA_LONG	DOMImplementation	createDocument	THROWS	1	JavaDOMImplementation.cpp
wkj_dom_DOMImplementation_createCSSStyleSheet	int64_t	int64_t peer, const uint16_t* title, int32_t title_length, const uint16_t* media, int32_t media_length	JAVA_LONG	JAVA_LONG,ADDRESS,JAVA_INT,ADDRESS,JAVA_INT	DOMImplementation	createCSSStyleSheet	-	1	JavaDOMImplementation.cpp
wkj_dom_DOMImplementation_createHTMLDocument	int64_t	int64_t peer, const uint16_t* title, int32_t title_length	JAVA_LONG	JAVA_LONG,ADDRESS,JAVA_INT	DOMImplementation	createHTMLDocument	-	1	JavaDOMImplementation.cpp
wkj_dom_DOMSelection_dispose	void	int64_t peer	void	JAVA_LONG	DOMSelection	dispose	-	0	JavaDOMSelection.cpp
wkj_dom_DOMSelection_getAnchorNode	int64_t	int64_t peer	JAVA_LONG	JAVA_LONG	DOMSelection	getAnchorNode	-	0	JavaDOMSelection.cpp
wkj_dom_DOMSelection_getAnchorOffset	int32_t	int64_t peer	JAVA_INT	JAVA_LONG	DOMSelection	getAnchorOffset	-	0	JavaDOMSelection.cpp
wkj_dom_DOMSelection_getFocusNode	int64_t	int64_t peer	JAVA_LONG	JAVA_LONG	DOMSelection	getFocusNode	-	0	JavaDOMSelection.cpp
wkj_dom_DOMSelection_getFocusOffset	int32_t	int64_t peer	JAVA_INT	JAVA_LONG	DOMSelection	getFocusOffset	-	0	JavaDOMSelection.cpp
wkj_dom_DOMSelection_getIsCollapsed	int32_t	int64_t peer	JAVA_INT	JAVA_LONG	DOMSelection	getIsCollapsed	-	0	JavaDOMSelection.cpp
wkj_dom_DOMSelection_getRangeCount	int32_t	int64_t peer	JAVA_INT	JAVA_LONG	DOMSelection	getRangeCount	-	0	JavaDOMSelection.cpp
wkj_dom_DOMSelection_getBaseNode	int64_t	int64_t peer	JAVA_LONG	JAVA_LONG	DOMSelection	getBaseNode	-	0	JavaDOMSelection.cpp
wkj_dom_DOMSelection_getBaseOffset	int32_t	int64_t peer	JAVA_INT	JAVA_LONG	DOMSelection	getBaseOffset	-	0	JavaDOMSelection.cpp
wkj_dom_DOMSelection_getExtentNode	int64_t	int64_t peer	JAVA_LONG	JAVA_LONG	DOMSelection	getExtentNode	-	0	JavaDOMSelection.cpp
wkj_dom_DOMSelection_getExtentOffset	int32_t	int64_t peer	JAVA_INT	JAVA_LONG	DOMSelection	getExtentOffset	-	0	JavaDOMSelection.cpp
wkj_dom_DOMSelection_getType	int32_t	int64_t peer, uint16_t* result_buf, int32_t result_cap, int32_t* result_length	JAVA_INT	JAVA_LONG,ADDRESS,JAVA_INT,ADDRESS	DOMSelection	getType	-	0	JavaDOMSelection.cpp
wkj_dom_DOMSelection_collapse	void	int64_t peer, int64_t node, int32_t index	void	JAVA_LONG,JAVA_LONG,JAVA_INT	DOMSelection	collapse	THROWS	0	JavaDOMSelection.cpp
wkj_dom_DOMSelection_collapseToEnd	void	int64_t peer	void	JAVA_LONG	DOMSelection	collapseToEnd	THROWS	0	JavaDOMSelection.cpp
wkj_dom_DOMSelection_collapseToStart	void	int64_t peer	void	JAVA_LONG	DOMSelection	collapseToStart	THROWS	0	JavaDOMSelection.cpp
wkj_dom_DOMSelection_deleteFromDocument	void	int64_t peer	void	JAVA_LONG	DOMSelection	deleteFromDocument	-	0	JavaDOMSelection.cpp
wkj_dom_DOMSelection_containsNode	int32_t	int64_t peer, int64_t node, int32_t allowPartial	JAVA_INT	JAVA_LONG,JAVA_LONG,JAVA_INT	DOMSelection	containsNode	-	0	JavaDOMSelection.cpp
wkj_dom_DOMSelection_selectAllChildren	void	int64_t peer, int64_t node	void	JAVA_LONG,JAVA_LONG	DOMSelection	selectAllChildren	THROWS	0	JavaDOMSelection.cpp
wkj_dom_DOMSelection_extend	void	int64_t peer, int64_t node, int32_t offset	void	JAVA_LONG,JAVA_LONG,JAVA_INT	DOMSelection	extend	THROWS	0	JavaDOMSelection.cpp
wkj_dom_DOMSelection_getRangeAt	int64_t	int64_t peer, int32_t index	JAVA_LONG	JAVA_LONG,JAVA_INT	DOMSelection	getRangeAt	THROWS	0	JavaDOMSelection.cpp
wkj_dom_DOMSelection_removeAllRanges	void	int64_t peer	void	JAVA_LONG	DOMSelection	removeAllRanges	-	0	JavaDOMSelection.cpp
wkj_dom_DOMSelection_addRange	void	int64_t peer, int64_t range	void	JAVA_LONG,JAVA_LONG	DOMSelection	addRange	-	0	JavaDOMSelection.cpp
wkj_dom_DOMSelection_modify	void	int64_t peer, const uint16_t* alter, int32_t alter_length, const uint16_t* direction, int32_t direction_length, const uint16_t* granularity, int32_t granularity_length	void	JAVA_LONG,ADDRESS,JAVA_INT,ADDRESS,JAVA_INT,ADDRESS,JAVA_INT	DOMSelection	modify	-	0	JavaDOMSelection.cpp
wkj_dom_DOMSelection_setBaseAndExtent	void	int64_t peer, int64_t baseNode, int32_t baseOffset, int64_t extentNode, int32_t extentOffset	void	JAVA_LONG,JAVA_LONG,JAVA_INT,JAVA_LONG,JAVA_INT	DOMSelection	setBaseAndExtent	THROWS	0	JavaDOMSelection.cpp
wkj_dom_DOMSelection_setPosition	void	int64_t peer, int64_t node, int32_t offset	void	JAVA_LONG,JAVA_LONG,JAVA_INT	DOMSelection	setPosition	THROWS	0	JavaDOMSelection.cpp
wkj_dom_DOMSelection_empty	void	int64_t peer	void	JAVA_LONG	DOMSelection	empty	-	0	JavaDOMSelection.cpp
wkj_dom_DOMStringList_dispose	void	int64_t peer	void	JAVA_LONG	DOMStringList	dispose	-	1	JavaDOMStringList.cpp
wkj_dom_DOMStringList_getLength	int32_t	int64_t peer	JAVA_INT	JAVA_LONG	DOMStringList	getLength	-	1	JavaDOMStringList.cpp
wkj_dom_DOMStringList_item	int32_t	int64_t peer, int32_t index, uint16_t* result_buf, int32_t result_cap, int32_t* result_length	JAVA_INT	JAVA_LONG,JAVA_INT,ADDRESS,JAVA_INT,ADDRESS	DOMStringList	item	-	1	JavaDOMStringList.cpp
wkj_dom_DOMStringList_contains	int32_t	int64_t peer, const uint16_t* string, int32_t string_length	JAVA_INT	JAVA_LONG,ADDRESS,JAVA_INT	DOMStringList	contains	-	1	JavaDOMStringList.cpp
wkj_dom_DOMWindow_dispose	void	int64_t peer	void	JAVA_LONG	DOMWindow	dispose	-	1	JavaDOMWindow.cpp
wkj_dom_DOMWindow_getFrameElement	int64_t	int64_t peer	JAVA_LONG	JAVA_LONG	DOMWindow	getFrameElement	-	1	JavaDOMWindow.cpp
wkj_dom_DOMWindow_getOffscreenBuffering	int32_t	int64_t peer	JAVA_INT	JAVA_LONG	DOMWindow	getOffscreenBuffering	-	1	JavaDOMWindow.cpp
wkj_dom_DOMWindow_getOuterHeight	int32_t	int64_t peer	JAVA_INT	JAVA_LONG	DOMWindow	getOuterHeight	-	1	JavaDOMWindow.cpp
wkj_dom_DOMWindow_getOuterWidth	int32_t	int64_t peer	JAVA_INT	JAVA_LONG	DOMWindow	getOuterWidth	-	1	JavaDOMWindow.cpp
wkj_dom_DOMWindow_getInnerHeight	int32_t	int64_t peer	JAVA_INT	JAVA_LONG	DOMWindow	getInnerHeight	-	1	JavaDOMWindow.cpp
wkj_dom_DOMWindow_getInnerWidth	int32_t	int64_t peer	JAVA_INT	JAVA_LONG	DOMWindow	getInnerWidth	-	1	JavaDOMWindow.cpp
wkj_dom_DOMWindow_getScreenX	int32_t	int64_t peer	JAVA_INT	JAVA_LONG	DOMWindow	getScreenX	-	1	JavaDOMWindow.cpp
wkj_dom_DOMWindow_getScreenY	int32_t	int64_t peer	JAVA_INT	JAVA_LONG	DOMWindow	getScreenY	-	1	JavaDOMWindow.cpp
wkj_dom_DOMWindow_getScreenLeft	int32_t	int64_t peer	JAVA_INT	JAVA_LONG	DOMWindow	getScreenLeft	-	1	JavaDOMWindow.cpp
wkj_dom_DOMWindow_getScreenTop	int32_t	int64_t peer	JAVA_INT	JAVA_LONG	DOMWindow	getScreenTop	-	1	JavaDOMWindow.cpp
wkj_dom_DOMWindow_getScrollX	int32_t	int64_t peer	JAVA_INT	JAVA_LONG	DOMWindow	getScrollX	-	1	JavaDOMWindow.cpp
wkj_dom_DOMWindow_getScrollY	int32_t	int64_t peer	JAVA_INT	JAVA_LONG	DOMWindow	getScrollY	-	1	JavaDOMWindow.cpp
wkj_dom_DOMWindow_getPageXOffset	int32_t	int64_t arg0	JAVA_INT	JAVA_LONG	DOMWindow	getPageXOffset	-	1	JavaDOMWindow.cpp
wkj_dom_DOMWindow_getPageYOffset	int32_t	int64_t arg0	JAVA_INT	JAVA_LONG	DOMWindow	getPageYOffset	-	1	JavaDOMWindow.cpp
wkj_dom_DOMWindow_getClosed	int32_t	int64_t peer	JAVA_INT	JAVA_LONG	DOMWindow	getClosed	-	1	JavaDOMWindow.cpp
wkj_dom_DOMWindow_getLength	int32_t	int64_t peer	JAVA_INT	JAVA_LONG	DOMWindow	getLength	-	1	JavaDOMWindow.cpp
wkj_dom_DOMWindow_getName	int32_t	int64_t peer, uint16_t* result_buf, int32_t result_cap, int32_t* result_length	JAVA_INT	JAVA_LONG,ADDRESS,JAVA_INT,ADDRESS	DOMWindow	getName	-	1	JavaDOMWindow.cpp
wkj_dom_DOMWindow_setName	void	int64_t peer, const uint16_t* value, int32_t value_length	void	JAVA_LONG,ADDRESS,JAVA_INT	DOMWindow	setName	-	1	JavaDOMWindow.cpp
wkj_dom_DOMWindow_getStatus	int32_t	int64_t peer, uint16_t* result_buf, int32_t result_cap, int32_t* result_length	JAVA_INT	JAVA_LONG,ADDRESS,JAVA_INT,ADDRESS	DOMWindow	getStatus	-	1	JavaDOMWindow.cpp
wkj_dom_DOMWindow_setStatus	void	int64_t peer, const uint16_t* value, int32_t value_length	void	JAVA_LONG,ADDRESS,JAVA_INT	DOMWindow	setStatus	-	1	JavaDOMWindow.cpp
wkj_dom_DOMWindow_getDefaultStatus	int32_t	int64_t peer, uint16_t* result_buf, int32_t result_cap, int32_t* result_length	JAVA_INT	JAVA_LONG,ADDRESS,JAVA_INT,ADDRESS	DOMWindow	getDefaultStatus	-	1	JavaDOMWindow.cpp
wkj_dom_DOMWindow_setDefaultStatus	void	int64_t peer, const uint16_t* value, int32_t value_length	void	JAVA_LONG,ADDRESS,JAVA_INT	DOMWindow	setDefaultStatus	-	1	JavaDOMWindow.cpp
wkj_dom_DOMWindow_getSelf	int64_t	int64_t peer	JAVA_LONG	JAVA_LONG	DOMWindow	getSelf	-	1	JavaDOMWindow.cpp
wkj_dom_DOMWindow_getWindow	int64_t	int64_t peer	JAVA_LONG	JAVA_LONG	DOMWindow	getWindow	-	1	JavaDOMWindow.cpp
wkj_dom_DOMWindow_getFrames	int64_t	int64_t peer	JAVA_LONG	JAVA_LONG	DOMWindow	getFrames	-	1	JavaDOMWindow.cpp
wkj_dom_DOMWindow_getOpener	int64_t	int64_t peer	JAVA_LONG	JAVA_LONG	DOMWindow	getOpener	-	1	JavaDOMWindow.cpp
wkj_dom_DOMWindow_getParent	int64_t	int64_t peer	JAVA_LONG	JAVA_LONG	DOMWindow	getParent	-	1	JavaDOMWindow.cpp
wkj_dom_DOMWindow_getTop	int64_t	int64_t peer	JAVA_LONG	JAVA_LONG	DOMWindow	getTop	-	1	JavaDOMWindow.cpp
wkj_dom_DOMWindow_getDocumentEx	int64_t	int64_t peer	JAVA_LONG	JAVA_LONG	DOMWindow	getDocumentEx	-	1	JavaDOMWindow.cpp
wkj_dom_DOMWindow_getDevicePixelRatio	double	int64_t peer	JAVA_DOUBLE	JAVA_LONG	DOMWindow	getDevicePixelRatio	-	1	JavaDOMWindow.cpp
wkj_dom_DOMWindow_getOnanimationend	int64_t	int64_t peer	JAVA_LONG	JAVA_LONG	DOMWindow	getOnanimationend	-	1	JavaDOMWindow.cpp
wkj_dom_DOMWindow_setOnanimationend	void	int64_t peer, int64_t value	void	JAVA_LONG,JAVA_LONG	DOMWindow	setOnanimationend	-	1	JavaDOMWindow.cpp
wkj_dom_DOMWindow_getOnanimationiteration	int64_t	int64_t peer	JAVA_LONG	JAVA_LONG	DOMWindow	getOnanimationiteration	-	1	JavaDOMWindow.cpp
wkj_dom_DOMWindow_setOnanimationiteration	void	int64_t peer, int64_t value	void	JAVA_LONG,JAVA_LONG	DOMWindow	setOnanimationiteration	-	1	JavaDOMWindow.cpp
wkj_dom_DOMWindow_getOnanimationstart	int64_t	int64_t peer	JAVA_LONG	JAVA_LONG	DOMWindow	getOnanimationstart	-	1	JavaDOMWindow.cpp
wkj_dom_DOMWindow_setOnanimationstart	void	int64_t peer, int64_t value	void	JAVA_LONG,JAVA_LONG	DOMWindow	setOnanimationstart	-	1	JavaDOMWindow.cpp
wkj_dom_DOMWindow_getOntransitionend	int64_t	int64_t peer	JAVA_LONG	JAVA_LONG	DOMWindow	getOntransitionend	-	1	JavaDOMWindow.cpp
wkj_dom_DOMWindow_setOntransitionend	void	int64_t peer, int64_t value	void	JAVA_LONG,JAVA_LONG	DOMWindow	setOntransitionend	-	1	JavaDOMWindow.cpp
wkj_dom_DOMWindow_getOnwebkitanimationend	int64_t	int64_t peer	JAVA_LONG	JAVA_LONG	DOMWindow	getOnwebkitanimationend	-	1	JavaDOMWindow.cpp
wkj_dom_DOMWindow_setOnwebkitanimationend	void	int64_t peer, int64_t value	void	JAVA_LONG,JAVA_LONG	DOMWindow	setOnwebkitanimationend	-	1	JavaDOMWindow.cpp
wkj_dom_DOMWindow_getOnwebkitanimationiteration	int64_t	int64_t peer	JAVA_LONG	JAVA_LONG	DOMWindow	getOnwebkitanimationiteration	-	1	JavaDOMWindow.cpp
wkj_dom_DOMWindow_setOnwebkitanimationiteration	void	int64_t peer, int64_t value	void	JAVA_LONG,JAVA_LONG	DOMWindow	setOnwebkitanimationiteration	-	1	JavaDOMWindow.cpp
wkj_dom_DOMWindow_getOnwebkitanimationstart	int64_t	int64_t peer	JAVA_LONG	JAVA_LONG	DOMWindow	getOnwebkitanimationstart	-	1	JavaDOMWindow.cpp
wkj_dom_DOMWindow_setOnwebkitanimationstart	void	int64_t peer, int64_t value	void	JAVA_LONG,JAVA_LONG	DOMWindow	setOnwebkitanimationstart	-	1	JavaDOMWindow.cpp
wkj_dom_DOMWindow_getOnwebkittransitionend	int64_t	int64_t peer	JAVA_LONG	JAVA_LONG	DOMWindow	getOnwebkittransitionend	-	1	JavaDOMWindow.cpp
wkj_dom_DOMWindow_setOnwebkittransitionend	void	int64_t peer, int64_t value	void	JAVA_LONG,JAVA_LONG	DOMWindow	setOnwebkittransitionend	-	1	JavaDOMWindow.cpp
wkj_dom_DOMWindow_getOnabort	int64_t	int64_t peer	JAVA_LONG	JAVA_LONG	DOMWindow	getOnabort	-	1	JavaDOMWindow.cpp
wkj_dom_DOMWindow_setOnabort	void	int64_t peer, int64_t value	void	JAVA_LONG,JAVA_LONG	DOMWindow	setOnabort	-	1	JavaDOMWindow.cpp
wkj_dom_DOMWindow_getOnblur	int64_t	int64_t peer	JAVA_LONG	JAVA_LONG	DOMWindow	getOnblur	-	1	JavaDOMWindow.cpp
wkj_dom_DOMWindow_setOnblur	void	int64_t peer, int64_t value	void	JAVA_LONG,JAVA_LONG	DOMWindow	setOnblur	-	1	JavaDOMWindow.cpp
wkj_dom_DOMWindow_getOncanplay	int64_t	int64_t peer	JAVA_LONG	JAVA_LONG	DOMWindow	getOncanplay	-	1	JavaDOMWindow.cpp
wkj_dom_DOMWindow_setOncanplay	void	int64_t peer, int64_t value	void	JAVA_LONG,JAVA_LONG	DOMWindow	setOncanplay	-	1	JavaDOMWindow.cpp
wkj_dom_DOMWindow_getOncanplaythrough	int64_t	int64_t peer	JAVA_LONG	JAVA_LONG	DOMWindow	getOncanplaythrough	-	1	JavaDOMWindow.cpp
wkj_dom_DOMWindow_setOncanplaythrough	void	int64_t peer, int64_t value	void	JAVA_LONG,JAVA_LONG	DOMWindow	setOncanplaythrough	-	1	JavaDOMWindow.cpp
wkj_dom_DOMWindow_getOnchange	int64_t	int64_t peer	JAVA_LONG	JAVA_LONG	DOMWindow	getOnchange	-	1	JavaDOMWindow.cpp
wkj_dom_DOMWindow_setOnchange	void	int64_t peer, int64_t value	void	JAVA_LONG,JAVA_LONG	DOMWindow	setOnchange	-	1	JavaDOMWindow.cpp
wkj_dom_DOMWindow_getOnclick	int64_t	int64_t peer	JAVA_LONG	JAVA_LONG	DOMWindow	getOnclick	-	1	JavaDOMWindow.cpp
wkj_dom_DOMWindow_setOnclick	void	int64_t peer, int64_t value	void	JAVA_LONG,JAVA_LONG	DOMWindow	setOnclick	-	1	JavaDOMWindow.cpp
wkj_dom_DOMWindow_getOncontextmenu	int64_t	int64_t peer	JAVA_LONG	JAVA_LONG	DOMWindow	getOncontextmenu	-	1	JavaDOMWindow.cpp
wkj_dom_DOMWindow_setOncontextmenu	void	int64_t peer, int64_t value	void	JAVA_LONG,JAVA_LONG	DOMWindow	setOncontextmenu	-	1	JavaDOMWindow.cpp
wkj_dom_DOMWindow_getOndblclick	int64_t	int64_t peer	JAVA_LONG	JAVA_LONG	DOMWindow	getOndblclick	-	1	JavaDOMWindow.cpp
wkj_dom_DOMWindow_setOndblclick	void	int64_t peer, int64_t value	void	JAVA_LONG,JAVA_LONG	DOMWindow	setOndblclick	-	1	JavaDOMWindow.cpp
wkj_dom_DOMWindow_getOndrag	int64_t	int64_t peer	JAVA_LONG	JAVA_LONG	DOMWindow	getOndrag	-	1	JavaDOMWindow.cpp
wkj_dom_DOMWindow_setOndrag	void	int64_t peer, int64_t value	void	JAVA_LONG,JAVA_LONG	DOMWindow	setOndrag	-	1	JavaDOMWindow.cpp
wkj_dom_DOMWindow_getOndragend	int64_t	int64_t peer	JAVA_LONG	JAVA_LONG	DOMWindow	getOndragend	-	1	JavaDOMWindow.cpp
wkj_dom_DOMWindow_setOndragend	void	int64_t peer, int64_t value	void	JAVA_LONG,JAVA_LONG	DOMWindow	setOndragend	-	1	JavaDOMWindow.cpp
wkj_dom_DOMWindow_getOndragenter	int64_t	int64_t peer	JAVA_LONG	JAVA_LONG	DOMWindow	getOndragenter	-	1	JavaDOMWindow.cpp
wkj_dom_DOMWindow_setOndragenter	void	int64_t peer, int64_t value	void	JAVA_LONG,JAVA_LONG	DOMWindow	setOndragenter	-	1	JavaDOMWindow.cpp
wkj_dom_DOMWindow_getOndragleave	int64_t	int64_t peer	JAVA_LONG	JAVA_LONG	DOMWindow	getOndragleave	-	1	JavaDOMWindow.cpp
wkj_dom_DOMWindow_setOndragleave	void	int64_t peer, int64_t value	void	JAVA_LONG,JAVA_LONG	DOMWindow	setOndragleave	-	1	JavaDOMWindow.cpp
wkj_dom_DOMWindow_getOndragover	int64_t	int64_t peer	JAVA_LONG	JAVA_LONG	DOMWindow	getOndragover	-	1	JavaDOMWindow.cpp
wkj_dom_DOMWindow_setOndragover	void	int64_t peer, int64_t value	void	JAVA_LONG,JAVA_LONG	DOMWindow	setOndragover	-	1	JavaDOMWindow.cpp
wkj_dom_DOMWindow_getOndragstart	int64_t	int64_t peer	JAVA_LONG	JAVA_LONG	DOMWindow	getOndragstart	-	1	JavaDOMWindow.cpp
wkj_dom_DOMWindow_setOndragstart	void	int64_t peer, int64_t value	void	JAVA_LONG,JAVA_LONG	DOMWindow	setOndragstart	-	1	JavaDOMWindow.cpp
wkj_dom_DOMWindow_getOndrop	int64_t	int64_t peer	JAVA_LONG	JAVA_LONG	DOMWindow	getOndrop	-	1	JavaDOMWindow.cpp
wkj_dom_DOMWindow_setOndrop	void	int64_t peer, int64_t value	void	JAVA_LONG,JAVA_LONG	DOMWindow	setOndrop	-	1	JavaDOMWindow.cpp
wkj_dom_DOMWindow_getOndurationchange	int64_t	int64_t peer	JAVA_LONG	JAVA_LONG	DOMWindow	getOndurationchange	-	1	JavaDOMWindow.cpp
wkj_dom_DOMWindow_setOndurationchange	void	int64_t peer, int64_t value	void	JAVA_LONG,JAVA_LONG	DOMWindow	setOndurationchange	-	1	JavaDOMWindow.cpp
wkj_dom_DOMWindow_getOnemptied	int64_t	int64_t peer	JAVA_LONG	JAVA_LONG	DOMWindow	getOnemptied	-	1	JavaDOMWindow.cpp
wkj_dom_DOMWindow_setOnemptied	void	int64_t peer, int64_t value	void	JAVA_LONG,JAVA_LONG	DOMWindow	setOnemptied	-	1	JavaDOMWindow.cpp
wkj_dom_DOMWindow_getOnended	int64_t	int64_t peer	JAVA_LONG	JAVA_LONG	DOMWindow	getOnended	-	1	JavaDOMWindow.cpp
wkj_dom_DOMWindow_setOnended	void	int64_t peer, int64_t value	void	JAVA_LONG,JAVA_LONG	DOMWindow	setOnended	-	1	JavaDOMWindow.cpp
wkj_dom_DOMWindow_getOnerror	int64_t	int64_t peer	JAVA_LONG	JAVA_LONG	DOMWindow	getOnerror	-	1	JavaDOMWindow.cpp
wkj_dom_DOMWindow_setOnerror	void	int64_t peer, int64_t value	void	JAVA_LONG,JAVA_LONG	DOMWindow	setOnerror	-	1	JavaDOMWindow.cpp
wkj_dom_DOMWindow_getOnfocus	int64_t	int64_t peer	JAVA_LONG	JAVA_LONG	DOMWindow	getOnfocus	-	1	JavaDOMWindow.cpp
wkj_dom_DOMWindow_setOnfocus	void	int64_t peer, int64_t value	void	JAVA_LONG,JAVA_LONG	DOMWindow	setOnfocus	-	1	JavaDOMWindow.cpp
wkj_dom_DOMWindow_getOninput	int64_t	int64_t peer	JAVA_LONG	JAVA_LONG	DOMWindow	getOninput	-	1	JavaDOMWindow.cpp
wkj_dom_DOMWindow_setOninput	void	int64_t peer, int64_t value	void	JAVA_LONG,JAVA_LONG	DOMWindow	setOninput	-	1	JavaDOMWindow.cpp
wkj_dom_DOMWindow_getOninvalid	int64_t	int64_t peer	JAVA_LONG	JAVA_LONG	DOMWindow	getOninvalid	-	1	JavaDOMWindow.cpp
wkj_dom_DOMWindow_setOninvalid	void	int64_t peer, int64_t value	void	JAVA_LONG,JAVA_LONG	DOMWindow	setOninvalid	-	1	JavaDOMWindow.cpp
wkj_dom_DOMWindow_getOnkeydown	int64_t	int64_t peer	JAVA_LONG	JAVA_LONG	DOMWindow	getOnkeydown	-	1	JavaDOMWindow.cpp
wkj_dom_DOMWindow_setOnkeydown	void	int64_t peer, int64_t value	void	JAVA_LONG,JAVA_LONG	DOMWindow	setOnkeydown	-	1	JavaDOMWindow.cpp
wkj_dom_DOMWindow_getOnkeypress	int64_t	int64_t peer	JAVA_LONG	JAVA_LONG	DOMWindow	getOnkeypress	-	1	JavaDOMWindow.cpp
wkj_dom_DOMWindow_setOnkeypress	void	int64_t peer, int64_t value	void	JAVA_LONG,JAVA_LONG	DOMWindow	setOnkeypress	-	1	JavaDOMWindow.cpp
wkj_dom_DOMWindow_getOnkeyup	int64_t	int64_t peer	JAVA_LONG	JAVA_LONG	DOMWindow	getOnkeyup	-	1	JavaDOMWindow.cpp
wkj_dom_DOMWindow_setOnkeyup	void	int64_t peer, int64_t value	void	JAVA_LONG,JAVA_LONG	DOMWindow	setOnkeyup	-	1	JavaDOMWindow.cpp
wkj_dom_DOMWindow_getOnload	int64_t	int64_t peer	JAVA_LONG	JAVA_LONG	DOMWindow	getOnload	-	1	JavaDOMWindow.cpp
wkj_dom_DOMWindow_setOnload	void	int64_t peer, int64_t value	void	JAVA_LONG,JAVA_LONG	DOMWindow	setOnload	-	1	JavaDOMWindow.cpp
wkj_dom_DOMWindow_getOnloadeddata	int64_t	int64_t peer	JAVA_LONG	JAVA_LONG	DOMWindow	getOnloadeddata	-	1	JavaDOMWindow.cpp
wkj_dom_DOMWindow_setOnloadeddata	void	int64_t peer, int64_t value	void	JAVA_LONG,JAVA_LONG	DOMWindow	setOnloadeddata	-	1	JavaDOMWindow.cpp
wkj_dom_DOMWindow_getOnloadedmetadata	int64_t	int64_t peer	JAVA_LONG	JAVA_LONG	DOMWindow	getOnloadedmetadata	-	1	JavaDOMWindow.cpp
wkj_dom_DOMWindow_setOnloadedmetadata	void	int64_t peer, int64_t value	void	JAVA_LONG,JAVA_LONG	DOMWindow	setOnloadedmetadata	-	1	JavaDOMWindow.cpp
wkj_dom_DOMWindow_getOnloadstart	int64_t	int64_t peer	JAVA_LONG	JAVA_LONG	DOMWindow	getOnloadstart	-	1	JavaDOMWindow.cpp
wkj_dom_DOMWindow_setOnloadstart	void	int64_t peer, int64_t value	void	JAVA_LONG,JAVA_LONG	DOMWindow	setOnloadstart	-	1	JavaDOMWindow.cpp
wkj_dom_DOMWindow_getOnmousedown	int64_t	int64_t peer	JAVA_LONG	JAVA_LONG	DOMWindow	getOnmousedown	-	1	JavaDOMWindow.cpp
wkj_dom_DOMWindow_setOnmousedown	void	int64_t peer, int64_t value	void	JAVA_LONG,JAVA_LONG	DOMWindow	setOnmousedown	-	1	JavaDOMWindow.cpp
wkj_dom_DOMWindow_getOnmouseenter	int64_t	int64_t peer	JAVA_LONG	JAVA_LONG	DOMWindow	getOnmouseenter	-	1	JavaDOMWindow.cpp
wkj_dom_DOMWindow_setOnmouseenter	void	int64_t peer, int64_t value	void	JAVA_LONG,JAVA_LONG	DOMWindow	setOnmouseenter	-	1	JavaDOMWindow.cpp
wkj_dom_DOMWindow_getOnmouseleave	int64_t	int64_t peer	JAVA_LONG	JAVA_LONG	DOMWindow	getOnmouseleave	-	1	JavaDOMWindow.cpp
wkj_dom_DOMWindow_setOnmouseleave	void	int64_t peer, int64_t value	void	JAVA_LONG,JAVA_LONG	DOMWindow	setOnmouseleave	-	1	JavaDOMWindow.cpp
wkj_dom_DOMWindow_getOnmousemove	int64_t	int64_t peer	JAVA_LONG	JAVA_LONG	DOMWindow	getOnmousemove	-	1	JavaDOMWindow.cpp
wkj_dom_DOMWindow_setOnmousemove	void	int64_t peer, int64_t value	void	JAVA_LONG,JAVA_LONG	DOMWindow	setOnmousemove	-	1	JavaDOMWindow.cpp
wkj_dom_DOMWindow_getOnmouseout	int64_t	int64_t peer	JAVA_LONG	JAVA_LONG	DOMWindow	getOnmouseout	-	1	JavaDOMWindow.cpp
wkj_dom_DOMWindow_setOnmouseout	void	int64_t peer, int64_t value	void	JAVA_LONG,JAVA_LONG	DOMWindow	setOnmouseout	-	1	JavaDOMWindow.cpp
wkj_dom_DOMWindow_getOnmouseover	int64_t	int64_t peer	JAVA_LONG	JAVA_LONG	DOMWindow	getOnmouseover	-	1	JavaDOMWindow.cpp
wkj_dom_DOMWindow_setOnmouseover	void	int64_t peer, int64_t value	void	JAVA_LONG,JAVA_LONG	DOMWindow	setOnmouseover	-	1	JavaDOMWindow.cpp
wkj_dom_DOMWindow_getOnmouseup	int64_t	int64_t peer	JAVA_LONG	JAVA_LONG	DOMWindow	getOnmouseup	-	1	JavaDOMWindow.cpp
wkj_dom_DOMWindow_setOnmouseup	void	int64_t peer, int64_t value	void	JAVA_LONG,JAVA_LONG	DOMWindow	setOnmouseup	-	1	JavaDOMWindow.cpp
wkj_dom_DOMWindow_getOnmousewheel	int64_t	int64_t peer	JAVA_LONG	JAVA_LONG	DOMWindow	getOnmousewheel	-	1	JavaDOMWindow.cpp
wkj_dom_DOMWindow_setOnmousewheel	void	int64_t peer, int64_t value	void	JAVA_LONG,JAVA_LONG	DOMWindow	setOnmousewheel	-	1	JavaDOMWindow.cpp
wkj_dom_DOMWindow_getOnpause	int64_t	int64_t peer	JAVA_LONG	JAVA_LONG	DOMWindow	getOnpause	-	1	JavaDOMWindow.cpp
wkj_dom_DOMWindow_setOnpause	void	int64_t peer, int64_t value	void	JAVA_LONG,JAVA_LONG	DOMWindow	setOnpause	-	1	JavaDOMWindow.cpp
wkj_dom_DOMWindow_getOnplay	int64_t	int64_t peer	JAVA_LONG	JAVA_LONG	DOMWindow	getOnplay	-	1	JavaDOMWindow.cpp
wkj_dom_DOMWindow_setOnplay	void	int64_t peer, int64_t value	void	JAVA_LONG,JAVA_LONG	DOMWindow	setOnplay	-	1	JavaDOMWindow.cpp
wkj_dom_DOMWindow_getOnplaying	int64_t	int64_t peer	JAVA_LONG	JAVA_LONG	DOMWindow	getOnplaying	-	1	JavaDOMWindow.cpp
wkj_dom_DOMWindow_setOnplaying	void	int64_t peer, int64_t value	void	JAVA_LONG,JAVA_LONG	DOMWindow	setOnplaying	-	1	JavaDOMWindow.cpp
wkj_dom_DOMWindow_getOnprogress	int64_t	int64_t peer	JAVA_LONG	JAVA_LONG	DOMWindow	getOnprogress	-	1	JavaDOMWindow.cpp
wkj_dom_DOMWindow_setOnprogress	void	int64_t peer, int64_t value	void	JAVA_LONG,JAVA_LONG	DOMWindow	setOnprogress	-	1	JavaDOMWindow.cpp
wkj_dom_DOMWindow_getOnratechange	int64_t	int64_t peer	JAVA_LONG	JAVA_LONG	DOMWindow	getOnratechange	-	1	JavaDOMWindow.cpp
wkj_dom_DOMWindow_setOnratechange	void	int64_t peer, int64_t value	void	JAVA_LONG,JAVA_LONG	DOMWindow	setOnratechange	-	1	JavaDOMWindow.cpp
wkj_dom_DOMWindow_getOnreset	int64_t	int64_t peer	JAVA_LONG	JAVA_LONG	DOMWindow	getOnreset	-	1	JavaDOMWindow.cpp
wkj_dom_DOMWindow_setOnreset	void	int64_t peer, int64_t value	void	JAVA_LONG,JAVA_LONG	DOMWindow	setOnreset	-	1	JavaDOMWindow.cpp
wkj_dom_DOMWindow_getOnresize	int64_t	int64_t peer	JAVA_LONG	JAVA_LONG	DOMWindow	getOnresize	-	1	JavaDOMWindow.cpp
wkj_dom_DOMWindow_setOnresize	void	int64_t peer, int64_t value	void	JAVA_LONG,JAVA_LONG	DOMWindow	setOnresize	-	1	JavaDOMWindow.cpp
wkj_dom_DOMWindow_getOnscroll	int64_t	int64_t peer	JAVA_LONG	JAVA_LONG	DOMWindow	getOnscroll	-	1	JavaDOMWindow.cpp
wkj_dom_DOMWindow_setOnscroll	void	int64_t peer, int64_t value	void	JAVA_LONG,JAVA_LONG	DOMWindow	setOnscroll	-	1	JavaDOMWindow.cpp
wkj_dom_DOMWindow_getOnseeked	int64_t	int64_t peer	JAVA_LONG	JAVA_LONG	DOMWindow	getOnseeked	-	1	JavaDOMWindow.cpp
wkj_dom_DOMWindow_setOnseeked	void	int64_t peer, int64_t value	void	JAVA_LONG,JAVA_LONG	DOMWindow	setOnseeked	-	1	JavaDOMWindow.cpp
wkj_dom_DOMWindow_getOnseeking	int64_t	int64_t peer	JAVA_LONG	JAVA_LONG	DOMWindow	getOnseeking	-	1	JavaDOMWindow.cpp
wkj_dom_DOMWindow_setOnseeking	void	int64_t peer, int64_t value	void	JAVA_LONG,JAVA_LONG	DOMWindow	setOnseeking	-	1	JavaDOMWindow.cpp
wkj_dom_DOMWindow_getOnselect	int64_t	int64_t peer	JAVA_LONG	JAVA_LONG	DOMWindow	getOnselect	-	1	JavaDOMWindow.cpp
wkj_dom_DOMWindow_setOnselect	void	int64_t peer, int64_t value	void	JAVA_LONG,JAVA_LONG	DOMWindow	setOnselect	-	1	JavaDOMWindow.cpp
wkj_dom_DOMWindow_getOnstalled	int64_t	int64_t peer	JAVA_LONG	JAVA_LONG	DOMWindow	getOnstalled	-	1	JavaDOMWindow.cpp
wkj_dom_DOMWindow_setOnstalled	void	int64_t peer, int64_t value	void	JAVA_LONG,JAVA_LONG	DOMWindow	setOnstalled	-	1	JavaDOMWindow.cpp
wkj_dom_DOMWindow_getOnsubmit	int64_t	int64_t peer	JAVA_LONG	JAVA_LONG	DOMWindow	getOnsubmit	-	1	JavaDOMWindow.cpp
wkj_dom_DOMWindow_setOnsubmit	void	int64_t peer, int64_t value	void	JAVA_LONG,JAVA_LONG	DOMWindow	setOnsubmit	-	1	JavaDOMWindow.cpp
wkj_dom_DOMWindow_getOnsuspend	int64_t	int64_t peer	JAVA_LONG	JAVA_LONG	DOMWindow	getOnsuspend	-	1	JavaDOMWindow.cpp
wkj_dom_DOMWindow_setOnsuspend	void	int64_t peer, int64_t value	void	JAVA_LONG,JAVA_LONG	DOMWindow	setOnsuspend	-	1	JavaDOMWindow.cpp
wkj_dom_DOMWindow_getOntimeupdate	int64_t	int64_t peer	JAVA_LONG	JAVA_LONG	DOMWindow	getOntimeupdate	-	1	JavaDOMWindow.cpp
wkj_dom_DOMWindow_setOntimeupdate	void	int64_t peer, int64_t value	void	JAVA_LONG,JAVA_LONG	DOMWindow	setOntimeupdate	-	1	JavaDOMWindow.cpp
wkj_dom_DOMWindow_getOnvolumechange	int64_t	int64_t peer	JAVA_LONG	JAVA_LONG	DOMWindow	getOnvolumechange	-	1	JavaDOMWindow.cpp
wkj_dom_DOMWindow_setOnvolumechange	void	int64_t peer, int64_t value	void	JAVA_LONG,JAVA_LONG	DOMWindow	setOnvolumechange	-	1	JavaDOMWindow.cpp
wkj_dom_DOMWindow_getOnwaiting	int64_t	int64_t peer	JAVA_LONG	JAVA_LONG	DOMWindow	getOnwaiting	-	1	JavaDOMWindow.cpp
wkj_dom_DOMWindow_setOnwaiting	void	int64_t peer, int64_t value	void	JAVA_LONG,JAVA_LONG	DOMWindow	setOnwaiting	-	1	JavaDOMWindow.cpp
wkj_dom_DOMWindow_getOnwheel	int64_t	int64_t peer	JAVA_LONG	JAVA_LONG	DOMWindow	getOnwheel	-	1	JavaDOMWindow.cpp
wkj_dom_DOMWindow_setOnwheel	void	int64_t peer, int64_t value	void	JAVA_LONG,JAVA_LONG	DOMWindow	setOnwheel	-	1	JavaDOMWindow.cpp
wkj_dom_DOMWindow_getOnbeforeunload	int64_t	int64_t peer	JAVA_LONG	JAVA_LONG	DOMWindow	getOnbeforeunload	-	1	JavaDOMWindow.cpp
wkj_dom_DOMWindow_setOnbeforeunload	void	int64_t peer, int64_t value	void	JAVA_LONG,JAVA_LONG	DOMWindow	setOnbeforeunload	-	1	JavaDOMWindow.cpp
wkj_dom_DOMWindow_getOnhashchange	int64_t	int64_t peer	JAVA_LONG	JAVA_LONG	DOMWindow	getOnhashchange	-	1	JavaDOMWindow.cpp
wkj_dom_DOMWindow_setOnhashchange	void	int64_t peer, int64_t value	void	JAVA_LONG,JAVA_LONG	DOMWindow	setOnhashchange	-	1	JavaDOMWindow.cpp
wkj_dom_DOMWindow_getOnmessage	int64_t	int64_t peer	JAVA_LONG	JAVA_LONG	DOMWindow	getOnmessage	-	1	JavaDOMWindow.cpp
wkj_dom_DOMWindow_setOnmessage	void	int64_t peer, int64_t value	void	JAVA_LONG,JAVA_LONG	DOMWindow	setOnmessage	-	1	JavaDOMWindow.cpp
wkj_dom_DOMWindow_getOnoffline	int64_t	int64_t peer	JAVA_LONG	JAVA_LONG	DOMWindow	getOnoffline	-	1	JavaDOMWindow.cpp
wkj_dom_DOMWindow_setOnoffline	void	int64_t peer, int64_t value	void	JAVA_LONG,JAVA_LONG	DOMWindow	setOnoffline	-	1	JavaDOMWindow.cpp
wkj_dom_DOMWindow_getOnonline	int64_t	int64_t peer	JAVA_LONG	JAVA_LONG	DOMWindow	getOnonline	-	1	JavaDOMWindow.cpp
wkj_dom_DOMWindow_setOnonline	void	int64_t peer, int64_t value	void	JAVA_LONG,JAVA_LONG	DOMWindow	setOnonline	-	1	JavaDOMWindow.cpp
wkj_dom_DOMWindow_getOnpagehide	int64_t	int64_t peer	JAVA_LONG	JAVA_LONG	DOMWindow	getOnpagehide	-	1	JavaDOMWindow.cpp
wkj_dom_DOMWindow_setOnpagehide	void	int64_t peer, int64_t value	void	JAVA_LONG,JAVA_LONG	DOMWindow	setOnpagehide	-	1	JavaDOMWindow.cpp
wkj_dom_DOMWindow_getOnpageshow	int64_t	int64_t peer	JAVA_LONG	JAVA_LONG	DOMWindow	getOnpageshow	-	1	JavaDOMWindow.cpp
wkj_dom_DOMWindow_setOnpageshow	void	int64_t peer, int64_t value	void	JAVA_LONG,JAVA_LONG	DOMWindow	setOnpageshow	-	1	JavaDOMWindow.cpp
wkj_dom_DOMWindow_getOnpopstate	int64_t	int64_t peer	JAVA_LONG	JAVA_LONG	DOMWindow	getOnpopstate	-	1	JavaDOMWindow.cpp
wkj_dom_DOMWindow_setOnpopstate	void	int64_t peer, int64_t value	void	JAVA_LONG,JAVA_LONG	DOMWindow	setOnpopstate	-	1	JavaDOMWindow.cpp
wkj_dom_DOMWindow_getOnstorage	int64_t	int64_t peer	JAVA_LONG	JAVA_LONG	DOMWindow	getOnstorage	-	1	JavaDOMWindow.cpp
wkj_dom_DOMWindow_setOnstorage	void	int64_t peer, int64_t value	void	JAVA_LONG,JAVA_LONG	DOMWindow	setOnstorage	-	1	JavaDOMWindow.cpp
wkj_dom_DOMWindow_getOnunload	int64_t	int64_t peer	JAVA_LONG	JAVA_LONG	DOMWindow	getOnunload	-	1	JavaDOMWindow.cpp
wkj_dom_DOMWindow_setOnunload	void	int64_t peer, int64_t value	void	JAVA_LONG,JAVA_LONG	DOMWindow	setOnunload	-	1	JavaDOMWindow.cpp
wkj_dom_DOMWindow_getSelection	int64_t	int64_t peer	JAVA_LONG	JAVA_LONG	DOMWindow	getSelection	-	1	JavaDOMWindow.cpp
wkj_dom_DOMWindow_focus	void	int64_t peer	void	JAVA_LONG	DOMWindow	focus	-	1	JavaDOMWindow.cpp
wkj_dom_DOMWindow_blur	void	int64_t peer	void	JAVA_LONG	DOMWindow	blur	-	1	JavaDOMWindow.cpp
wkj_dom_DOMWindow_close	void	int64_t peer	void	JAVA_LONG	DOMWindow	close	-	1	JavaDOMWindow.cpp
wkj_dom_DOMWindow_print	void	int64_t peer	void	JAVA_LONG	DOMWindow	print	-	1	JavaDOMWindow.cpp
wkj_dom_DOMWindow_stop	void	int64_t peer	void	JAVA_LONG	DOMWindow	stop	-	1	JavaDOMWindow.cpp
wkj_dom_DOMWindow_alert	void	int64_t peer, const uint16_t* message, int32_t message_length	void	JAVA_LONG,ADDRESS,JAVA_INT	DOMWindow	alert	-	1	JavaDOMWindow.cpp
wkj_dom_DOMWindow_confirm	int32_t	int64_t peer, const uint16_t* message, int32_t message_length	JAVA_INT	JAVA_LONG,ADDRESS,JAVA_INT	DOMWindow	confirm	-	1	JavaDOMWindow.cpp
wkj_dom_DOMWindow_prompt	int32_t	int64_t peer, const uint16_t* message, int32_t message_length, const uint16_t* defaultValue, int32_t defaultValue_length, uint16_t* result_buf, int32_t result_cap, int32_t* result_length	JAVA_INT	JAVA_LONG,ADDRESS,JAVA_INT,ADDRESS,JAVA_INT,ADDRESS,JAVA_INT,ADDRESS	DOMWindow	prompt	-	1	JavaDOMWindow.cpp
wkj_dom_DOMWindow_find	int32_t	int64_t peer, const uint16_t* string, int32_t string_length, int32_t caseSensitive, int32_t backwards, int32_t wrap, int32_t wholeWord, int32_t searchInFrames, int32_t showDialog	JAVA_INT	JAVA_LONG,ADDRESS,JAVA_INT,JAVA_INT,JAVA_INT,JAVA_INT,JAVA_INT,JAVA_INT,JAVA_INT	DOMWindow	find	-	1	JavaDOMWindow.cpp
wkj_dom_DOMWindow_scrollBy	void	int64_t peer, int32_t x, int32_t y	void	JAVA_LONG,JAVA_INT,JAVA_INT	DOMWindow	scrollBy	-	1	JavaDOMWindow.cpp
wkj_dom_DOMWindow_scrollTo	void	int64_t peer, int32_t x, int32_t y	void	JAVA_LONG,JAVA_INT,JAVA_INT	DOMWindow	scrollTo	-	1	JavaDOMWindow.cpp
wkj_dom_DOMWindow_scroll	void	int64_t peer, int32_t x, int32_t y	void	JAVA_LONG,JAVA_INT,JAVA_INT	DOMWindow	scroll	-	1	JavaDOMWindow.cpp
wkj_dom_DOMWindow_moveBy	void	int64_t peer, float x, float y	void	JAVA_LONG,JAVA_FLOAT,JAVA_FLOAT	DOMWindow	moveBy	-	1	JavaDOMWindow.cpp
wkj_dom_DOMWindow_moveTo	void	int64_t peer, float x, float y	void	JAVA_LONG,JAVA_FLOAT,JAVA_FLOAT	DOMWindow	moveTo	-	1	JavaDOMWindow.cpp
wkj_dom_DOMWindow_resizeBy	void	int64_t peer, float x, float y	void	JAVA_LONG,JAVA_FLOAT,JAVA_FLOAT	DOMWindow	resizeBy	-	1	JavaDOMWindow.cpp
wkj_dom_DOMWindow_resizeTo	void	int64_t peer, float width, float height	void	JAVA_LONG,JAVA_FLOAT,JAVA_FLOAT	DOMWindow	resizeTo	-	1	JavaDOMWindow.cpp
wkj_dom_DOMWindow_getComputedStyle	int64_t	int64_t peer, int64_t element, const uint16_t* pseudoElement, int32_t pseudoElement_length	JAVA_LONG	JAVA_LONG,JAVA_LONG,ADDRESS,JAVA_INT	DOMWindow	getComputedStyle	THROWS	1	JavaDOMWindow.cpp
wkj_dom_DOMWindow_captureEvents	void	int64_t peer	void	JAVA_LONG	DOMWindow	captureEvents	-	1	JavaDOMWindow.cpp
wkj_dom_DOMWindow_releaseEvents	void	int64_t peer	void	JAVA_LONG	DOMWindow	releaseEvents	-	1	JavaDOMWindow.cpp
wkj_dom_DOMWindow_addEventListener	void	int64_t peer, const uint16_t* type, int32_t type_length, int64_t listener, int32_t useCapture	void	JAVA_LONG,ADDRESS,JAVA_INT,JAVA_LONG,JAVA_INT	DOMWindow	addEventListener	-	1	JavaDOMWindow.cpp
wkj_dom_DOMWindow_removeEventListener	void	int64_t peer, const uint16_t* type, int32_t type_length, int64_t listener, int32_t useCapture	void	JAVA_LONG,ADDRESS,JAVA_INT,JAVA_LONG,JAVA_INT	DOMWindow	removeEventListener	-	1	JavaDOMWindow.cpp
wkj_dom_DOMWindow_dispatchEvent	int32_t	int64_t peer, int64_t event	JAVA_INT	JAVA_LONG,JAVA_LONG	DOMWindow	dispatchEvent	THROWS	1	JavaDOMWindow.cpp
wkj_dom_DOMWindow_atob	int32_t	int64_t peer, const uint16_t* string, int32_t string_length, uint16_t* result_buf, int32_t result_cap, int32_t* result_length	JAVA_INT	JAVA_LONG,ADDRESS,JAVA_INT,ADDRESS,JAVA_INT,ADDRESS	DOMWindow	atob	THROWS	1	JavaDOMWindow.cpp
wkj_dom_DOMWindow_btoa	int32_t	int64_t peer, const uint16_t* string, int32_t string_length, uint16_t* result_buf, int32_t result_cap, int32_t* result_length	JAVA_INT	JAVA_LONG,ADDRESS,JAVA_INT,ADDRESS,JAVA_INT,ADDRESS	DOMWindow	btoa	THROWS	1	JavaDOMWindow.cpp
wkj_dom_DOMWindow_clearTimeout	void	int64_t peer, int32_t handle	void	JAVA_LONG,JAVA_INT	DOMWindow	clearTimeout	-	1	JavaDOMWindow.cpp
wkj_dom_DOMWindow_clearInterval	void	int64_t peer, int32_t handle	void	JAVA_LONG,JAVA_INT	DOMWindow	clearInterval	-	1	JavaDOMWindow.cpp
wkj_dom_Document_isHTMLDocument	int32_t	int64_t peer	JAVA_INT	JAVA_LONG	Document	isHTMLDocument	-	1	JavaDocument.cpp
wkj_dom_Document_getDoctype	int64_t	int64_t peer	JAVA_LONG	JAVA_LONG	Document	getDoctype	-	1	JavaDocument.cpp
wkj_dom_Document_getImplementation	int64_t	int64_t peer	JAVA_LONG	JAVA_LONG	Document	getImplementation	-	1	JavaDocument.cpp
wkj_dom_Document_getDocumentElement	int64_t	int64_t peer	JAVA_LONG	JAVA_LONG	Document	getDocumentElement	-	1	JavaDocument.cpp
wkj_dom_Document_getInputEncoding	int32_t	int64_t peer, uint16_t* result_buf, int32_t result_cap, int32_t* result_length	JAVA_INT	JAVA_LONG,ADDRESS,JAVA_INT,ADDRESS	Document	getInputEncoding	-	1	JavaDocument.cpp
wkj_dom_Document_getXmlEncoding	int32_t	int64_t peer, uint16_t* result_buf, int32_t result_cap, int32_t* result_length	JAVA_INT	JAVA_LONG,ADDRESS,JAVA_INT,ADDRESS	Document	getXmlEncoding	-	1	JavaDocument.cpp
wkj_dom_Document_getXmlVersion	int32_t	int64_t peer, uint16_t* result_buf, int32_t result_cap, int32_t* result_length	JAVA_INT	JAVA_LONG,ADDRESS,JAVA_INT,ADDRESS	Document	getXmlVersion	-	1	JavaDocument.cpp
wkj_dom_Document_setXmlVersion	void	int64_t peer, const uint16_t* value, int32_t value_length	void	JAVA_LONG,ADDRESS,JAVA_INT	Document	setXmlVersion	-	1	JavaDocument.cpp
wkj_dom_Document_getXmlStandalone	int32_t	int64_t peer	JAVA_INT	JAVA_LONG	Document	getXmlStandalone	-	1	JavaDocument.cpp
wkj_dom_Document_setXmlStandalone	void	int64_t peer, int32_t value	void	JAVA_LONG,JAVA_INT	Document	setXmlStandalone	-	1	JavaDocument.cpp
wkj_dom_Document_getDocumentURI	int32_t	int64_t peer, uint16_t* result_buf, int32_t result_cap, int32_t* result_length	JAVA_INT	JAVA_LONG,ADDRESS,JAVA_INT,ADDRESS	Document	getDocumentURI	-	1	JavaDocument.cpp
wkj_dom_Document_setDocumentURI	void	int64_t peer, const uint16_t* value, int32_t value_length	void	JAVA_LONG,ADDRESS,JAVA_INT	Document	setDocumentURI	-	1	JavaDocument.cpp
wkj_dom_Document_getDefaultView	int64_t	int64_t peer	JAVA_LONG	JAVA_LONG	Document	getDefaultView	-	1	JavaDocument.cpp
wkj_dom_Document_getStyleSheets	int64_t	int64_t peer	JAVA_LONG	JAVA_LONG	Document	getStyleSheets	-	1	JavaDocument.cpp
wkj_dom_Document_getContentType	int32_t	int64_t peer, uint16_t* result_buf, int32_t result_cap, int32_t* result_length	JAVA_INT	JAVA_LONG,ADDRESS,JAVA_INT,ADDRESS	Document	getContentType	-	1	JavaDocument.cpp
wkj_dom_Document_getTitle	int32_t	int64_t peer, uint16_t* result_buf, int32_t result_cap, int32_t* result_length	JAVA_INT	JAVA_LONG,ADDRESS,JAVA_INT,ADDRESS	Document	getTitle	-	1	JavaDocument.cpp
wkj_dom_Document_setTitle	void	int64_t peer, const uint16_t* value, int32_t value_length	void	JAVA_LONG,ADDRESS,JAVA_INT	Document	setTitle	-	1	JavaDocument.cpp
wkj_dom_Document_getReferrer	int32_t	int64_t peer, uint16_t* result_buf, int32_t result_cap, int32_t* result_length	JAVA_INT	JAVA_LONG,ADDRESS,JAVA_INT,ADDRESS	Document	getReferrer	-	1	JavaDocument.cpp
wkj_dom_Document_getDomain	int32_t	int64_t peer, uint16_t* result_buf, int32_t result_cap, int32_t* result_length	JAVA_INT	JAVA_LONG,ADDRESS,JAVA_INT,ADDRESS	Document	getDomain	-	1	JavaDocument.cpp
wkj_dom_Document_getURL	int32_t	int64_t peer, uint16_t* result_buf, int32_t result_cap, int32_t* result_length	JAVA_INT	JAVA_LONG,ADDRESS,JAVA_INT,ADDRESS	Document	getURL	-	1	JavaDocument.cpp
wkj_dom_Document_getCookie	int32_t	int64_t peer, uint16_t* result_buf, int32_t result_cap, int32_t* result_length	JAVA_INT	JAVA_LONG,ADDRESS,JAVA_INT,ADDRESS	Document	getCookie	THROWS	1	JavaDocument.cpp
wkj_dom_Document_setCookie	void	int64_t peer, const uint16_t* value, int32_t value_length	void	JAVA_LONG,ADDRESS,JAVA_INT	Document	setCookie	-	1	JavaDocument.cpp
wkj_dom_Document_getBody	int64_t	int64_t peer	JAVA_LONG	JAVA_LONG	Document	getBody	-	1	JavaDocument.cpp
wkj_dom_Document_setBody	void	int64_t peer, int64_t value	void	JAVA_LONG,JAVA_LONG	Document	setBody	-	1	JavaDocument.cpp
wkj_dom_Document_getHead	int64_t	int64_t peer	JAVA_LONG	JAVA_LONG	Document	getHead	-	1	JavaDocument.cpp
wkj_dom_Document_getImages	int64_t	int64_t peer	JAVA_LONG	JAVA_LONG	Document	getImages	-	1	JavaDocument.cpp
wkj_dom_Document_getApplets	int64_t	int64_t peer	JAVA_LONG	JAVA_LONG	Document	getApplets	-	1	JavaDocument.cpp
wkj_dom_Document_getLinks	int64_t	int64_t peer	JAVA_LONG	JAVA_LONG	Document	getLinks	-	1	JavaDocument.cpp
wkj_dom_Document_getForms	int64_t	int64_t peer	JAVA_LONG	JAVA_LONG	Document	getForms	-	1	JavaDocument.cpp
wkj_dom_Document_getAnchors	int64_t	int64_t peer	JAVA_LONG	JAVA_LONG	Document	getAnchors	-	1	JavaDocument.cpp
wkj_dom_Document_getLastModified	int32_t	int64_t peer, uint16_t* result_buf, int32_t result_cap, int32_t* result_length	JAVA_INT	JAVA_LONG,ADDRESS,JAVA_INT,ADDRESS	Document	getLastModified	-	1	JavaDocument.cpp
wkj_dom_Document_getCharset	int32_t	int64_t peer, uint16_t* result_buf, int32_t result_cap, int32_t* result_length	JAVA_INT	JAVA_LONG,ADDRESS,JAVA_INT,ADDRESS	Document	getCharset	-	1	JavaDocument.cpp
wkj_dom_Document_getDefaultCharset	int32_t	int64_t peer, uint16_t* result_buf, int32_t result_cap, int32_t* result_length	JAVA_INT	JAVA_LONG,ADDRESS,JAVA_INT,ADDRESS	Document	getDefaultCharset	-	1	JavaDocument.cpp
wkj_dom_Document_getReadyState	int32_t	int64_t peer, uint16_t* result_buf, int32_t result_cap, int32_t* result_length	JAVA_INT	JAVA_LONG,ADDRESS,JAVA_INT,ADDRESS	Document	getReadyState	-	1	JavaDocument.cpp
wkj_dom_Document_getCharacterSet	int32_t	int64_t peer, uint16_t* result_buf, int32_t result_cap, int32_t* result_length	JAVA_INT	JAVA_LONG,ADDRESS,JAVA_INT,ADDRESS	Document	getCharacterSet	-	1	JavaDocument.cpp
wkj_dom_Document_getPreferredStylesheetSet	int32_t	int64_t arg0, uint16_t* result_buf, int32_t result_cap, int32_t* result_length	JAVA_INT	JAVA_LONG,ADDRESS,JAVA_INT,ADDRESS	Document	getPreferredStylesheetSet	-	1	JavaDocument.cpp
wkj_dom_Document_getSelectedStylesheetSet	int32_t	int64_t arg0, uint16_t* result_buf, int32_t result_cap, int32_t* result_length	JAVA_INT	JAVA_LONG,ADDRESS,JAVA_INT,ADDRESS	Document	getSelectedStylesheetSet	-	1	JavaDocument.cpp
wkj_dom_Document_setSelectedStylesheetSet	void	int64_t arg0, const uint16_t* arg1, int32_t arg1_length	void	JAVA_LONG,ADDRESS,JAVA_INT	Document	setSelectedStylesheetSet	-	1	JavaDocument.cpp
wkj_dom_Document_getActiveElement	int64_t	int64_t peer	JAVA_LONG	JAVA_LONG	Document	getActiveElement	-	1	JavaDocument.cpp
wkj_dom_Document_getCompatMode	int32_t	int64_t peer, uint16_t* result_buf, int32_t result_cap, int32_t* result_length	JAVA_INT	JAVA_LONG,ADDRESS,JAVA_INT,ADDRESS	Document	getCompatMode	-	1	JavaDocument.cpp
wkj_dom_Document_getVisibilityState	int32_t	int64_t peer, uint16_t* result_buf, int32_t result_cap, int32_t* result_length	JAVA_INT	JAVA_LONG,ADDRESS,JAVA_INT,ADDRESS	Document	getVisibilityState	-	1	JavaDocument.cpp
wkj_dom_Document_getHidden	int32_t	int64_t peer	JAVA_INT	JAVA_LONG	Document	getHidden	-	1	JavaDocument.cpp
wkj_dom_Document_getCurrentScript	int64_t	int64_t peer	JAVA_LONG	JAVA_LONG	Document	getCurrentScript	-	1	JavaDocument.cpp
wkj_dom_Document_getOrigin	int32_t	int64_t peer, uint16_t* result_buf, int32_t result_cap, int32_t* result_length	JAVA_INT	JAVA_LONG,ADDRESS,JAVA_INT,ADDRESS	Document	getOrigin	-	1	JavaDocument.cpp
wkj_dom_Document_getScrollingElement	int64_t	int64_t peer	JAVA_LONG	JAVA_LONG	Document	getScrollingElement	-	1	JavaDocument.cpp
wkj_dom_Document_getOnbeforecopy	int64_t	int64_t peer	JAVA_LONG	JAVA_LONG	Document	getOnbeforecopy	-	1	JavaDocument.cpp
wkj_dom_Document_setOnbeforecopy	void	int64_t peer, int64_t value	void	JAVA_LONG,JAVA_LONG	Document	setOnbeforecopy	-	1	JavaDocument.cpp
wkj_dom_Document_getOnbeforecut	int64_t	int64_t peer	JAVA_LONG	JAVA_LONG	Document	getOnbeforecut	-	1	JavaDocument.cpp
wkj_dom_Document_setOnbeforecut	void	int64_t peer, int64_t value	void	JAVA_LONG,JAVA_LONG	Document	setOnbeforecut	-	1	JavaDocument.cpp
wkj_dom_Document_getOnbeforepaste	int64_t	int64_t peer	JAVA_LONG	JAVA_LONG	Document	getOnbeforepaste	-	1	JavaDocument.cpp
wkj_dom_Document_setOnbeforepaste	void	int64_t peer, int64_t value	void	JAVA_LONG,JAVA_LONG	Document	setOnbeforepaste	-	1	JavaDocument.cpp
wkj_dom_Document_getOncopy	int64_t	int64_t peer	JAVA_LONG	JAVA_LONG	Document	getOncopy	-	1	JavaDocument.cpp
wkj_dom_Document_setOncopy	void	int64_t peer, int64_t value	void	JAVA_LONG,JAVA_LONG	Document	setOncopy	-	1	JavaDocument.cpp
wkj_dom_Document_getOncut	int64_t	int64_t peer	JAVA_LONG	JAVA_LONG	Document	getOncut	-	1	JavaDocument.cpp
wkj_dom_Document_setOncut	void	int64_t peer, int64_t value	void	JAVA_LONG,JAVA_LONG	Document	setOncut	-	1	JavaDocument.cpp
wkj_dom_Document_getOnpaste	int64_t	int64_t peer	JAVA_LONG	JAVA_LONG	Document	getOnpaste	-	1	JavaDocument.cpp
wkj_dom_Document_setOnpaste	void	int64_t peer, int64_t value	void	JAVA_LONG,JAVA_LONG	Document	setOnpaste	-	1	JavaDocument.cpp
wkj_dom_Document_getOnselectstart	int64_t	int64_t peer	JAVA_LONG	JAVA_LONG	Document	getOnselectstart	-	1	JavaDocument.cpp
wkj_dom_Document_setOnselectstart	void	int64_t peer, int64_t value	void	JAVA_LONG,JAVA_LONG	Document	setOnselectstart	-	1	JavaDocument.cpp
wkj_dom_Document_getOnselectionchange	int64_t	int64_t peer	JAVA_LONG	JAVA_LONG	Document	getOnselectionchange	-	1	JavaDocument.cpp
wkj_dom_Document_setOnselectionchange	void	int64_t peer, int64_t value	void	JAVA_LONG,JAVA_LONG	Document	setOnselectionchange	-	1	JavaDocument.cpp
wkj_dom_Document_getOnreadystatechange	int64_t	int64_t peer	JAVA_LONG	JAVA_LONG	Document	getOnreadystatechange	-	1	JavaDocument.cpp
wkj_dom_Document_setOnreadystatechange	void	int64_t peer, int64_t value	void	JAVA_LONG,JAVA_LONG	Document	setOnreadystatechange	-	1	JavaDocument.cpp
wkj_dom_Document_getOnabort	int64_t	int64_t peer	JAVA_LONG	JAVA_LONG	Document	getOnabort	-	1	JavaDocument.cpp
wkj_dom_Document_setOnabort	void	int64_t peer, int64_t value	void	JAVA_LONG,JAVA_LONG	Document	setOnabort	-	1	JavaDocument.cpp
wkj_dom_Document_getOnblur	int64_t	int64_t peer	JAVA_LONG	JAVA_LONG	Document	getOnblur	-	1	JavaDocument.cpp
wkj_dom_Document_setOnblur	void	int64_t peer, int64_t value	void	JAVA_LONG,JAVA_LONG	Document	setOnblur	-	1	JavaDocument.cpp
wkj_dom_Document_getOncanplay	int64_t	int64_t peer	JAVA_LONG	JAVA_LONG	Document	getOncanplay	-	1	JavaDocument.cpp
wkj_dom_Document_setOncanplay	void	int64_t peer, int64_t value	void	JAVA_LONG,JAVA_LONG	Document	setOncanplay	-	1	JavaDocument.cpp
wkj_dom_Document_getOncanplaythrough	int64_t	int64_t peer	JAVA_LONG	JAVA_LONG	Document	getOncanplaythrough	-	1	JavaDocument.cpp
wkj_dom_Document_setOncanplaythrough	void	int64_t peer, int64_t value	void	JAVA_LONG,JAVA_LONG	Document	setOncanplaythrough	-	1	JavaDocument.cpp
wkj_dom_Document_getOnchange	int64_t	int64_t peer	JAVA_LONG	JAVA_LONG	Document	getOnchange	-	1	JavaDocument.cpp
wkj_dom_Document_setOnchange	void	int64_t peer, int64_t value	void	JAVA_LONG,JAVA_LONG	Document	setOnchange	-	1	JavaDocument.cpp
wkj_dom_Document_getOnclick	int64_t	int64_t peer	JAVA_LONG	JAVA_LONG	Document	getOnclick	-	1	JavaDocument.cpp
wkj_dom_Document_setOnclick	void	int64_t peer, int64_t value	void	JAVA_LONG,JAVA_LONG	Document	setOnclick	-	1	JavaDocument.cpp
wkj_dom_Document_getOncontextmenu	int64_t	int64_t peer	JAVA_LONG	JAVA_LONG	Document	getOncontextmenu	-	1	JavaDocument.cpp
wkj_dom_Document_setOncontextmenu	void	int64_t peer, int64_t value	void	JAVA_LONG,JAVA_LONG	Document	setOncontextmenu	-	1	JavaDocument.cpp
wkj_dom_Document_getOndblclick	int64_t	int64_t peer	JAVA_LONG	JAVA_LONG	Document	getOndblclick	-	1	JavaDocument.cpp
wkj_dom_Document_setOndblclick	void	int64_t peer, int64_t value	void	JAVA_LONG,JAVA_LONG	Document	setOndblclick	-	1	JavaDocument.cpp
wkj_dom_Document_getOndrag	int64_t	int64_t peer	JAVA_LONG	JAVA_LONG	Document	getOndrag	-	1	JavaDocument.cpp
wkj_dom_Document_setOndrag	void	int64_t peer, int64_t value	void	JAVA_LONG,JAVA_LONG	Document	setOndrag	-	1	JavaDocument.cpp
wkj_dom_Document_getOndragend	int64_t	int64_t peer	JAVA_LONG	JAVA_LONG	Document	getOndragend	-	1	JavaDocument.cpp
wkj_dom_Document_setOndragend	void	int64_t peer, int64_t value	void	JAVA_LONG,JAVA_LONG	Document	setOndragend	-	1	JavaDocument.cpp
wkj_dom_Document_getOndragenter	int64_t	int64_t peer	JAVA_LONG	JAVA_LONG	Document	getOndragenter	-	1	JavaDocument.cpp
wkj_dom_Document_setOndragenter	void	int64_t peer, int64_t value	void	JAVA_LONG,JAVA_LONG	Document	setOndragenter	-	1	JavaDocument.cpp
wkj_dom_Document_getOndragleave	int64_t	int64_t peer	JAVA_LONG	JAVA_LONG	Document	getOndragleave	-	1	JavaDocument.cpp
wkj_dom_Document_setOndragleave	void	int64_t peer, int64_t value	void	JAVA_LONG,JAVA_LONG	Document	setOndragleave	-	1	JavaDocument.cpp
wkj_dom_Document_getOndragover	int64_t	int64_t peer	JAVA_LONG	JAVA_LONG	Document	getOndragover	-	1	JavaDocument.cpp
wkj_dom_Document_setOndragover	void	int64_t peer, int64_t value	void	JAVA_LONG,JAVA_LONG	Document	setOndragover	-	1	JavaDocument.cpp
wkj_dom_Document_getOndragstart	int64_t	int64_t peer	JAVA_LONG	JAVA_LONG	Document	getOndragstart	-	1	JavaDocument.cpp
wkj_dom_Document_setOndragstart	void	int64_t peer, int64_t value	void	JAVA_LONG,JAVA_LONG	Document	setOndragstart	-	1	JavaDocument.cpp
wkj_dom_Document_getOndrop	int64_t	int64_t peer	JAVA_LONG	JAVA_LONG	Document	getOndrop	-	1	JavaDocument.cpp
wkj_dom_Document_setOndrop	void	int64_t peer, int64_t value	void	JAVA_LONG,JAVA_LONG	Document	setOndrop	-	1	JavaDocument.cpp
wkj_dom_Document_getOndurationchange	int64_t	int64_t peer	JAVA_LONG	JAVA_LONG	Document	getOndurationchange	-	1	JavaDocument.cpp
wkj_dom_Document_setOndurationchange	void	int64_t peer, int64_t value	void	JAVA_LONG,JAVA_LONG	Document	setOndurationchange	-	1	JavaDocument.cpp
wkj_dom_Document_getOnemptied	int64_t	int64_t peer	JAVA_LONG	JAVA_LONG	Document	getOnemptied	-	1	JavaDocument.cpp
wkj_dom_Document_setOnemptied	void	int64_t peer, int64_t value	void	JAVA_LONG,JAVA_LONG	Document	setOnemptied	-	1	JavaDocument.cpp
wkj_dom_Document_getOnended	int64_t	int64_t peer	JAVA_LONG	JAVA_LONG	Document	getOnended	-	1	JavaDocument.cpp
wkj_dom_Document_setOnended	void	int64_t peer, int64_t value	void	JAVA_LONG,JAVA_LONG	Document	setOnended	-	1	JavaDocument.cpp
wkj_dom_Document_getOnerror	int64_t	int64_t peer	JAVA_LONG	JAVA_LONG	Document	getOnerror	-	1	JavaDocument.cpp
wkj_dom_Document_setOnerror	void	int64_t peer, int64_t value	void	JAVA_LONG,JAVA_LONG	Document	setOnerror	-	1	JavaDocument.cpp
wkj_dom_Document_getOnfocus	int64_t	int64_t peer	JAVA_LONG	JAVA_LONG	Document	getOnfocus	-	1	JavaDocument.cpp
wkj_dom_Document_setOnfocus	void	int64_t peer, int64_t value	void	JAVA_LONG,JAVA_LONG	Document	setOnfocus	-	1	JavaDocument.cpp
wkj_dom_Document_getOninput	int64_t	int64_t peer	JAVA_LONG	JAVA_LONG	Document	getOninput	-	1	JavaDocument.cpp
wkj_dom_Document_setOninput	void	int64_t peer, int64_t value	void	JAVA_LONG,JAVA_LONG	Document	setOninput	-	1	JavaDocument.cpp
wkj_dom_Document_getOninvalid	int64_t	int64_t peer	JAVA_LONG	JAVA_LONG	Document	getOninvalid	-	1	JavaDocument.cpp
wkj_dom_Document_setOninvalid	void	int64_t peer, int64_t value	void	JAVA_LONG,JAVA_LONG	Document	setOninvalid	-	1	JavaDocument.cpp
wkj_dom_Document_getOnkeydown	int64_t	int64_t peer	JAVA_LONG	JAVA_LONG	Document	getOnkeydown	-	1	JavaDocument.cpp
wkj_dom_Document_setOnkeydown	void	int64_t peer, int64_t value	void	JAVA_LONG,JAVA_LONG	Document	setOnkeydown	-	1	JavaDocument.cpp
wkj_dom_Document_getOnkeypress	int64_t	int64_t peer	JAVA_LONG	JAVA_LONG	Document	getOnkeypress	-	1	JavaDocument.cpp
wkj_dom_Document_setOnkeypress	void	int64_t peer, int64_t value	void	JAVA_LONG,JAVA_LONG	Document	setOnkeypress	-	1	JavaDocument.cpp
wkj_dom_Document_getOnkeyup	int64_t	int64_t peer	JAVA_LONG	JAVA_LONG	Document	getOnkeyup	-	1	JavaDocument.cpp
wkj_dom_Document_setOnkeyup	void	int64_t peer, int64_t value	void	JAVA_LONG,JAVA_LONG	Document	setOnkeyup	-	1	JavaDocument.cpp
wkj_dom_Document_getOnload	int64_t	int64_t peer	JAVA_LONG	JAVA_LONG	Document	getOnload	-	1	JavaDocument.cpp
wkj_dom_Document_setOnload	void	int64_t peer, int64_t value	void	JAVA_LONG,JAVA_LONG	Document	setOnload	-	1	JavaDocument.cpp
wkj_dom_Document_getOnloadeddata	int64_t	int64_t peer	JAVA_LONG	JAVA_LONG	Document	getOnloadeddata	-	1	JavaDocument.cpp
wkj_dom_Document_setOnloadeddata	void	int64_t peer, int64_t value	void	JAVA_LONG,JAVA_LONG	Document	setOnloadeddata	-	1	JavaDocument.cpp
wkj_dom_Document_getOnloadedmetadata	int64_t	int64_t peer	JAVA_LONG	JAVA_LONG	Document	getOnloadedmetadata	-	1	JavaDocument.cpp
wkj_dom_Document_setOnloadedmetadata	void	int64_t peer, int64_t value	void	JAVA_LONG,JAVA_LONG	Document	setOnloadedmetadata	-	1	JavaDocument.cpp
wkj_dom_Document_getOnloadstart	int64_t	int64_t peer	JAVA_LONG	JAVA_LONG	Document	getOnloadstart	-	1	JavaDocument.cpp
wkj_dom_Document_setOnloadstart	void	int64_t peer, int64_t value	void	JAVA_LONG,JAVA_LONG	Document	setOnloadstart	-	1	JavaDocument.cpp
wkj_dom_Document_getOnmousedown	int64_t	int64_t peer	JAVA_LONG	JAVA_LONG	Document	getOnmousedown	-	1	JavaDocument.cpp
wkj_dom_Document_setOnmousedown	void	int64_t peer, int64_t value	void	JAVA_LONG,JAVA_LONG	Document	setOnmousedown	-	1	JavaDocument.cpp
wkj_dom_Document_getOnmouseenter	int64_t	int64_t peer	JAVA_LONG	JAVA_LONG	Document	getOnmouseenter	-	1	JavaDocument.cpp
wkj_dom_Document_setOnmouseenter	void	int64_t peer, int64_t value	void	JAVA_LONG,JAVA_LONG	Document	setOnmouseenter	-	1	JavaDocument.cpp
wkj_dom_Document_getOnmouseleave	int64_t	int64_t peer	JAVA_LONG	JAVA_LONG	Document	getOnmouseleave	-	1	JavaDocument.cpp
wkj_dom_Document_setOnmouseleave	void	int64_t peer, int64_t value	void	JAVA_LONG,JAVA_LONG	Document	setOnmouseleave	-	1	JavaDocument.cpp
wkj_dom_Document_getOnmousemove	int64_t	int64_t peer	JAVA_LONG	JAVA_LONG	Document	getOnmousemove	-	1	JavaDocument.cpp
wkj_dom_Document_setOnmousemove	void	int64_t peer, int64_t value	void	JAVA_LONG,JAVA_LONG	Document	setOnmousemove	-	1	JavaDocument.cpp
wkj_dom_Document_getOnmouseout	int64_t	int64_t peer	JAVA_LONG	JAVA_LONG	Document	getOnmouseout	-	1	JavaDocument.cpp
wkj_dom_Document_setOnmouseout	void	int64_t peer, int64_t value	void	JAVA_LONG,JAVA_LONG	Document	setOnmouseout	-	1	JavaDocument.cpp
wkj_dom_Document_getOnmouseover	int64_t	int64_t peer	JAVA_LONG	JAVA_LONG	Document	getOnmouseover	-	1	JavaDocument.cpp
wkj_dom_Document_setOnmouseover	void	int64_t peer, int64_t value	void	JAVA_LONG,JAVA_LONG	Document	setOnmouseover	-	1	JavaDocument.cpp
wkj_dom_Document_getOnmouseup	int64_t	int64_t peer	JAVA_LONG	JAVA_LONG	Document	getOnmouseup	-	1	JavaDocument.cpp
wkj_dom_Document_setOnmouseup	void	int64_t peer, int64_t value	void	JAVA_LONG,JAVA_LONG	Document	setOnmouseup	-	1	JavaDocument.cpp
wkj_dom_Document_getOnmousewheel	int64_t	int64_t peer	JAVA_LONG	JAVA_LONG	Document	getOnmousewheel	-	1	JavaDocument.cpp
wkj_dom_Document_setOnmousewheel	void	int64_t peer, int64_t value	void	JAVA_LONG,JAVA_LONG	Document	setOnmousewheel	-	1	JavaDocument.cpp
wkj_dom_Document_getOnpause	int64_t	int64_t peer	JAVA_LONG	JAVA_LONG	Document	getOnpause	-	1	JavaDocument.cpp
wkj_dom_Document_setOnpause	void	int64_t peer, int64_t value	void	JAVA_LONG,JAVA_LONG	Document	setOnpause	-	1	JavaDocument.cpp
wkj_dom_Document_getOnplay	int64_t	int64_t peer	JAVA_LONG	JAVA_LONG	Document	getOnplay	-	1	JavaDocument.cpp
wkj_dom_Document_setOnplay	void	int64_t peer, int64_t value	void	JAVA_LONG,JAVA_LONG	Document	setOnplay	-	1	JavaDocument.cpp
wkj_dom_Document_getOnplaying	int64_t	int64_t peer	JAVA_LONG	JAVA_LONG	Document	getOnplaying	-	1	JavaDocument.cpp
wkj_dom_Document_setOnplaying	void	int64_t peer, int64_t value	void	JAVA_LONG,JAVA_LONG	Document	setOnplaying	-	1	JavaDocument.cpp
wkj_dom_Document_getOnprogress	int64_t	int64_t peer	JAVA_LONG	JAVA_LONG	Document	getOnprogress	-	1	JavaDocument.cpp
wkj_dom_Document_setOnprogress	void	int64_t peer, int64_t value	void	JAVA_LONG,JAVA_LONG	Document	setOnprogress	-	1	JavaDocument.cpp
wkj_dom_Document_getOnratechange	int64_t	int64_t peer	JAVA_LONG	JAVA_LONG	Document	getOnratechange	-	1	JavaDocument.cpp
wkj_dom_Document_setOnratechange	void	int64_t peer, int64_t value	void	JAVA_LONG,JAVA_LONG	Document	setOnratechange	-	1	JavaDocument.cpp
wkj_dom_Document_getOnreset	int64_t	int64_t peer	JAVA_LONG	JAVA_LONG	Document	getOnreset	-	1	JavaDocument.cpp
wkj_dom_Document_setOnreset	void	int64_t peer, int64_t value	void	JAVA_LONG,JAVA_LONG	Document	setOnreset	-	1	JavaDocument.cpp
wkj_dom_Document_getOnresize	int64_t	int64_t peer	JAVA_LONG	JAVA_LONG	Document	getOnresize	-	1	JavaDocument.cpp
wkj_dom_Document_setOnresize	void	int64_t peer, int64_t value	void	JAVA_LONG,JAVA_LONG	Document	setOnresize	-	1	JavaDocument.cpp
wkj_dom_Document_getOnscroll	int64_t	int64_t peer	JAVA_LONG	JAVA_LONG	Document	getOnscroll	-	1	JavaDocument.cpp
wkj_dom_Document_setOnscroll	void	int64_t peer, int64_t value	void	JAVA_LONG,JAVA_LONG	Document	setOnscroll	-	1	JavaDocument.cpp
wkj_dom_Document_getOnseeked	int64_t	int64_t peer	JAVA_LONG	JAVA_LONG	Document	getOnseeked	-	1	JavaDocument.cpp
wkj_dom_Document_setOnseeked	void	int64_t peer, int64_t value	void	JAVA_LONG,JAVA_LONG	Document	setOnseeked	-	1	JavaDocument.cpp
wkj_dom_Document_getOnseeking	int64_t	int64_t peer	JAVA_LONG	JAVA_LONG	Document	getOnseeking	-	1	JavaDocument.cpp
wkj_dom_Document_setOnseeking	void	int64_t peer, int64_t value	void	JAVA_LONG,JAVA_LONG	Document	setOnseeking	-	1	JavaDocument.cpp
wkj_dom_Document_getOnselect	int64_t	int64_t peer	JAVA_LONG	JAVA_LONG	Document	getOnselect	-	1	JavaDocument.cpp
wkj_dom_Document_setOnselect	void	int64_t peer, int64_t value	void	JAVA_LONG,JAVA_LONG	Document	setOnselect	-	1	JavaDocument.cpp
wkj_dom_Document_getOnstalled	int64_t	int64_t peer	JAVA_LONG	JAVA_LONG	Document	getOnstalled	-	1	JavaDocument.cpp
wkj_dom_Document_setOnstalled	void	int64_t peer, int64_t value	void	JAVA_LONG,JAVA_LONG	Document	setOnstalled	-	1	JavaDocument.cpp
wkj_dom_Document_getOnsubmit	int64_t	int64_t peer	JAVA_LONG	JAVA_LONG	Document	getOnsubmit	-	1	JavaDocument.cpp
wkj_dom_Document_setOnsubmit	void	int64_t peer, int64_t value	void	JAVA_LONG,JAVA_LONG	Document	setOnsubmit	-	1	JavaDocument.cpp
wkj_dom_Document_getOnsuspend	int64_t	int64_t peer	JAVA_LONG	JAVA_LONG	Document	getOnsuspend	-	1	JavaDocument.cpp
wkj_dom_Document_setOnsuspend	void	int64_t peer, int64_t value	void	JAVA_LONG,JAVA_LONG	Document	setOnsuspend	-	1	JavaDocument.cpp
wkj_dom_Document_getOntimeupdate	int64_t	int64_t peer	JAVA_LONG	JAVA_LONG	Document	getOntimeupdate	-	1	JavaDocument.cpp
wkj_dom_Document_setOntimeupdate	void	int64_t peer, int64_t value	void	JAVA_LONG,JAVA_LONG	Document	setOntimeupdate	-	1	JavaDocument.cpp
wkj_dom_Document_getOnvolumechange	int64_t	int64_t peer	JAVA_LONG	JAVA_LONG	Document	getOnvolumechange	-	1	JavaDocument.cpp
wkj_dom_Document_setOnvolumechange	void	int64_t peer, int64_t value	void	JAVA_LONG,JAVA_LONG	Document	setOnvolumechange	-	1	JavaDocument.cpp
wkj_dom_Document_getOnwaiting	int64_t	int64_t peer	JAVA_LONG	JAVA_LONG	Document	getOnwaiting	-	1	JavaDocument.cpp
wkj_dom_Document_setOnwaiting	void	int64_t peer, int64_t value	void	JAVA_LONG,JAVA_LONG	Document	setOnwaiting	-	1	JavaDocument.cpp
wkj_dom_Document_getOnwheel	int64_t	int64_t peer	JAVA_LONG	JAVA_LONG	Document	getOnwheel	-	1	JavaDocument.cpp
wkj_dom_Document_setOnwheel	void	int64_t peer, int64_t value	void	JAVA_LONG,JAVA_LONG	Document	setOnwheel	-	1	JavaDocument.cpp
wkj_dom_Document_getChildren	int64_t	int64_t peer	JAVA_LONG	JAVA_LONG	Document	getChildren	-	1	JavaDocument.cpp
wkj_dom_Document_getFirstElementChild	int64_t	int64_t peer	JAVA_LONG	JAVA_LONG	Document	getFirstElementChild	-	1	JavaDocument.cpp
wkj_dom_Document_getLastElementChild	int64_t	int64_t peer	JAVA_LONG	JAVA_LONG	Document	getLastElementChild	-	1	JavaDocument.cpp
wkj_dom_Document_getChildElementCount	int32_t	int64_t peer	JAVA_INT	JAVA_LONG	Document	getChildElementCount	-	1	JavaDocument.cpp
wkj_dom_Document_createElement	int64_t	int64_t peer, const uint16_t* tagName, int32_t tagName_length	JAVA_LONG	JAVA_LONG,ADDRESS,JAVA_INT	Document	createElement	THROWS	1	JavaDocument.cpp
wkj_dom_Document_createDocumentFragment	int64_t	int64_t peer	JAVA_LONG	JAVA_LONG	Document	createDocumentFragment	-	1	JavaDocument.cpp
wkj_dom_Document_createTextNode	int64_t	int64_t peer, const uint16_t* data, int32_t data_length	JAVA_LONG	JAVA_LONG,ADDRESS,JAVA_INT	Document	createTextNode	-	1	JavaDocument.cpp
wkj_dom_Document_createComment	int64_t	int64_t peer, const uint16_t* data, int32_t data_length	JAVA_LONG	JAVA_LONG,ADDRESS,JAVA_INT	Document	createComment	-	1	JavaDocument.cpp
wkj_dom_Document_createCDATASection	int64_t	int64_t peer, const uint16_t* data, int32_t data_length	JAVA_LONG	JAVA_LONG,ADDRESS,JAVA_INT	Document	createCDATASection	THROWS	1	JavaDocument.cpp
wkj_dom_Document_createProcessingInstruction	int64_t	int64_t peer, const uint16_t* target, int32_t target_length, const uint16_t* data, int32_t data_length	JAVA_LONG	JAVA_LONG,ADDRESS,JAVA_INT,ADDRESS,JAVA_INT	Document	createProcessingInstruction	THROWS	1	JavaDocument.cpp
wkj_dom_Document_createAttribute	int64_t	int64_t peer, const uint16_t* name, int32_t name_length	JAVA_LONG	JAVA_LONG,ADDRESS,JAVA_INT	Document	createAttribute	THROWS	1	JavaDocument.cpp
wkj_dom_Document_createEntityReference	int64_t	int64_t arg0, const uint16_t* arg1, int32_t arg1_length	JAVA_LONG	JAVA_LONG,ADDRESS,JAVA_INT	Document	createEntityReference	THROWS	1	JavaDocument.cpp
wkj_dom_Document_getElementsByTagName	int64_t	int64_t peer, const uint16_t* tagname, int32_t tagname_length	JAVA_LONG	JAVA_LONG,ADDRESS,JAVA_INT	Document	getElementsByTagName	-	1	JavaDocument.cpp
wkj_dom_Document_importNode	int64_t	int64_t peer, int64_t importedNode, int32_t deep	JAVA_LONG	JAVA_LONG,JAVA_LONG,JAVA_INT	Document	importNode	THROWS	1	JavaDocument.cpp
wkj_dom_Document_createElementNS	int64_t	int64_t peer, const uint16_t* namespaceURI, int32_t namespaceURI_length, const uint16_t* qualifiedName, int32_t qualifiedName_length	JAVA_LONG	JAVA_LONG,ADDRESS,JAVA_INT,ADDRESS,JAVA_INT	Document	createElementNS	THROWS	1	JavaDocument.cpp
wkj_dom_Document_createAttributeNS	int64_t	int64_t peer, const uint16_t* namespaceURI, int32_t namespaceURI_length, const uint16_t* qualifiedName, int32_t qualifiedName_length	JAVA_LONG	JAVA_LONG,ADDRESS,JAVA_INT,ADDRESS,JAVA_INT	Document	createAttributeNS	THROWS	1	JavaDocument.cpp
wkj_dom_Document_getElementsByTagNameNS	int64_t	int64_t peer, const uint16_t* namespaceURI, int32_t namespaceURI_length, const uint16_t* localName, int32_t localName_length	JAVA_LONG	JAVA_LONG,ADDRESS,JAVA_INT,ADDRESS,JAVA_INT	Document	getElementsByTagNameNS	-	1	JavaDocument.cpp
wkj_dom_Document_adoptNode	int64_t	int64_t peer, int64_t source	JAVA_LONG	JAVA_LONG,JAVA_LONG	Document	adoptNode	THROWS	1	JavaDocument.cpp
wkj_dom_Document_createEvent	int64_t	int64_t peer, const uint16_t* eventType, int32_t eventType_length	JAVA_LONG	JAVA_LONG,ADDRESS,JAVA_INT	Document	createEvent	THROWS	1	JavaDocument.cpp
wkj_dom_Document_createRange	int64_t	int64_t peer	JAVA_LONG	JAVA_LONG	Document	createRange	-	1	JavaDocument.cpp
wkj_dom_Document_createNodeIterator	int64_t	int64_t arg0, int64_t arg1, int32_t arg2, int64_t arg3, int32_t arg4	JAVA_LONG	JAVA_LONG,JAVA_LONG,JAVA_INT,JAVA_LONG,JAVA_INT	Document	createNodeIterator	THROWS	1	JavaDocument.cpp
wkj_dom_Document_createTreeWalker	int64_t	int64_t arg0, int64_t arg1, int32_t arg2, int64_t arg3, int32_t arg4	JAVA_LONG	JAVA_LONG,JAVA_LONG,JAVA_INT,JAVA_LONG,JAVA_INT	Document	createTreeWalker	THROWS	1	JavaDocument.cpp
wkj_dom_Document_getOverrideStyle	int64_t	int64_t arg0, int64_t arg1, const uint16_t* arg2, int32_t arg2_length	JAVA_LONG	JAVA_LONG,JAVA_LONG,ADDRESS,JAVA_INT	Document	getOverrideStyle	-	1	JavaDocument.cpp
wkj_dom_Document_createExpression	int64_t	int64_t peer, const uint16_t* expression, int32_t expression_length, int64_t resolver	JAVA_LONG	JAVA_LONG,ADDRESS,JAVA_INT,JAVA_LONG	Document	createExpression	THROWS	1	JavaDocument.cpp
wkj_dom_Document_createNSResolver	int64_t	int64_t peer, int64_t nodeResolver	JAVA_LONG	JAVA_LONG,JAVA_LONG	Document	createNSResolver	-	1	JavaDocument.cpp
wkj_dom_Document_evaluate	int64_t	int64_t peer, const uint16_t* expression, int32_t expression_length, int64_t contextNode, int64_t resolver, int16_t type, int64_t inResult	JAVA_LONG	JAVA_LONG,ADDRESS,JAVA_INT,JAVA_LONG,JAVA_LONG,JAVA_SHORT,JAVA_LONG	Document	evaluate	THROWS	1	JavaDocument.cpp
wkj_dom_Document_execCommand	int32_t	int64_t peer, const uint16_t* command, int32_t command_length, int32_t userInterface, const uint16_t* value, int32_t value_length	JAVA_INT	JAVA_LONG,ADDRESS,JAVA_INT,JAVA_INT,ADDRESS,JAVA_INT	Document	execCommand	-	1	JavaDocument.cpp
wkj_dom_Document_queryCommandEnabled	int32_t	int64_t peer, const uint16_t* command, int32_t command_length	JAVA_INT	JAVA_LONG,ADDRESS,JAVA_INT	Document	queryCommandEnabled	-	1	JavaDocument.cpp
wkj_dom_Document_queryCommandIndeterm	int32_t	int64_t peer, const uint16_t* command, int32_t command_length	JAVA_INT	JAVA_LONG,ADDRESS,JAVA_INT	Document	queryCommandIndeterm	-	1	JavaDocument.cpp
wkj_dom_Document_queryCommandState	int32_t	int64_t peer, const uint16_t* command, int32_t command_length	JAVA_INT	JAVA_LONG,ADDRESS,JAVA_INT	Document	queryCommandState	-	1	JavaDocument.cpp
wkj_dom_Document_queryCommandSupported	int32_t	int64_t peer, const uint16_t* command, int32_t command_length	JAVA_INT	JAVA_LONG,ADDRESS,JAVA_INT	Document	queryCommandSupported	-	1	JavaDocument.cpp
wkj_dom_Document_queryCommandValue	int32_t	int64_t peer, const uint16_t* command, int32_t command_length, uint16_t* result_buf, int32_t result_cap, int32_t* result_length	JAVA_INT	JAVA_LONG,ADDRESS,JAVA_INT,ADDRESS,JAVA_INT,ADDRESS	Document	queryCommandValue	-	1	JavaDocument.cpp
wkj_dom_Document_getElementsByName	int64_t	int64_t peer, const uint16_t* elementName, int32_t elementName_length	JAVA_LONG	JAVA_LONG,ADDRESS,JAVA_INT	Document	getElementsByName	-	1	JavaDocument.cpp
wkj_dom_Document_elementFromPoint	int64_t	int64_t peer, int32_t x, int32_t y	JAVA_LONG	JAVA_LONG,JAVA_INT,JAVA_INT	Document	elementFromPoint	-	1	JavaDocument.cpp
wkj_dom_Document_caretRangeFromPoint	int64_t	int64_t peer, int32_t x, int32_t y	JAVA_LONG	JAVA_LONG,JAVA_INT,JAVA_INT	Document	caretRangeFromPoint	-	1	JavaDocument.cpp
wkj_dom_Document_createCSSStyleDeclaration	int64_t	int64_t peer	JAVA_LONG	JAVA_LONG	Document	createCSSStyleDeclaration	-	1	JavaDocument.cpp
wkj_dom_Document_getElementsByClassName	int64_t	int64_t peer, const uint16_t* classNames, int32_t classNames_length	JAVA_LONG	JAVA_LONG,ADDRESS,JAVA_INT	Document	getElementsByClassName	-	1	JavaDocument.cpp
wkj_dom_Document_hasFocus	int32_t	int64_t peer	JAVA_INT	JAVA_LONG	Document	hasFocus	-	1	JavaDocument.cpp
wkj_dom_Document_getElementById	int64_t	int64_t peer, const uint16_t* elementId, int32_t elementId_length	JAVA_LONG	JAVA_LONG,ADDRESS,JAVA_INT	Document	getElementById	-	1	JavaDocument.cpp
wkj_dom_Document_querySelector	int64_t	int64_t peer, const uint16_t* selectors, int32_t selectors_length	JAVA_LONG	JAVA_LONG,ADDRESS,JAVA_INT	Document	querySelector	THROWS	1	JavaDocument.cpp
wkj_dom_Document_querySelectorAll	int64_t	int64_t peer, const uint16_t* selectors, int32_t selectors_length	JAVA_LONG	JAVA_LONG,ADDRESS,JAVA_INT	Document	querySelectorAll	THROWS	1	JavaDocument.cpp
wkj_dom_DocumentFragment_getChildren	int64_t	int64_t peer	JAVA_LONG	JAVA_LONG	DocumentFragment	getChildren	-	1	JavaDocumentFragment.cpp
wkj_dom_DocumentFragment_getFirstElementChild	int64_t	int64_t peer	JAVA_LONG	JAVA_LONG	DocumentFragment	getFirstElementChild	-	1	JavaDocumentFragment.cpp
wkj_dom_DocumentFragment_getLastElementChild	int64_t	int64_t peer	JAVA_LONG	JAVA_LONG	DocumentFragment	getLastElementChild	-	1	JavaDocumentFragment.cpp
wkj_dom_DocumentFragment_getChildElementCount	int32_t	int64_t peer	JAVA_INT	JAVA_LONG	DocumentFragment	getChildElementCount	-	1	JavaDocumentFragment.cpp
wkj_dom_DocumentFragment_getElementById	int64_t	int64_t peer, const uint16_t* elementId, int32_t elementId_length	JAVA_LONG	JAVA_LONG,ADDRESS,JAVA_INT	DocumentFragment	getElementById	-	1	JavaDocumentFragment.cpp
wkj_dom_DocumentFragment_querySelector	int64_t	int64_t peer, const uint16_t* selectors, int32_t selectors_length	JAVA_LONG	JAVA_LONG,ADDRESS,JAVA_INT	DocumentFragment	querySelector	THROWS	1	JavaDocumentFragment.cpp
wkj_dom_DocumentFragment_querySelectorAll	int64_t	int64_t peer, const uint16_t* selectors, int32_t selectors_length	JAVA_LONG	JAVA_LONG,ADDRESS,JAVA_INT	DocumentFragment	querySelectorAll	THROWS	1	JavaDocumentFragment.cpp
wkj_dom_DocumentType_getName	int32_t	int64_t peer, uint16_t* result_buf, int32_t result_cap, int32_t* result_length	JAVA_INT	JAVA_LONG,ADDRESS,JAVA_INT,ADDRESS	DocumentType	getName	-	1	JavaDocumentType.cpp
wkj_dom_DocumentType_getEntities	int64_t	int64_t arg0	JAVA_LONG	JAVA_LONG	DocumentType	getEntities	-	1	JavaDocumentType.cpp
wkj_dom_DocumentType_getNotations	int64_t	int64_t arg0	JAVA_LONG	JAVA_LONG	DocumentType	getNotations	-	1	JavaDocumentType.cpp
wkj_dom_DocumentType_getPublicId	int32_t	int64_t peer, uint16_t* result_buf, int32_t result_cap, int32_t* result_length	JAVA_INT	JAVA_LONG,ADDRESS,JAVA_INT,ADDRESS	DocumentType	getPublicId	-	1	JavaDocumentType.cpp
wkj_dom_DocumentType_getSystemId	int32_t	int64_t peer, uint16_t* result_buf, int32_t result_cap, int32_t* result_length	JAVA_INT	JAVA_LONG,ADDRESS,JAVA_INT,ADDRESS	DocumentType	getSystemId	-	1	JavaDocumentType.cpp
wkj_dom_DocumentType_getInternalSubset	int32_t	int64_t arg0, uint16_t* result_buf, int32_t result_cap, int32_t* result_length	JAVA_INT	JAVA_LONG,ADDRESS,JAVA_INT,ADDRESS	DocumentType	getInternalSubset	-	1	JavaDocumentType.cpp
wkj_dom_DocumentType_remove	void	int64_t peer	void	JAVA_LONG	DocumentType	remove	THROWS	1	JavaDocumentType.cpp
wkj_dom_Element_isHTMLElement	int32_t	int64_t peer	JAVA_INT	JAVA_LONG	Element	isHTMLElement	-	1	JavaElement.cpp
wkj_dom_Element_getTagName	int32_t	int64_t peer, uint16_t* result_buf, int32_t result_cap, int32_t* result_length	JAVA_INT	JAVA_LONG,ADDRESS,JAVA_INT,ADDRESS	Element	getTagName	-	1	JavaElement.cpp
wkj_dom_Element_getAttributes	int64_t	int64_t peer	JAVA_LONG	JAVA_LONG	Element	getAttributes	-	1	JavaElement.cpp
wkj_dom_Element_getStyle	int64_t	int64_t peer	JAVA_LONG	JAVA_LONG	Element	getStyle	-	1	JavaElement.cpp
wkj_dom_Element_getId	int32_t	int64_t peer, uint16_t* result_buf, int32_t result_cap, int32_t* result_length	JAVA_INT	JAVA_LONG,ADDRESS,JAVA_INT,ADDRESS	Element	getId	-	1	JavaElement.cpp
wkj_dom_Element_setId	void	int64_t peer, const uint16_t* value, int32_t value_length	void	JAVA_LONG,ADDRESS,JAVA_INT	Element	setId	-	1	JavaElement.cpp
wkj_dom_Element_getOffsetLeft	double	int64_t peer	JAVA_DOUBLE	JAVA_LONG	Element	getOffsetLeft	-	1	JavaElement.cpp
wkj_dom_Element_getOffsetTop	double	int64_t peer	JAVA_DOUBLE	JAVA_LONG	Element	getOffsetTop	-	1	JavaElement.cpp
wkj_dom_Element_getOffsetWidth	double	int64_t peer	JAVA_DOUBLE	JAVA_LONG	Element	getOffsetWidth	-	1	JavaElement.cpp
wkj_dom_Element_getOffsetHeight	double	int64_t peer	JAVA_DOUBLE	JAVA_LONG	Element	getOffsetHeight	-	1	JavaElement.cpp
wkj_dom_Element_getClientLeft	double	int64_t peer	JAVA_DOUBLE	JAVA_LONG	Element	getClientLeft	-	1	JavaElement.cpp
wkj_dom_Element_getClientTop	double	int64_t peer	JAVA_DOUBLE	JAVA_LONG	Element	getClientTop	-	1	JavaElement.cpp
wkj_dom_Element_getClientWidth	double	int64_t peer	JAVA_DOUBLE	JAVA_LONG	Element	getClientWidth	-	1	JavaElement.cpp
wkj_dom_Element_getClientHeight	double	int64_t peer	JAVA_DOUBLE	JAVA_LONG	Element	getClientHeight	-	1	JavaElement.cpp
wkj_dom_Element_getScrollLeft	int32_t	int64_t peer	JAVA_INT	JAVA_LONG	Element	getScrollLeft	-	1	JavaElement.cpp
wkj_dom_Element_setScrollLeft	void	int64_t peer, int32_t value	void	JAVA_LONG,JAVA_INT	Element	setScrollLeft	-	1	JavaElement.cpp
wkj_dom_Element_getScrollTop	int32_t	int64_t peer	JAVA_INT	JAVA_LONG	Element	getScrollTop	-	1	JavaElement.cpp
wkj_dom_Element_setScrollTop	void	int64_t peer, int32_t value	void	JAVA_LONG,JAVA_INT	Element	setScrollTop	-	1	JavaElement.cpp
wkj_dom_Element_getScrollWidth	int32_t	int64_t peer	JAVA_INT	JAVA_LONG	Element	getScrollWidth	-	1	JavaElement.cpp
wkj_dom_Element_getScrollHeight	int32_t	int64_t peer	JAVA_INT	JAVA_LONG	Element	getScrollHeight	-	1	JavaElement.cpp
wkj_dom_Element_getOffsetParent	int64_t	int64_t peer	JAVA_LONG	JAVA_LONG	Element	getOffsetParent	-	1	JavaElement.cpp
wkj_dom_Element_getInnerHTML	int32_t	int64_t peer, uint16_t* result_buf, int32_t result_cap, int32_t* result_length	JAVA_INT	JAVA_LONG,ADDRESS,JAVA_INT,ADDRESS	Element	getInnerHTML	-	1	JavaElement.cpp
wkj_dom_Element_setInnerHTML	void	int64_t peer, const uint16_t* value, int32_t value_length	void	JAVA_LONG,ADDRESS,JAVA_INT	Element	setInnerHTML	-	1	JavaElement.cpp
wkj_dom_Element_getOuterHTML	int32_t	int64_t peer, uint16_t* result_buf, int32_t result_cap, int32_t* result_length	JAVA_INT	JAVA_LONG,ADDRESS,JAVA_INT,ADDRESS	Element	getOuterHTML	-	1	JavaElement.cpp
wkj_dom_Element_setOuterHTML	void	int64_t peer, const uint16_t* value, int32_t value_length	void	JAVA_LONG,ADDRESS,JAVA_INT	Element	setOuterHTML	-	1	JavaElement.cpp
wkj_dom_Element_getClassName	int32_t	int64_t peer, uint16_t* result_buf, int32_t result_cap, int32_t* result_length	JAVA_INT	JAVA_LONG,ADDRESS,JAVA_INT,ADDRESS	Element	getClassName	-	1	JavaElement.cpp
wkj_dom_Element_setClassName	void	int64_t peer, const uint16_t* value, int32_t value_length	void	JAVA_LONG,ADDRESS,JAVA_INT	Element	setClassName	-	1	JavaElement.cpp
wkj_dom_Element_getOnbeforecopy	int64_t	int64_t peer	JAVA_LONG	JAVA_LONG	Element	getOnbeforecopy	-	1	JavaElement.cpp
wkj_dom_Element_setOnbeforecopy	void	int64_t peer, int64_t value	void	JAVA_LONG,JAVA_LONG	Element	setOnbeforecopy	-	1	JavaElement.cpp
wkj_dom_Element_getOnbeforecut	int64_t	int64_t peer	JAVA_LONG	JAVA_LONG	Element	getOnbeforecut	-	1	JavaElement.cpp
wkj_dom_Element_setOnbeforecut	void	int64_t peer, int64_t value	void	JAVA_LONG,JAVA_LONG	Element	setOnbeforecut	-	1	JavaElement.cpp
wkj_dom_Element_getOnbeforepaste	int64_t	int64_t peer	JAVA_LONG	JAVA_LONG	Element	getOnbeforepaste	-	1	JavaElement.cpp
wkj_dom_Element_setOnbeforepaste	void	int64_t peer, int64_t value	void	JAVA_LONG,JAVA_LONG	Element	setOnbeforepaste	-	1	JavaElement.cpp
wkj_dom_Element_getOncopy	int64_t	int64_t peer	JAVA_LONG	JAVA_LONG	Element	getOncopy	-	1	JavaElement.cpp
wkj_dom_Element_setOncopy	void	int64_t peer, int64_t value	void	JAVA_LONG,JAVA_LONG	Element	setOncopy	-	1	JavaElement.cpp
wkj_dom_Element_getOncut	int64_t	int64_t peer	JAVA_LONG	JAVA_LONG	Element	getOncut	-	1	JavaElement.cpp
wkj_dom_Element_setOncut	void	int64_t peer, int64_t value	void	JAVA_LONG,JAVA_LONG	Element	setOncut	-	1	JavaElement.cpp
wkj_dom_Element_getOnpaste	int64_t	int64_t peer	JAVA_LONG	JAVA_LONG	Element	getOnpaste	-	1	JavaElement.cpp
wkj_dom_Element_setOnpaste	void	int64_t peer, int64_t value	void	JAVA_LONG,JAVA_LONG	Element	setOnpaste	-	1	JavaElement.cpp
wkj_dom_Element_getOnselectstart	int64_t	int64_t peer	JAVA_LONG	JAVA_LONG	Element	getOnselectstart	-	1	JavaElement.cpp
wkj_dom_Element_setOnselectstart	void	int64_t peer, int64_t value	void	JAVA_LONG,JAVA_LONG	Element	setOnselectstart	-	1	JavaElement.cpp
wkj_dom_Element_getOnanimationend	int64_t	int64_t peer	JAVA_LONG	JAVA_LONG	Element	getOnanimationend	-	1	JavaElement.cpp
wkj_dom_Element_setOnanimationend	void	int64_t peer, int64_t value	void	JAVA_LONG,JAVA_LONG	Element	setOnanimationend	-	1	JavaElement.cpp
wkj_dom_Element_getOnanimationiteration	int64_t	int64_t peer	JAVA_LONG	JAVA_LONG	Element	getOnanimationiteration	-	1	JavaElement.cpp
wkj_dom_Element_setOnanimationiteration	void	int64_t peer, int64_t value	void	JAVA_LONG,JAVA_LONG	Element	setOnanimationiteration	-	1	JavaElement.cpp
wkj_dom_Element_getOnanimationstart	int64_t	int64_t peer	JAVA_LONG	JAVA_LONG	Element	getOnanimationstart	-	1	JavaElement.cpp
wkj_dom_Element_setOnanimationstart	void	int64_t peer, int64_t value	void	JAVA_LONG,JAVA_LONG	Element	setOnanimationstart	-	1	JavaElement.cpp
wkj_dom_Element_getOntransitionend	int64_t	int64_t peer	JAVA_LONG	JAVA_LONG	Element	getOntransitionend	-	1	JavaElement.cpp
wkj_dom_Element_setOntransitionend	void	int64_t peer, int64_t value	void	JAVA_LONG,JAVA_LONG	Element	setOntransitionend	-	1	JavaElement.cpp
wkj_dom_Element_getOnwebkitanimationend	int64_t	int64_t peer	JAVA_LONG	JAVA_LONG	Element	getOnwebkitanimationend	-	1	JavaElement.cpp
wkj_dom_Element_setOnwebkitanimationend	void	int64_t peer, int64_t value	void	JAVA_LONG,JAVA_LONG	Element	setOnwebkitanimationend	-	1	JavaElement.cpp
wkj_dom_Element_getOnwebkitanimationiteration	int64_t	int64_t peer	JAVA_LONG	JAVA_LONG	Element	getOnwebkitanimationiteration	-	1	JavaElement.cpp
wkj_dom_Element_setOnwebkitanimationiteration	void	int64_t peer, int64_t value	void	JAVA_LONG,JAVA_LONG	Element	setOnwebkitanimationiteration	-	1	JavaElement.cpp
wkj_dom_Element_getOnwebkitanimationstart	int64_t	int64_t peer	JAVA_LONG	JAVA_LONG	Element	getOnwebkitanimationstart	-	1	JavaElement.cpp
wkj_dom_Element_setOnwebkitanimationstart	void	int64_t peer, int64_t value	void	JAVA_LONG,JAVA_LONG	Element	setOnwebkitanimationstart	-	1	JavaElement.cpp
wkj_dom_Element_getOnwebkittransitionend	int64_t	int64_t peer	JAVA_LONG	JAVA_LONG	Element	getOnwebkittransitionend	-	1	JavaElement.cpp
wkj_dom_Element_setOnwebkittransitionend	void	int64_t peer, int64_t value	void	JAVA_LONG,JAVA_LONG	Element	setOnwebkittransitionend	-	1	JavaElement.cpp
wkj_dom_Element_getOnfocusin	int64_t	int64_t peer	JAVA_LONG	JAVA_LONG	Element	getOnfocusin	-	1	JavaElement.cpp
wkj_dom_Element_setOnfocusin	void	int64_t peer, int64_t value	void	JAVA_LONG,JAVA_LONG	Element	setOnfocusin	-	1	JavaElement.cpp
wkj_dom_Element_getOnfocusout	int64_t	int64_t peer	JAVA_LONG	JAVA_LONG	Element	getOnfocusout	-	1	JavaElement.cpp
wkj_dom_Element_setOnfocusout	void	int64_t peer, int64_t value	void	JAVA_LONG,JAVA_LONG	Element	setOnfocusout	-	1	JavaElement.cpp
wkj_dom_Element_getOnbeforeload	int64_t	int64_t peer	JAVA_LONG	JAVA_LONG	Element	getOnbeforeload	-	1	JavaElement.cpp
wkj_dom_Element_setOnbeforeload	void	int64_t peer, int64_t value	void	JAVA_LONG,JAVA_LONG	Element	setOnbeforeload	-	1	JavaElement.cpp
wkj_dom_Element_getOnabort	int64_t	int64_t peer	JAVA_LONG	JAVA_LONG	Element	getOnabort	-	1	JavaElement.cpp
wkj_dom_Element_setOnabort	void	int64_t peer, int64_t value	void	JAVA_LONG,JAVA_LONG	Element	setOnabort	-	1	JavaElement.cpp
wkj_dom_Element_getOnblur	int64_t	int64_t peer	JAVA_LONG	JAVA_LONG	Element	getOnblur	-	1	JavaElement.cpp
wkj_dom_Element_setOnblur	void	int64_t peer, int64_t value	void	JAVA_LONG,JAVA_LONG	Element	setOnblur	-	1	JavaElement.cpp
wkj_dom_Element_getOncanplay	int64_t	int64_t peer	JAVA_LONG	JAVA_LONG	Element	getOncanplay	-	1	JavaElement.cpp
wkj_dom_Element_setOncanplay	void	int64_t peer, int64_t value	void	JAVA_LONG,JAVA_LONG	Element	setOncanplay	-	1	JavaElement.cpp
wkj_dom_Element_getOncanplaythrough	int64_t	int64_t peer	JAVA_LONG	JAVA_LONG	Element	getOncanplaythrough	-	1	JavaElement.cpp
wkj_dom_Element_setOncanplaythrough	void	int64_t peer, int64_t value	void	JAVA_LONG,JAVA_LONG	Element	setOncanplaythrough	-	1	JavaElement.cpp
wkj_dom_Element_getOnchange	int64_t	int64_t peer	JAVA_LONG	JAVA_LONG	Element	getOnchange	-	1	JavaElement.cpp
wkj_dom_Element_setOnchange	void	int64_t peer, int64_t value	void	JAVA_LONG,JAVA_LONG	Element	setOnchange	-	1	JavaElement.cpp
wkj_dom_Element_getOnclick	int64_t	int64_t peer	JAVA_LONG	JAVA_LONG	Element	getOnclick	-	1	JavaElement.cpp
wkj_dom_Element_setOnclick	void	int64_t peer, int64_t value	void	JAVA_LONG,JAVA_LONG	Element	setOnclick	-	1	JavaElement.cpp
wkj_dom_Element_getOncontextmenu	int64_t	int64_t peer	JAVA_LONG	JAVA_LONG	Element	getOncontextmenu	-	1	JavaElement.cpp
wkj_dom_Element_setOncontextmenu	void	int64_t peer, int64_t value	void	JAVA_LONG,JAVA_LONG	Element	setOncontextmenu	-	1	JavaElement.cpp
wkj_dom_Element_getOndblclick	int64_t	int64_t peer	JAVA_LONG	JAVA_LONG	Element	getOndblclick	-	1	JavaElement.cpp
wkj_dom_Element_setOndblclick	void	int64_t peer, int64_t value	void	JAVA_LONG,JAVA_LONG	Element	setOndblclick	-	1	JavaElement.cpp
wkj_dom_Element_getOndrag	int64_t	int64_t peer	JAVA_LONG	JAVA_LONG	Element	getOndrag	-	1	JavaElement.cpp
wkj_dom_Element_setOndrag	void	int64_t peer, int64_t value	void	JAVA_LONG,JAVA_LONG	Element	setOndrag	-	1	JavaElement.cpp
wkj_dom_Element_getOndragend	int64_t	int64_t peer	JAVA_LONG	JAVA_LONG	Element	getOndragend	-	1	JavaElement.cpp
wkj_dom_Element_setOndragend	void	int64_t peer, int64_t value	void	JAVA_LONG,JAVA_LONG	Element	setOndragend	-	1	JavaElement.cpp
wkj_dom_Element_getOndragenter	int64_t	int64_t peer	JAVA_LONG	JAVA_LONG	Element	getOndragenter	-	1	JavaElement.cpp
wkj_dom_Element_setOndragenter	void	int64_t peer, int64_t value	void	JAVA_LONG,JAVA_LONG	Element	setOndragenter	-	1	JavaElement.cpp
wkj_dom_Element_getOndragleave	int64_t	int64_t peer	JAVA_LONG	JAVA_LONG	Element	getOndragleave	-	1	JavaElement.cpp
wkj_dom_Element_setOndragleave	void	int64_t peer, int64_t value	void	JAVA_LONG,JAVA_LONG	Element	setOndragleave	-	1	JavaElement.cpp
wkj_dom_Element_getOndragover	int64_t	int64_t peer	JAVA_LONG	JAVA_LONG	Element	getOndragover	-	1	JavaElement.cpp
wkj_dom_Element_setOndragover	void	int64_t peer, int64_t value	void	JAVA_LONG,JAVA_LONG	Element	setOndragover	-	1	JavaElement.cpp
wkj_dom_Element_getOndragstart	int64_t	int64_t peer	JAVA_LONG	JAVA_LONG	Element	getOndragstart	-	1	JavaElement.cpp
wkj_dom_Element_setOndragstart	void	int64_t peer, int64_t value	void	JAVA_LONG,JAVA_LONG	Element	setOndragstart	-	1	JavaElement.cpp
wkj_dom_Element_getOndrop	int64_t	int64_t peer	JAVA_LONG	JAVA_LONG	Element	getOndrop	-	1	JavaElement.cpp
wkj_dom_Element_setOndrop	void	int64_t peer, int64_t value	void	JAVA_LONG,JAVA_LONG	Element	setOndrop	-	1	JavaElement.cpp
wkj_dom_Element_getOndurationchange	int64_t	int64_t peer	JAVA_LONG	JAVA_LONG	Element	getOndurationchange	-	1	JavaElement.cpp
wkj_dom_Element_setOndurationchange	void	int64_t peer, int64_t value	void	JAVA_LONG,JAVA_LONG	Element	setOndurationchange	-	1	JavaElement.cpp
wkj_dom_Element_getOnemptied	int64_t	int64_t peer	JAVA_LONG	JAVA_LONG	Element	getOnemptied	-	1	JavaElement.cpp
wkj_dom_Element_setOnemptied	void	int64_t peer, int64_t value	void	JAVA_LONG,JAVA_LONG	Element	setOnemptied	-	1	JavaElement.cpp
wkj_dom_Element_getOnended	int64_t	int64_t peer	JAVA_LONG	JAVA_LONG	Element	getOnended	-	1	JavaElement.cpp
wkj_dom_Element_setOnended	void	int64_t peer, int64_t value	void	JAVA_LONG,JAVA_LONG	Element	setOnended	-	1	JavaElement.cpp
wkj_dom_Element_getOnerror	int64_t	int64_t peer	JAVA_LONG	JAVA_LONG	Element	getOnerror	-	1	JavaElement.cpp
wkj_dom_Element_setOnerror	void	int64_t peer, int64_t value	void	JAVA_LONG,JAVA_LONG	Element	setOnerror	-	1	JavaElement.cpp
wkj_dom_Element_getOnfocus	int64_t	int64_t peer	JAVA_LONG	JAVA_LONG	Element	getOnfocus	-	1	JavaElement.cpp
wkj_dom_Element_setOnfocus	void	int64_t peer, int64_t value	void	JAVA_LONG,JAVA_LONG	Element	setOnfocus	-	1	JavaElement.cpp
wkj_dom_Element_getOninput	int64_t	int64_t peer	JAVA_LONG	JAVA_LONG	Element	getOninput	-	1	JavaElement.cpp
wkj_dom_Element_setOninput	void	int64_t peer, int64_t value	void	JAVA_LONG,JAVA_LONG	Element	setOninput	-	1	JavaElement.cpp
wkj_dom_Element_getOninvalid	int64_t	int64_t peer	JAVA_LONG	JAVA_LONG	Element	getOninvalid	-	1	JavaElement.cpp
wkj_dom_Element_setOninvalid	void	int64_t peer, int64_t value	void	JAVA_LONG,JAVA_LONG	Element	setOninvalid	-	1	JavaElement.cpp
wkj_dom_Element_getOnkeydown	int64_t	int64_t peer	JAVA_LONG	JAVA_LONG	Element	getOnkeydown	-	1	JavaElement.cpp
wkj_dom_Element_setOnkeydown	void	int64_t peer, int64_t value	void	JAVA_LONG,JAVA_LONG	Element	setOnkeydown	-	1	JavaElement.cpp
wkj_dom_Element_getOnkeypress	int64_t	int64_t peer	JAVA_LONG	JAVA_LONG	Element	getOnkeypress	-	1	JavaElement.cpp
wkj_dom_Element_setOnkeypress	void	int64_t peer, int64_t value	void	JAVA_LONG,JAVA_LONG	Element	setOnkeypress	-	1	JavaElement.cpp
wkj_dom_Element_getOnkeyup	int64_t	int64_t peer	JAVA_LONG	JAVA_LONG	Element	getOnkeyup	-	1	JavaElement.cpp
wkj_dom_Element_setOnkeyup	void	int64_t peer, int64_t value	void	JAVA_LONG,JAVA_LONG	Element	setOnkeyup	-	1	JavaElement.cpp
wkj_dom_Element_getOnload	int64_t	int64_t peer	JAVA_LONG	JAVA_LONG	Element	getOnload	-	1	JavaElement.cpp
wkj_dom_Element_setOnload	void	int64_t peer, int64_t value	void	JAVA_LONG,JAVA_LONG	Element	setOnload	-	1	JavaElement.cpp
wkj_dom_Element_getOnloadeddata	int64_t	int64_t peer	JAVA_LONG	JAVA_LONG	Element	getOnloadeddata	-	1	JavaElement.cpp
wkj_dom_Element_setOnloadeddata	void	int64_t peer, int64_t value	void	JAVA_LONG,JAVA_LONG	Element	setOnloadeddata	-	1	JavaElement.cpp
wkj_dom_Element_getOnloadedmetadata	int64_t	int64_t peer	JAVA_LONG	JAVA_LONG	Element	getOnloadedmetadata	-	1	JavaElement.cpp
wkj_dom_Element_setOnloadedmetadata	void	int64_t peer, int64_t value	void	JAVA_LONG,JAVA_LONG	Element	setOnloadedmetadata	-	1	JavaElement.cpp
wkj_dom_Element_getOnloadstart	int64_t	int64_t peer	JAVA_LONG	JAVA_LONG	Element	getOnloadstart	-	1	JavaElement.cpp
wkj_dom_Element_setOnloadstart	void	int64_t peer, int64_t value	void	JAVA_LONG,JAVA_LONG	Element	setOnloadstart	-	1	JavaElement.cpp
wkj_dom_Element_getOnmousedown	int64_t	int64_t peer	JAVA_LONG	JAVA_LONG	Element	getOnmousedown	-	1	JavaElement.cpp
wkj_dom_Element_setOnmousedown	void	int64_t peer, int64_t value	void	JAVA_LONG,JAVA_LONG	Element	setOnmousedown	-	1	JavaElement.cpp
wkj_dom_Element_getOnmouseenter	int64_t	int64_t peer	JAVA_LONG	JAVA_LONG	Element	getOnmouseenter	-	1	JavaElement.cpp
wkj_dom_Element_setOnmouseenter	void	int64_t peer, int64_t value	void	JAVA_LONG,JAVA_LONG	Element	setOnmouseenter	-	1	JavaElement.cpp
wkj_dom_Element_getOnmouseleave	int64_t	int64_t peer	JAVA_LONG	JAVA_LONG	Element	getOnmouseleave	-	1	JavaElement.cpp
wkj_dom_Element_setOnmouseleave	void	int64_t peer, int64_t value	void	JAVA_LONG,JAVA_LONG	Element	setOnmouseleave	-	1	JavaElement.cpp
wkj_dom_Element_getOnmousemove	int64_t	int64_t peer	JAVA_LONG	JAVA_LONG	Element	getOnmousemove	-	1	JavaElement.cpp
wkj_dom_Element_setOnmousemove	void	int64_t peer, int64_t value	void	JAVA_LONG,JAVA_LONG	Element	setOnmousemove	-	1	JavaElement.cpp
wkj_dom_Element_getOnmouseout	int64_t	int64_t peer	JAVA_LONG	JAVA_LONG	Element	getOnmouseout	-	1	JavaElement.cpp
wkj_dom_Element_setOnmouseout	void	int64_t peer, int64_t value	void	JAVA_LONG,JAVA_LONG	Element	setOnmouseout	-	1	JavaElement.cpp
wkj_dom_Element_getOnmouseover	int64_t	int64_t peer	JAVA_LONG	JAVA_LONG	Element	getOnmouseover	-	1	JavaElement.cpp
wkj_dom_Element_setOnmouseover	void	int64_t peer, int64_t value	void	JAVA_LONG,JAVA_LONG	Element	setOnmouseover	-	1	JavaElement.cpp
wkj_dom_Element_getOnmouseup	int64_t	int64_t peer	JAVA_LONG	JAVA_LONG	Element	getOnmouseup	-	1	JavaElement.cpp
wkj_dom_Element_setOnmouseup	void	int64_t peer, int64_t value	void	JAVA_LONG,JAVA_LONG	Element	setOnmouseup	-	1	JavaElement.cpp
wkj_dom_Element_getOnmousewheel	int64_t	int64_t peer	JAVA_LONG	JAVA_LONG	Element	getOnmousewheel	-	1	JavaElement.cpp
wkj_dom_Element_setOnmousewheel	void	int64_t peer, int64_t value	void	JAVA_LONG,JAVA_LONG	Element	setOnmousewheel	-	1	JavaElement.cpp
wkj_dom_Element_getOnpause	int64_t	int64_t peer	JAVA_LONG	JAVA_LONG	Element	getOnpause	-	1	JavaElement.cpp
wkj_dom_Element_setOnpause	void	int64_t peer, int64_t value	void	JAVA_LONG,JAVA_LONG	Element	setOnpause	-	1	JavaElement.cpp
wkj_dom_Element_getOnplay	int64_t	int64_t peer	JAVA_LONG	JAVA_LONG	Element	getOnplay	-	1	JavaElement.cpp
wkj_dom_Element_setOnplay	void	int64_t peer, int64_t value	void	JAVA_LONG,JAVA_LONG	Element	setOnplay	-	1	JavaElement.cpp
wkj_dom_Element_getOnplaying	int64_t	int64_t peer	JAVA_LONG	JAVA_LONG	Element	getOnplaying	-	1	JavaElement.cpp
wkj_dom_Element_setOnplaying	void	int64_t peer, int64_t value	void	JAVA_LONG,JAVA_LONG	Element	setOnplaying	-	1	JavaElement.cpp
wkj_dom_Element_getOnprogress	int64_t	int64_t peer	JAVA_LONG	JAVA_LONG	Element	getOnprogress	-	1	JavaElement.cpp
wkj_dom_Element_setOnprogress	void	int64_t peer, int64_t value	void	JAVA_LONG,JAVA_LONG	Element	setOnprogress	-	1	JavaElement.cpp
wkj_dom_Element_getOnratechange	int64_t	int64_t peer	JAVA_LONG	JAVA_LONG	Element	getOnratechange	-	1	JavaElement.cpp
wkj_dom_Element_setOnratechange	void	int64_t peer, int64_t value	void	JAVA_LONG,JAVA_LONG	Element	setOnratechange	-	1	JavaElement.cpp
wkj_dom_Element_getOnreset	int64_t	int64_t peer	JAVA_LONG	JAVA_LONG	Element	getOnreset	-	1	JavaElement.cpp
wkj_dom_Element_setOnreset	void	int64_t peer, int64_t value	void	JAVA_LONG,JAVA_LONG	Element	setOnreset	-	1	JavaElement.cpp
wkj_dom_Element_getOnresize	int64_t	int64_t peer	JAVA_LONG	JAVA_LONG	Element	getOnresize	-	1	JavaElement.cpp
wkj_dom_Element_setOnresize	void	int64_t peer, int64_t value	void	JAVA_LONG,JAVA_LONG	Element	setOnresize	-	1	JavaElement.cpp
wkj_dom_Element_getOnscroll	int64_t	int64_t peer	JAVA_LONG	JAVA_LONG	Element	getOnscroll	-	1	JavaElement.cpp
wkj_dom_Element_setOnscroll	void	int64_t peer, int64_t value	void	JAVA_LONG,JAVA_LONG	Element	setOnscroll	-	1	JavaElement.cpp
wkj_dom_Element_getOnseeked	int64_t	int64_t peer	JAVA_LONG	JAVA_LONG	Element	getOnseeked	-	1	JavaElement.cpp
wkj_dom_Element_setOnseeked	void	int64_t peer, int64_t value	void	JAVA_LONG,JAVA_LONG	Element	setOnseeked	-	1	JavaElement.cpp
wkj_dom_Element_getOnseeking	int64_t	int64_t peer	JAVA_LONG	JAVA_LONG	Element	getOnseeking	-	1	JavaElement.cpp
wkj_dom_Element_setOnseeking	void	int64_t peer, int64_t value	void	JAVA_LONG,JAVA_LONG	Element	setOnseeking	-	1	JavaElement.cpp
wkj_dom_Element_getOnselect	int64_t	int64_t peer	JAVA_LONG	JAVA_LONG	Element	getOnselect	-	1	JavaElement.cpp
wkj_dom_Element_setOnselect	void	int64_t peer, int64_t value	void	JAVA_LONG,JAVA_LONG	Element	setOnselect	-	1	JavaElement.cpp
wkj_dom_Element_getOnstalled	int64_t	int64_t peer	JAVA_LONG	JAVA_LONG	Element	getOnstalled	-	1	JavaElement.cpp
wkj_dom_Element_setOnstalled	void	int64_t peer, int64_t value	void	JAVA_LONG,JAVA_LONG	Element	setOnstalled	-	1	JavaElement.cpp
wkj_dom_Element_getOnsubmit	int64_t	int64_t peer	JAVA_LONG	JAVA_LONG	Element	getOnsubmit	-	1	JavaElement.cpp
wkj_dom_Element_setOnsubmit	void	int64_t peer, int64_t value	void	JAVA_LONG,JAVA_LONG	Element	setOnsubmit	-	1	JavaElement.cpp
wkj_dom_Element_getOnsuspend	int64_t	int64_t peer	JAVA_LONG	JAVA_LONG	Element	getOnsuspend	-	1	JavaElement.cpp
wkj_dom_Element_setOnsuspend	void	int64_t peer, int64_t value	void	JAVA_LONG,JAVA_LONG	Element	setOnsuspend	-	1	JavaElement.cpp
wkj_dom_Element_getOntimeupdate	int64_t	int64_t peer	JAVA_LONG	JAVA_LONG	Element	getOntimeupdate	-	1	JavaElement.cpp
wkj_dom_Element_setOntimeupdate	void	int64_t peer, int64_t value	void	JAVA_LONG,JAVA_LONG	Element	setOntimeupdate	-	1	JavaElement.cpp
wkj_dom_Element_getOnvolumechange	int64_t	int64_t peer	JAVA_LONG	JAVA_LONG	Element	getOnvolumechange	-	1	JavaElement.cpp
wkj_dom_Element_setOnvolumechange	void	int64_t peer, int64_t value	void	JAVA_LONG,JAVA_LONG	Element	setOnvolumechange	-	1	JavaElement.cpp
wkj_dom_Element_getOnwaiting	int64_t	int64_t peer	JAVA_LONG	JAVA_LONG	Element	getOnwaiting	-	1	JavaElement.cpp
wkj_dom_Element_setOnwaiting	void	int64_t peer, int64_t value	void	JAVA_LONG,JAVA_LONG	Element	setOnwaiting	-	1	JavaElement.cpp
wkj_dom_Element_getOnwheel	int64_t	int64_t peer	JAVA_LONG	JAVA_LONG	Element	getOnwheel	-	1	JavaElement.cpp
wkj_dom_Element_setOnwheel	void	int64_t peer, int64_t value	void	JAVA_LONG,JAVA_LONG	Element	setOnwheel	-	1	JavaElement.cpp
wkj_dom_Element_getPreviousElementSibling	int64_t	int64_t peer	JAVA_LONG	JAVA_LONG	Element	getPreviousElementSibling	-	1	JavaElement.cpp
wkj_dom_Element_getNextElementSibling	int64_t	int64_t peer	JAVA_LONG	JAVA_LONG	Element	getNextElementSibling	-	1	JavaElement.cpp
wkj_dom_Element_getChildren	int64_t	int64_t peer	JAVA_LONG	JAVA_LONG	Element	getChildren	-	1	JavaElement.cpp
wkj_dom_Element_getFirstElementChild	int64_t	int64_t peer	JAVA_LONG	JAVA_LONG	Element	getFirstElementChild	-	1	JavaElement.cpp
wkj_dom_Element_getLastElementChild	int64_t	int64_t peer	JAVA_LONG	JAVA_LONG	Element	getLastElementChild	-	1	JavaElement.cpp
wkj_dom_Element_getChildElementCount	int32_t	int64_t peer	JAVA_INT	JAVA_LONG	Element	getChildElementCount	-	1	JavaElement.cpp
wkj_dom_Element_getAttribute	int32_t	int64_t peer, const uint16_t* name, int32_t name_length, uint16_t* result_buf, int32_t result_cap, int32_t* result_length	JAVA_INT	JAVA_LONG,ADDRESS,JAVA_INT,ADDRESS,JAVA_INT,ADDRESS	Element	getAttribute	-	1	JavaElement.cpp
wkj_dom_Element_setAttribute	void	int64_t peer, const uint16_t* name, int32_t name_length, const uint16_t* value, int32_t value_length	void	JAVA_LONG,ADDRESS,JAVA_INT,ADDRESS,JAVA_INT	Element	setAttribute	THROWS	1	JavaElement.cpp
wkj_dom_Element_removeAttribute	void	int64_t peer, const uint16_t* name, int32_t name_length	void	JAVA_LONG,ADDRESS,JAVA_INT	Element	removeAttribute	-	1	JavaElement.cpp
wkj_dom_Element_getAttributeNode	int64_t	int64_t peer, const uint16_t* name, int32_t name_length	JAVA_LONG	JAVA_LONG,ADDRESS,JAVA_INT	Element	getAttributeNode	-	1	JavaElement.cpp
wkj_dom_Element_setAttributeNode	int64_t	int64_t peer, int64_t newAttr	JAVA_LONG	JAVA_LONG,JAVA_LONG	Element	setAttributeNode	THROWS	1	JavaElement.cpp
wkj_dom_Element_removeAttributeNode	int64_t	int64_t peer, int64_t oldAttr	JAVA_LONG	JAVA_LONG,JAVA_LONG	Element	removeAttributeNode	THROWS	1	JavaElement.cpp
wkj_dom_Element_getElementsByTagName	int64_t	int64_t peer, const uint16_t* name, int32_t name_length	JAVA_LONG	JAVA_LONG,ADDRESS,JAVA_INT	Element	getElementsByTagName	-	1	JavaElement.cpp
wkj_dom_Element_hasAttributes	int32_t	int64_t peer	JAVA_INT	JAVA_LONG	Element	hasAttributes	-	1	JavaElement.cpp
wkj_dom_Element_getAttributeNS	int32_t	int64_t peer, const uint16_t* namespaceURI, int32_t namespaceURI_length, const uint16_t* localName, int32_t localName_length, uint16_t* result_buf, int32_t result_cap, int32_t* result_length	JAVA_INT	JAVA_LONG,ADDRESS,JAVA_INT,ADDRESS,JAVA_INT,ADDRESS,JAVA_INT,ADDRESS	Element	getAttributeNS	-	1	JavaElement.cpp
wkj_dom_Element_setAttributeNS	void	int64_t peer, const uint16_t* namespaceURI, int32_t namespaceURI_length, const uint16_t* qualifiedName, int32_t qualifiedName_length, const uint16_t* value, int32_t value_length	void	JAVA_LONG,ADDRESS,JAVA_INT,ADDRESS,JAVA_INT,ADDRESS,JAVA_INT	Element	setAttributeNS	THROWS	1	JavaElement.cpp
wkj_dom_Element_removeAttributeNS	void	int64_t peer, const uint16_t* namespaceURI, int32_t namespaceURI_length, const uint16_t* localName, int32_t localName_length	void	JAVA_LONG,ADDRESS,JAVA_INT,ADDRESS,JAVA_INT	Element	removeAttributeNS	-	1	JavaElement.cpp
wkj_dom_Element_getElementsByTagNameNS	int64_t	int64_t peer, const uint16_t* namespaceURI, int32_t namespaceURI_length, const uint16_t* localName, int32_t localName_length	JAVA_LONG	JAVA_LONG,ADDRESS,JAVA_INT,ADDRESS,JAVA_INT	Element	getElementsByTagNameNS	-	1	JavaElement.cpp
wkj_dom_Element_getAttributeNodeNS	int64_t	int64_t peer, const uint16_t* namespaceURI, int32_t namespaceURI_length, const uint16_t* localName, int32_t localName_length	JAVA_LONG	JAVA_LONG,ADDRESS,JAVA_INT,ADDRESS,JAVA_INT	Element	getAttributeNodeNS	-	1	JavaElement.cpp
wkj_dom_Element_setAttributeNodeNS	int64_t	int64_t peer, int64_t newAttr	JAVA_LONG	JAVA_LONG,JAVA_LONG	Element	setAttributeNodeNS	THROWS	1	JavaElement.cpp
wkj_dom_Element_hasAttribute	int32_t	int64_t peer, const uint16_t* name, int32_t name_length	JAVA_INT	JAVA_LONG,ADDRESS,JAVA_INT	Element	hasAttribute	-	1	JavaElement.cpp
wkj_dom_Element_hasAttributeNS	int32_t	int64_t peer, const uint16_t* namespaceURI, int32_t namespaceURI_length, const uint16_t* localName, int32_t localName_length	JAVA_INT	JAVA_LONG,ADDRESS,JAVA_INT,ADDRESS,JAVA_INT	Element	hasAttributeNS	-	1	JavaElement.cpp
wkj_dom_Element_focus	void	int64_t peer	void	JAVA_LONG	Element	focus	-	1	JavaElement.cpp
wkj_dom_Element_blur	void	int64_t peer	void	JAVA_LONG	Element	blur	-	1	JavaElement.cpp
wkj_dom_Element_scrollIntoView	void	int64_t peer, int32_t alignWithTop	void	JAVA_LONG,JAVA_INT	Element	scrollIntoView	-	1	JavaElement.cpp
wkj_dom_Element_scrollIntoViewIfNeeded	void	int64_t peer, int32_t centerIfNeeded	void	JAVA_LONG,JAVA_INT	Element	scrollIntoViewIfNeeded	-	1	JavaElement.cpp
wkj_dom_Element_getElementsByClassName	int64_t	int64_t peer, const uint16_t* name, int32_t name_length	JAVA_LONG	JAVA_LONG,ADDRESS,JAVA_INT	Element	getElementsByClassName	-	1	JavaElement.cpp
wkj_dom_Element_matches	int32_t	int64_t peer, const uint16_t* selectors, int32_t selectors_length	JAVA_INT	JAVA_LONG,ADDRESS,JAVA_INT	Element	matches	THROWS	1	JavaElement.cpp
wkj_dom_Element_closest	int64_t	int64_t peer, const uint16_t* selectors, int32_t selectors_length	JAVA_LONG	JAVA_LONG,ADDRESS,JAVA_INT	Element	closest	THROWS	1	JavaElement.cpp
wkj_dom_Element_webkitMatchesSelector	int32_t	int64_t peer, const uint16_t* selectors, int32_t selectors_length	JAVA_INT	JAVA_LONG,ADDRESS,JAVA_INT	Element	webkitMatchesSelector	THROWS	1	JavaElement.cpp
wkj_dom_Element_webkitRequestFullScreen	void	int64_t peer, int16_t arg0	void	JAVA_LONG,JAVA_SHORT	Element	webkitRequestFullScreen	-	1	JavaElement.cpp
wkj_dom_Element_webkitRequestFullscreen	void	int64_t peer	void	JAVA_LONG	Element	webkitRequestFullscreen	-	1	JavaElement.cpp
wkj_dom_Element_remove	void	int64_t peer	void	JAVA_LONG	Element	remove	THROWS	1	JavaElement.cpp
wkj_dom_Element_querySelector	int64_t	int64_t peer, const uint16_t* selectors, int32_t selectors_length	JAVA_LONG	JAVA_LONG,ADDRESS,JAVA_INT	Element	querySelector	THROWS	1	JavaElement.cpp
wkj_dom_Element_querySelectorAll	int64_t	int64_t peer, const uint16_t* selectors, int32_t selectors_length	JAVA_LONG	JAVA_LONG,ADDRESS,JAVA_INT	Element	querySelectorAll	THROWS	1	JavaElement.cpp
wkj_dom_Entity_getPublicId	int32_t	int64_t arg0, uint16_t* result_buf, int32_t result_cap, int32_t* result_length	JAVA_INT	JAVA_LONG,ADDRESS,JAVA_INT,ADDRESS	Entity	getPublicId	-	1	JavaEntity.cpp
wkj_dom_Entity_getSystemId	int32_t	int64_t arg0, uint16_t* result_buf, int32_t result_cap, int32_t* result_length	JAVA_INT	JAVA_LONG,ADDRESS,JAVA_INT,ADDRESS	Entity	getSystemId	-	1	JavaEntity.cpp
wkj_dom_Entity_getNotationName	int32_t	int64_t arg0, uint16_t* result_buf, int32_t result_cap, int32_t* result_length	JAVA_INT	JAVA_LONG,ADDRESS,JAVA_INT,ADDRESS	Entity	getNotationName	-	1	JavaEntity.cpp
wkj_dom_Event_dispose	void	int64_t peer	void	JAVA_LONG	Event	dispose	-	1	JavaEvent.cpp
wkj_dom_Event_getCPPType	int32_t	int64_t peer	JAVA_INT	JAVA_LONG	Event	getCPPType	-	1	JavaEvent.cpp
wkj_dom_Event_getType	int32_t	int64_t peer, uint16_t* result_buf, int32_t result_cap, int32_t* result_length	JAVA_INT	JAVA_LONG,ADDRESS,JAVA_INT,ADDRESS	Event	getType	-	1	JavaEvent.cpp
wkj_dom_Event_getTarget	int64_t	int64_t peer	JAVA_LONG	JAVA_LONG	Event	getTarget	-	1	JavaEvent.cpp
wkj_dom_Event_getCurrentTarget	int64_t	int64_t peer	JAVA_LONG	JAVA_LONG	Event	getCurrentTarget	-	1	JavaEvent.cpp
wkj_dom_Event_getEventPhase	int16_t	int64_t peer	JAVA_SHORT	JAVA_LONG	Event	getEventPhase	-	1	JavaEvent.cpp
wkj_dom_Event_getBubbles	int32_t	int64_t peer	JAVA_INT	JAVA_LONG	Event	getBubbles	-	1	JavaEvent.cpp
wkj_dom_Event_getCancelable	int32_t	int64_t peer	JAVA_INT	JAVA_LONG	Event	getCancelable	-	1	JavaEvent.cpp
wkj_dom_Event_getTimeStamp	int64_t	int64_t peer	JAVA_LONG	JAVA_LONG	Event	getTimeStamp	-	1	JavaEvent.cpp
wkj_dom_Event_getDefaultPrevented	int32_t	int64_t peer	JAVA_INT	JAVA_LONG	Event	getDefaultPrevented	-	1	JavaEvent.cpp
wkj_dom_Event_getIsTrusted	int32_t	int64_t peer	JAVA_INT	JAVA_LONG	Event	getIsTrusted	-	1	JavaEvent.cpp
wkj_dom_Event_getSrcElement	int64_t	int64_t peer	JAVA_LONG	JAVA_LONG	Event	getSrcElement	-	1	JavaEvent.cpp
wkj_dom_Event_getReturnValue	int32_t	int64_t peer	JAVA_INT	JAVA_LONG	Event	getReturnValue	-	1	JavaEvent.cpp
wkj_dom_Event_setReturnValue	void	int64_t peer, int32_t value	void	JAVA_LONG,JAVA_INT	Event	setReturnValue	-	1	JavaEvent.cpp
wkj_dom_Event_getCancelBubble	int32_t	int64_t peer	JAVA_INT	JAVA_LONG	Event	getCancelBubble	-	1	JavaEvent.cpp
wkj_dom_Event_setCancelBubble	void	int64_t peer, int32_t value	void	JAVA_LONG,JAVA_INT	Event	setCancelBubble	-	1	JavaEvent.cpp
wkj_dom_Event_stopPropagation	void	int64_t peer	void	JAVA_LONG	Event	stopPropagation	-	1	JavaEvent.cpp
wkj_dom_Event_preventDefault	void	int64_t peer	void	JAVA_LONG	Event	preventDefault	-	1	JavaEvent.cpp
wkj_dom_Event_initEvent	void	int64_t peer, const uint16_t* eventTypeArg, int32_t eventTypeArg_length, int32_t canBubbleArg, int32_t cancelableArg	void	JAVA_LONG,ADDRESS,JAVA_INT,JAVA_INT,JAVA_INT	Event	initEvent	-	1	JavaEvent.cpp
wkj_dom_Event_stopImmediatePropagation	void	int64_t peer	void	JAVA_LONG	Event	stopImmediatePropagation	-	1	JavaEvent.cpp
wkj_dom_EventTarget_dispose	void	int64_t peer	void	JAVA_LONG	EventTarget	dispose	-	1	JavaEventTarget.cpp
wkj_dom_EventTarget_addEventListener	void	int64_t peer, const uint16_t* type, int32_t type_length, int64_t listener, int32_t useCapture	void	JAVA_LONG,ADDRESS,JAVA_INT,JAVA_LONG,JAVA_INT	EventTarget	addEventListener	-	1	JavaEventTarget.cpp
wkj_dom_EventTarget_removeEventListener	void	int64_t peer, const uint16_t* type, int32_t type_length, int64_t listener, int32_t useCapture	void	JAVA_LONG,ADDRESS,JAVA_INT,JAVA_LONG,JAVA_INT	EventTarget	removeEventListener	-	1	JavaEventTarget.cpp
wkj_dom_EventTarget_dispatchEvent	int32_t	int64_t peer, int64_t event	JAVA_INT	JAVA_LONG,JAVA_LONG	EventTarget	dispatchEvent	THROWS	1	JavaEventTarget.cpp
wkj_dom_HTMLAnchorElement_getCharset	int32_t	int64_t peer, uint16_t* result_buf, int32_t result_cap, int32_t* result_length	JAVA_INT	JAVA_LONG,ADDRESS,JAVA_INT,ADDRESS	HTMLAnchorElement	getCharset	-	1	JavaHTMLAnchorElement.cpp
wkj_dom_HTMLAnchorElement_setCharset	void	int64_t peer, const uint16_t* value, int32_t value_length	void	JAVA_LONG,ADDRESS,JAVA_INT	HTMLAnchorElement	setCharset	-	1	JavaHTMLAnchorElement.cpp
wkj_dom_HTMLAnchorElement_getCoords	int32_t	int64_t peer, uint16_t* result_buf, int32_t result_cap, int32_t* result_length	JAVA_INT	JAVA_LONG,ADDRESS,JAVA_INT,ADDRESS	HTMLAnchorElement	getCoords	-	1	JavaHTMLAnchorElement.cpp
wkj_dom_HTMLAnchorElement_setCoords	void	int64_t peer, const uint16_t* value, int32_t value_length	void	JAVA_LONG,ADDRESS,JAVA_INT	HTMLAnchorElement	setCoords	-	1	JavaHTMLAnchorElement.cpp
wkj_dom_HTMLAnchorElement_getHreflang	int32_t	int64_t peer, uint16_t* result_buf, int32_t result_cap, int32_t* result_length	JAVA_INT	JAVA_LONG,ADDRESS,JAVA_INT,ADDRESS	HTMLAnchorElement	getHreflang	-	1	JavaHTMLAnchorElement.cpp
wkj_dom_HTMLAnchorElement_setHreflang	void	int64_t peer, const uint16_t* value, int32_t value_length	void	JAVA_LONG,ADDRESS,JAVA_INT	HTMLAnchorElement	setHreflang	-	1	JavaHTMLAnchorElement.cpp
wkj_dom_HTMLAnchorElement_getName	int32_t	int64_t peer, uint16_t* result_buf, int32_t result_cap, int32_t* result_length	JAVA_INT	JAVA_LONG,ADDRESS,JAVA_INT,ADDRESS	HTMLAnchorElement	getName	-	1	JavaHTMLAnchorElement.cpp
wkj_dom_HTMLAnchorElement_setName	void	int64_t peer, const uint16_t* value, int32_t value_length	void	JAVA_LONG,ADDRESS,JAVA_INT	HTMLAnchorElement	setName	-	1	JavaHTMLAnchorElement.cpp
wkj_dom_HTMLAnchorElement_getPing	int32_t	int64_t peer, uint16_t* result_buf, int32_t result_cap, int32_t* result_length	JAVA_INT	JAVA_LONG,ADDRESS,JAVA_INT,ADDRESS	HTMLAnchorElement	getPing	-	1	JavaHTMLAnchorElement.cpp
wkj_dom_HTMLAnchorElement_setPing	void	int64_t peer, const uint16_t* value, int32_t value_length	void	JAVA_LONG,ADDRESS,JAVA_INT	HTMLAnchorElement	setPing	-	1	JavaHTMLAnchorElement.cpp
wkj_dom_HTMLAnchorElement_getRel	int32_t	int64_t peer, uint16_t* result_buf, int32_t result_cap, int32_t* result_length	JAVA_INT	JAVA_LONG,ADDRESS,JAVA_INT,ADDRESS	HTMLAnchorElement	getRel	-	1	JavaHTMLAnchorElement.cpp
wkj_dom_HTMLAnchorElement_setRel	void	int64_t peer, const uint16_t* value, int32_t value_length	void	JAVA_LONG,ADDRESS,JAVA_INT	HTMLAnchorElement	setRel	-	1	JavaHTMLAnchorElement.cpp
wkj_dom_HTMLAnchorElement_getRev	int32_t	int64_t peer, uint16_t* result_buf, int32_t result_cap, int32_t* result_length	JAVA_INT	JAVA_LONG,ADDRESS,JAVA_INT,ADDRESS	HTMLAnchorElement	getRev	-	1	JavaHTMLAnchorElement.cpp
wkj_dom_HTMLAnchorElement_setRev	void	int64_t peer, const uint16_t* value, int32_t value_length	void	JAVA_LONG,ADDRESS,JAVA_INT	HTMLAnchorElement	setRev	-	1	JavaHTMLAnchorElement.cpp
wkj_dom_HTMLAnchorElement_getShape	int32_t	int64_t peer, uint16_t* result_buf, int32_t result_cap, int32_t* result_length	JAVA_INT	JAVA_LONG,ADDRESS,JAVA_INT,ADDRESS	HTMLAnchorElement	getShape	-	1	JavaHTMLAnchorElement.cpp
wkj_dom_HTMLAnchorElement_setShape	void	int64_t peer, const uint16_t* value, int32_t value_length	void	JAVA_LONG,ADDRESS,JAVA_INT	HTMLAnchorElement	setShape	-	1	JavaHTMLAnchorElement.cpp
wkj_dom_HTMLAnchorElement_getTarget	int32_t	int64_t peer, uint16_t* result_buf, int32_t result_cap, int32_t* result_length	JAVA_INT	JAVA_LONG,ADDRESS,JAVA_INT,ADDRESS	HTMLAnchorElement	getTarget	-	1	JavaHTMLAnchorElement.cpp
wkj_dom_HTMLAnchorElement_setTarget	void	int64_t peer, const uint16_t* value, int32_t value_length	void	JAVA_LONG,ADDRESS,JAVA_INT	HTMLAnchorElement	setTarget	-	1	JavaHTMLAnchorElement.cpp
wkj_dom_HTMLAnchorElement_getType	int32_t	int64_t peer, uint16_t* result_buf, int32_t result_cap, int32_t* result_length	JAVA_INT	JAVA_LONG,ADDRESS,JAVA_INT,ADDRESS	HTMLAnchorElement	getType	-	1	JavaHTMLAnchorElement.cpp
wkj_dom_HTMLAnchorElement_setType	void	int64_t peer, const uint16_t* value, int32_t value_length	void	JAVA_LONG,ADDRESS,JAVA_INT	HTMLAnchorElement	setType	-	1	JavaHTMLAnchorElement.cpp
wkj_dom_HTMLAnchorElement_getText	int32_t	int64_t peer, uint16_t* result_buf, int32_t result_cap, int32_t* result_length	JAVA_INT	JAVA_LONG,ADDRESS,JAVA_INT,ADDRESS	HTMLAnchorElement	getText	-	1	JavaHTMLAnchorElement.cpp
wkj_dom_HTMLAnchorElement_setText	void	int64_t peer, const uint16_t* value, int32_t value_length	void	JAVA_LONG,ADDRESS,JAVA_INT	HTMLAnchorElement	setText	-	1	JavaHTMLAnchorElement.cpp
wkj_dom_HTMLAnchorElement_getHref	int32_t	int64_t peer, uint16_t* result_buf, int32_t result_cap, int32_t* result_length	JAVA_INT	JAVA_LONG,ADDRESS,JAVA_INT,ADDRESS	HTMLAnchorElement	getHref	-	1	JavaHTMLAnchorElement.cpp
wkj_dom_HTMLAnchorElement_setHref	void	int64_t peer, const uint16_t* value, int32_t value_length	void	JAVA_LONG,ADDRESS,JAVA_INT	HTMLAnchorElement	setHref	-	1	JavaHTMLAnchorElement.cpp
wkj_dom_HTMLAnchorElement_getOrigin	int32_t	int64_t peer, uint16_t* result_buf, int32_t result_cap, int32_t* result_length	JAVA_INT	JAVA_LONG,ADDRESS,JAVA_INT,ADDRESS	HTMLAnchorElement	getOrigin	-	1	JavaHTMLAnchorElement.cpp
wkj_dom_HTMLAnchorElement_getProtocol	int32_t	int64_t peer, uint16_t* result_buf, int32_t result_cap, int32_t* result_length	JAVA_INT	JAVA_LONG,ADDRESS,JAVA_INT,ADDRESS	HTMLAnchorElement	getProtocol	-	1	JavaHTMLAnchorElement.cpp
wkj_dom_HTMLAnchorElement_setProtocol	void	int64_t peer, const uint16_t* value, int32_t value_length	void	JAVA_LONG,ADDRESS,JAVA_INT	HTMLAnchorElement	setProtocol	-	1	JavaHTMLAnchorElement.cpp
wkj_dom_HTMLAnchorElement_getUsername	int32_t	int64_t peer, uint16_t* result_buf, int32_t result_cap, int32_t* result_length	JAVA_INT	JAVA_LONG,ADDRESS,JAVA_INT,ADDRESS	HTMLAnchorElement	getUsername	-	1	JavaHTMLAnchorElement.cpp
wkj_dom_HTMLAnchorElement_setUsername	void	int64_t peer, const uint16_t* value, int32_t value_length	void	JAVA_LONG,ADDRESS,JAVA_INT	HTMLAnchorElement	setUsername	-	1	JavaHTMLAnchorElement.cpp
wkj_dom_HTMLAnchorElement_getPassword	int32_t	int64_t peer, uint16_t* result_buf, int32_t result_cap, int32_t* result_length	JAVA_INT	JAVA_LONG,ADDRESS,JAVA_INT,ADDRESS	HTMLAnchorElement	getPassword	-	1	JavaHTMLAnchorElement.cpp
wkj_dom_HTMLAnchorElement_setPassword	void	int64_t peer, const uint16_t* value, int32_t value_length	void	JAVA_LONG,ADDRESS,JAVA_INT	HTMLAnchorElement	setPassword	-	1	JavaHTMLAnchorElement.cpp
wkj_dom_HTMLAnchorElement_getHost	int32_t	int64_t peer, uint16_t* result_buf, int32_t result_cap, int32_t* result_length	JAVA_INT	JAVA_LONG,ADDRESS,JAVA_INT,ADDRESS	HTMLAnchorElement	getHost	-	1	JavaHTMLAnchorElement.cpp
wkj_dom_HTMLAnchorElement_setHost	void	int64_t peer, const uint16_t* value, int32_t value_length	void	JAVA_LONG,ADDRESS,JAVA_INT	HTMLAnchorElement	setHost	-	1	JavaHTMLAnchorElement.cpp
wkj_dom_HTMLAnchorElement_getHostname	int32_t	int64_t peer, uint16_t* result_buf, int32_t result_cap, int32_t* result_length	JAVA_INT	JAVA_LONG,ADDRESS,JAVA_INT,ADDRESS	HTMLAnchorElement	getHostname	-	1	JavaHTMLAnchorElement.cpp
wkj_dom_HTMLAnchorElement_setHostname	void	int64_t peer, const uint16_t* value, int32_t value_length	void	JAVA_LONG,ADDRESS,JAVA_INT	HTMLAnchorElement	setHostname	-	1	JavaHTMLAnchorElement.cpp
wkj_dom_HTMLAnchorElement_getPort	int32_t	int64_t peer, uint16_t* result_buf, int32_t result_cap, int32_t* result_length	JAVA_INT	JAVA_LONG,ADDRESS,JAVA_INT,ADDRESS	HTMLAnchorElement	getPort	-	1	JavaHTMLAnchorElement.cpp
wkj_dom_HTMLAnchorElement_setPort	void	int64_t peer, const uint16_t* value, int32_t value_length	void	JAVA_LONG,ADDRESS,JAVA_INT	HTMLAnchorElement	setPort	-	1	JavaHTMLAnchorElement.cpp
wkj_dom_HTMLAnchorElement_getPathname	int32_t	int64_t peer, uint16_t* result_buf, int32_t result_cap, int32_t* result_length	JAVA_INT	JAVA_LONG,ADDRESS,JAVA_INT,ADDRESS	HTMLAnchorElement	getPathname	-	1	JavaHTMLAnchorElement.cpp
wkj_dom_HTMLAnchorElement_setPathname	void	int64_t peer, const uint16_t* value, int32_t value_length	void	JAVA_LONG,ADDRESS,JAVA_INT	HTMLAnchorElement	setPathname	-	1	JavaHTMLAnchorElement.cpp
wkj_dom_HTMLAnchorElement_getSearch	int32_t	int64_t peer, uint16_t* result_buf, int32_t result_cap, int32_t* result_length	JAVA_INT	JAVA_LONG,ADDRESS,JAVA_INT,ADDRESS	HTMLAnchorElement	getSearch	-	1	JavaHTMLAnchorElement.cpp
wkj_dom_HTMLAnchorElement_setSearch	void	int64_t peer, const uint16_t* value, int32_t value_length	void	JAVA_LONG,ADDRESS,JAVA_INT	HTMLAnchorElement	setSearch	-	1	JavaHTMLAnchorElement.cpp
wkj_dom_HTMLAnchorElement_getHash	int32_t	int64_t peer, uint16_t* result_buf, int32_t result_cap, int32_t* result_length	JAVA_INT	JAVA_LONG,ADDRESS,JAVA_INT,ADDRESS	HTMLAnchorElement	getHash	-	1	JavaHTMLAnchorElement.cpp
wkj_dom_HTMLAnchorElement_setHash	void	int64_t peer, const uint16_t* value, int32_t value_length	void	JAVA_LONG,ADDRESS,JAVA_INT	HTMLAnchorElement	setHash	-	1	JavaHTMLAnchorElement.cpp
wkj_dom_HTMLAppletElement_getAlign	int32_t	int64_t peer, uint16_t* result_buf, int32_t result_cap, int32_t* result_length	JAVA_INT	JAVA_LONG,ADDRESS,JAVA_INT,ADDRESS	HTMLAppletElement	getAlign	-	1	JavaHTMLAppletElement.cpp
wkj_dom_HTMLAppletElement_setAlign	void	int64_t peer, const uint16_t* value, int32_t value_length	void	JAVA_LONG,ADDRESS,JAVA_INT	HTMLAppletElement	setAlign	-	1	JavaHTMLAppletElement.cpp
wkj_dom_HTMLAppletElement_getAlt	int32_t	int64_t peer, uint16_t* result_buf, int32_t result_cap, int32_t* result_length	JAVA_INT	JAVA_LONG,ADDRESS,JAVA_INT,ADDRESS	HTMLAppletElement	getAlt	-	1	JavaHTMLAppletElement.cpp
wkj_dom_HTMLAppletElement_setAlt	void	int64_t peer, const uint16_t* value, int32_t value_length	void	JAVA_LONG,ADDRESS,JAVA_INT	HTMLAppletElement	setAlt	-	1	JavaHTMLAppletElement.cpp
wkj_dom_HTMLAppletElement_getArchive	int32_t	int64_t peer, uint16_t* result_buf, int32_t result_cap, int32_t* result_length	JAVA_INT	JAVA_LONG,ADDRESS,JAVA_INT,ADDRESS	HTMLAppletElement	getArchive	-	1	JavaHTMLAppletElement.cpp
wkj_dom_HTMLAppletElement_setArchive	void	int64_t peer, const uint16_t* value, int32_t value_length	void	JAVA_LONG,ADDRESS,JAVA_INT	HTMLAppletElement	setArchive	-	1	JavaHTMLAppletElement.cpp
wkj_dom_HTMLAppletElement_getCode	int32_t	int64_t peer, uint16_t* result_buf, int32_t result_cap, int32_t* result_length	JAVA_INT	JAVA_LONG,ADDRESS,JAVA_INT,ADDRESS	HTMLAppletElement	getCode	-	1	JavaHTMLAppletElement.cpp
wkj_dom_HTMLAppletElement_setCode	void	int64_t peer, const uint16_t* value, int32_t value_length	void	JAVA_LONG,ADDRESS,JAVA_INT	HTMLAppletElement	setCode	-	1	JavaHTMLAppletElement.cpp
wkj_dom_HTMLAppletElement_getCodeBase	int32_t	int64_t peer, uint16_t* result_buf, int32_t result_cap, int32_t* result_length	JAVA_INT	JAVA_LONG,ADDRESS,JAVA_INT,ADDRESS	HTMLAppletElement	getCodeBase	-	1	JavaHTMLAppletElement.cpp
wkj_dom_HTMLAppletElement_setCodeBase	void	int64_t peer, const uint16_t* value, int32_t value_length	void	JAVA_LONG,ADDRESS,JAVA_INT	HTMLAppletElement	setCodeBase	-	1	JavaHTMLAppletElement.cpp
wkj_dom_HTMLAppletElement_getHeight	int32_t	int64_t peer, uint16_t* result_buf, int32_t result_cap, int32_t* result_length	JAVA_INT	JAVA_LONG,ADDRESS,JAVA_INT,ADDRESS	HTMLAppletElement	getHeight	-	1	JavaHTMLAppletElement.cpp
wkj_dom_HTMLAppletElement_setHeight	void	int64_t peer, const uint16_t* value, int32_t value_length	void	JAVA_LONG,ADDRESS,JAVA_INT	HTMLAppletElement	setHeight	-	1	JavaHTMLAppletElement.cpp
wkj_dom_HTMLAppletElement_getHspace	int32_t	int64_t peer	JAVA_INT	JAVA_LONG	HTMLAppletElement	getHspace	-	1	JavaHTMLAppletElement.cpp
wkj_dom_HTMLAppletElement_setHspace	void	int64_t peer, int32_t value	void	JAVA_LONG,JAVA_INT	HTMLAppletElement	setHspace	-	1	JavaHTMLAppletElement.cpp
wkj_dom_HTMLAppletElement_getName	int32_t	int64_t peer, uint16_t* result_buf, int32_t result_cap, int32_t* result_length	JAVA_INT	JAVA_LONG,ADDRESS,JAVA_INT,ADDRESS	HTMLAppletElement	getName	-	1	JavaHTMLAppletElement.cpp
wkj_dom_HTMLAppletElement_setName	void	int64_t peer, const uint16_t* value, int32_t value_length	void	JAVA_LONG,ADDRESS,JAVA_INT	HTMLAppletElement	setName	-	1	JavaHTMLAppletElement.cpp
wkj_dom_HTMLAppletElement_getObject	int32_t	int64_t peer, uint16_t* result_buf, int32_t result_cap, int32_t* result_length	JAVA_INT	JAVA_LONG,ADDRESS,JAVA_INT,ADDRESS	HTMLAppletElement	getObject	-	1	JavaHTMLAppletElement.cpp
wkj_dom_HTMLAppletElement_setObject	void	int64_t peer, const uint16_t* value, int32_t value_length	void	JAVA_LONG,ADDRESS,JAVA_INT	HTMLAppletElement	setObject	-	1	JavaHTMLAppletElement.cpp
wkj_dom_HTMLAppletElement_getVspace	int32_t	int64_t peer	JAVA_INT	JAVA_LONG	HTMLAppletElement	getVspace	-	1	JavaHTMLAppletElement.cpp
wkj_dom_HTMLAppletElement_setVspace	void	int64_t peer, int32_t value	void	JAVA_LONG,JAVA_INT	HTMLAppletElement	setVspace	-	1	JavaHTMLAppletElement.cpp
wkj_dom_HTMLAppletElement_getWidth	int32_t	int64_t peer, uint16_t* result_buf, int32_t result_cap, int32_t* result_length	JAVA_INT	JAVA_LONG,ADDRESS,JAVA_INT,ADDRESS	HTMLAppletElement	getWidth	-	1	JavaHTMLAppletElement.cpp
wkj_dom_HTMLAppletElement_setWidth	void	int64_t peer, const uint16_t* value, int32_t value_length	void	JAVA_LONG,ADDRESS,JAVA_INT	HTMLAppletElement	setWidth	-	1	JavaHTMLAppletElement.cpp
wkj_dom_HTMLAreaElement_getAlt	int32_t	int64_t peer, uint16_t* result_buf, int32_t result_cap, int32_t* result_length	JAVA_INT	JAVA_LONG,ADDRESS,JAVA_INT,ADDRESS	HTMLAreaElement	getAlt	-	1	JavaHTMLAreaElement.cpp
wkj_dom_HTMLAreaElement_setAlt	void	int64_t peer, const uint16_t* value, int32_t value_length	void	JAVA_LONG,ADDRESS,JAVA_INT	HTMLAreaElement	setAlt	-	1	JavaHTMLAreaElement.cpp
wkj_dom_HTMLAreaElement_getCoords	int32_t	int64_t peer, uint16_t* result_buf, int32_t result_cap, int32_t* result_length	JAVA_INT	JAVA_LONG,ADDRESS,JAVA_INT,ADDRESS	HTMLAreaElement	getCoords	-	1	JavaHTMLAreaElement.cpp
wkj_dom_HTMLAreaElement_setCoords	void	int64_t peer, const uint16_t* value, int32_t value_length	void	JAVA_LONG,ADDRESS,JAVA_INT	HTMLAreaElement	setCoords	-	1	JavaHTMLAreaElement.cpp
wkj_dom_HTMLAreaElement_getNoHref	int32_t	int64_t peer	JAVA_INT	JAVA_LONG	HTMLAreaElement	getNoHref	-	1	JavaHTMLAreaElement.cpp
wkj_dom_HTMLAreaElement_setNoHref	void	int64_t peer, int32_t value	void	JAVA_LONG,JAVA_INT	HTMLAreaElement	setNoHref	-	1	JavaHTMLAreaElement.cpp
wkj_dom_HTMLAreaElement_getPing	int32_t	int64_t peer, uint16_t* result_buf, int32_t result_cap, int32_t* result_length	JAVA_INT	JAVA_LONG,ADDRESS,JAVA_INT,ADDRESS	HTMLAreaElement	getPing	-	1	JavaHTMLAreaElement.cpp
wkj_dom_HTMLAreaElement_setPing	void	int64_t peer, const uint16_t* value, int32_t value_length	void	JAVA_LONG,ADDRESS,JAVA_INT	HTMLAreaElement	setPing	-	1	JavaHTMLAreaElement.cpp
wkj_dom_HTMLAreaElement_getRel	int32_t	int64_t peer, uint16_t* result_buf, int32_t result_cap, int32_t* result_length	JAVA_INT	JAVA_LONG,ADDRESS,JAVA_INT,ADDRESS	HTMLAreaElement	getRel	-	1	JavaHTMLAreaElement.cpp
wkj_dom_HTMLAreaElement_setRel	void	int64_t peer, const uint16_t* value, int32_t value_length	void	JAVA_LONG,ADDRESS,JAVA_INT	HTMLAreaElement	setRel	-	1	JavaHTMLAreaElement.cpp
wkj_dom_HTMLAreaElement_getShape	int32_t	int64_t peer, uint16_t* result_buf, int32_t result_cap, int32_t* result_length	JAVA_INT	JAVA_LONG,ADDRESS,JAVA_INT,ADDRESS	HTMLAreaElement	getShape	-	1	JavaHTMLAreaElement.cpp
wkj_dom_HTMLAreaElement_setShape	void	int64_t peer, const uint16_t* value, int32_t value_length	void	JAVA_LONG,ADDRESS,JAVA_INT	HTMLAreaElement	setShape	-	1	JavaHTMLAreaElement.cpp
wkj_dom_HTMLAreaElement_getTarget	int32_t	int64_t peer, uint16_t* result_buf, int32_t result_cap, int32_t* result_length	JAVA_INT	JAVA_LONG,ADDRESS,JAVA_INT,ADDRESS	HTMLAreaElement	getTarget	-	1	JavaHTMLAreaElement.cpp
wkj_dom_HTMLAreaElement_setTarget	void	int64_t peer, const uint16_t* value, int32_t value_length	void	JAVA_LONG,ADDRESS,JAVA_INT	HTMLAreaElement	setTarget	-	1	JavaHTMLAreaElement.cpp
wkj_dom_HTMLAreaElement_getAccessKey	int32_t	int64_t peer, uint16_t* result_buf, int32_t result_cap, int32_t* result_length	JAVA_INT	JAVA_LONG,ADDRESS,JAVA_INT,ADDRESS	HTMLAreaElement	getAccessKey	-	1	JavaHTMLAreaElement.cpp
wkj_dom_HTMLAreaElement_setAccessKey	void	int64_t peer, const uint16_t* value, int32_t value_length	void	JAVA_LONG,ADDRESS,JAVA_INT	HTMLAreaElement	setAccessKey	-	1	JavaHTMLAreaElement.cpp
wkj_dom_HTMLAreaElement_getHref	int32_t	int64_t peer, uint16_t* result_buf, int32_t result_cap, int32_t* result_length	JAVA_INT	JAVA_LONG,ADDRESS,JAVA_INT,ADDRESS	HTMLAreaElement	getHref	-	1	JavaHTMLAreaElement.cpp
wkj_dom_HTMLAreaElement_setHref	void	int64_t peer, const uint16_t* value, int32_t value_length	void	JAVA_LONG,ADDRESS,JAVA_INT	HTMLAreaElement	setHref	-	1	JavaHTMLAreaElement.cpp
wkj_dom_HTMLAreaElement_getOrigin	int32_t	int64_t peer, uint16_t* result_buf, int32_t result_cap, int32_t* result_length	JAVA_INT	JAVA_LONG,ADDRESS,JAVA_INT,ADDRESS	HTMLAreaElement	getOrigin	-	1	JavaHTMLAreaElement.cpp
wkj_dom_HTMLAreaElement_getProtocol	int32_t	int64_t peer, uint16_t* result_buf, int32_t result_cap, int32_t* result_length	JAVA_INT	JAVA_LONG,ADDRESS,JAVA_INT,ADDRESS	HTMLAreaElement	getProtocol	-	1	JavaHTMLAreaElement.cpp
wkj_dom_HTMLAreaElement_setProtocol	void	int64_t peer, const uint16_t* value, int32_t value_length	void	JAVA_LONG,ADDRESS,JAVA_INT	HTMLAreaElement	setProtocol	-	1	JavaHTMLAreaElement.cpp
wkj_dom_HTMLAreaElement_getUsername	int32_t	int64_t peer, uint16_t* result_buf, int32_t result_cap, int32_t* result_length	JAVA_INT	JAVA_LONG,ADDRESS,JAVA_INT,ADDRESS	HTMLAreaElement	getUsername	-	1	JavaHTMLAreaElement.cpp
wkj_dom_HTMLAreaElement_setUsername	void	int64_t peer, const uint16_t* value, int32_t value_length	void	JAVA_LONG,ADDRESS,JAVA_INT	HTMLAreaElement	setUsername	-	1	JavaHTMLAreaElement.cpp
wkj_dom_HTMLAreaElement_getPassword	int32_t	int64_t peer, uint16_t* result_buf, int32_t result_cap, int32_t* result_length	JAVA_INT	JAVA_LONG,ADDRESS,JAVA_INT,ADDRESS	HTMLAreaElement	getPassword	-	1	JavaHTMLAreaElement.cpp
wkj_dom_HTMLAreaElement_setPassword	void	int64_t peer, const uint16_t* value, int32_t value_length	void	JAVA_LONG,ADDRESS,JAVA_INT	HTMLAreaElement	setPassword	-	1	JavaHTMLAreaElement.cpp
wkj_dom_HTMLAreaElement_getHost	int32_t	int64_t peer, uint16_t* result_buf, int32_t result_cap, int32_t* result_length	JAVA_INT	JAVA_LONG,ADDRESS,JAVA_INT,ADDRESS	HTMLAreaElement	getHost	-	1	JavaHTMLAreaElement.cpp
wkj_dom_HTMLAreaElement_setHost	void	int64_t peer, const uint16_t* value, int32_t value_length	void	JAVA_LONG,ADDRESS,JAVA_INT	HTMLAreaElement	setHost	-	1	JavaHTMLAreaElement.cpp
wkj_dom_HTMLAreaElement_getHostname	int32_t	int64_t peer, uint16_t* result_buf, int32_t result_cap, int32_t* result_length	JAVA_INT	JAVA_LONG,ADDRESS,JAVA_INT,ADDRESS	HTMLAreaElement	getHostname	-	1	JavaHTMLAreaElement.cpp
wkj_dom_HTMLAreaElement_setHostname	void	int64_t peer, const uint16_t* value, int32_t value_length	void	JAVA_LONG,ADDRESS,JAVA_INT	HTMLAreaElement	setHostname	-	1	JavaHTMLAreaElement.cpp
wkj_dom_HTMLAreaElement_getPort	int32_t	int64_t peer, uint16_t* result_buf, int32_t result_cap, int32_t* result_length	JAVA_INT	JAVA_LONG,ADDRESS,JAVA_INT,ADDRESS	HTMLAreaElement	getPort	-	1	JavaHTMLAreaElement.cpp
wkj_dom_HTMLAreaElement_setPort	void	int64_t peer, const uint16_t* value, int32_t value_length	void	JAVA_LONG,ADDRESS,JAVA_INT	HTMLAreaElement	setPort	-	1	JavaHTMLAreaElement.cpp
wkj_dom_HTMLAreaElement_getPathname	int32_t	int64_t peer, uint16_t* result_buf, int32_t result_cap, int32_t* result_length	JAVA_INT	JAVA_LONG,ADDRESS,JAVA_INT,ADDRESS	HTMLAreaElement	getPathname	-	1	JavaHTMLAreaElement.cpp
wkj_dom_HTMLAreaElement_setPathname	void	int64_t peer, const uint16_t* value, int32_t value_length	void	JAVA_LONG,ADDRESS,JAVA_INT	HTMLAreaElement	setPathname	-	1	JavaHTMLAreaElement.cpp
wkj_dom_HTMLAreaElement_getSearch	int32_t	int64_t peer, uint16_t* result_buf, int32_t result_cap, int32_t* result_length	JAVA_INT	JAVA_LONG,ADDRESS,JAVA_INT,ADDRESS	HTMLAreaElement	getSearch	-	1	JavaHTMLAreaElement.cpp
wkj_dom_HTMLAreaElement_setSearch	void	int64_t peer, const uint16_t* value, int32_t value_length	void	JAVA_LONG,ADDRESS,JAVA_INT	HTMLAreaElement	setSearch	-	1	JavaHTMLAreaElement.cpp
wkj_dom_HTMLAreaElement_getHash	int32_t	int64_t peer, uint16_t* result_buf, int32_t result_cap, int32_t* result_length	JAVA_INT	JAVA_LONG,ADDRESS,JAVA_INT,ADDRESS	HTMLAreaElement	getHash	-	1	JavaHTMLAreaElement.cpp
wkj_dom_HTMLAreaElement_setHash	void	int64_t peer, const uint16_t* value, int32_t value_length	void	JAVA_LONG,ADDRESS,JAVA_INT	HTMLAreaElement	setHash	-	1	JavaHTMLAreaElement.cpp
wkj_dom_HTMLBRElement_getClear	int32_t	int64_t peer, uint16_t* result_buf, int32_t result_cap, int32_t* result_length	JAVA_INT	JAVA_LONG,ADDRESS,JAVA_INT,ADDRESS	HTMLBRElement	getClear	-	1	JavaHTMLBRElement.cpp
wkj_dom_HTMLBRElement_setClear	void	int64_t peer, const uint16_t* value, int32_t value_length	void	JAVA_LONG,ADDRESS,JAVA_INT	HTMLBRElement	setClear	-	1	JavaHTMLBRElement.cpp
wkj_dom_HTMLBaseElement_getHref	int32_t	int64_t peer, uint16_t* result_buf, int32_t result_cap, int32_t* result_length	JAVA_INT	JAVA_LONG,ADDRESS,JAVA_INT,ADDRESS	HTMLBaseElement	getHref	-	1	JavaHTMLBaseElement.cpp
wkj_dom_HTMLBaseElement_setHref	void	int64_t peer, const uint16_t* value, int32_t value_length	void	JAVA_LONG,ADDRESS,JAVA_INT	HTMLBaseElement	setHref	-	1	JavaHTMLBaseElement.cpp
wkj_dom_HTMLBaseElement_getTarget	int32_t	int64_t peer, uint16_t* result_buf, int32_t result_cap, int32_t* result_length	JAVA_INT	JAVA_LONG,ADDRESS,JAVA_INT,ADDRESS	HTMLBaseElement	getTarget	-	1	JavaHTMLBaseElement.cpp
wkj_dom_HTMLBaseElement_setTarget	void	int64_t peer, const uint16_t* value, int32_t value_length	void	JAVA_LONG,ADDRESS,JAVA_INT	HTMLBaseElement	setTarget	-	1	JavaHTMLBaseElement.cpp
wkj_dom_HTMLBaseFontElement_getColor	int32_t	int64_t peer, uint16_t* result_buf, int32_t result_cap, int32_t* result_length	JAVA_INT	JAVA_LONG,ADDRESS,JAVA_INT,ADDRESS	HTMLBaseFontElement	getColor	-	1	JavaHTMLBaseFontElement.cpp
wkj_dom_HTMLBaseFontElement_setColor	void	int64_t peer, const uint16_t* value, int32_t value_length	void	JAVA_LONG,ADDRESS,JAVA_INT	HTMLBaseFontElement	setColor	-	1	JavaHTMLBaseFontElement.cpp
wkj_dom_HTMLBaseFontElement_getFace	int32_t	int64_t peer, uint16_t* result_buf, int32_t result_cap, int32_t* result_length	JAVA_INT	JAVA_LONG,ADDRESS,JAVA_INT,ADDRESS	HTMLBaseFontElement	getFace	-	1	JavaHTMLBaseFontElement.cpp
wkj_dom_HTMLBaseFontElement_setFace	void	int64_t peer, const uint16_t* value, int32_t value_length	void	JAVA_LONG,ADDRESS,JAVA_INT	HTMLBaseFontElement	setFace	-	1	JavaHTMLBaseFontElement.cpp
wkj_dom_HTMLBaseFontElement_getSize	int32_t	int64_t peer, uint16_t* result_buf, int32_t result_cap, int32_t* result_length	JAVA_INT	JAVA_LONG,ADDRESS,JAVA_INT,ADDRESS	HTMLBaseFontElement	getSize	-	1	JavaHTMLBaseFontElement.cpp
wkj_dom_HTMLBaseFontElement_setSize	void	int64_t peer, const uint16_t* value, int32_t value_length	void	JAVA_LONG,ADDRESS,JAVA_INT	HTMLBaseFontElement	setSize	-	1	JavaHTMLBaseFontElement.cpp
wkj_dom_HTMLBodyElement_getALink	int32_t	int64_t peer, uint16_t* result_buf, int32_t result_cap, int32_t* result_length	JAVA_INT	JAVA_LONG,ADDRESS,JAVA_INT,ADDRESS	HTMLBodyElement	getALink	-	1	JavaHTMLBodyElement.cpp
wkj_dom_HTMLBodyElement_setALink	void	int64_t peer, const uint16_t* value, int32_t value_length	void	JAVA_LONG,ADDRESS,JAVA_INT	HTMLBodyElement	setALink	-	1	JavaHTMLBodyElement.cpp
wkj_dom_HTMLBodyElement_getBackground	int32_t	int64_t peer, uint16_t* result_buf, int32_t result_cap, int32_t* result_length	JAVA_INT	JAVA_LONG,ADDRESS,JAVA_INT,ADDRESS	HTMLBodyElement	getBackground	-	1	JavaHTMLBodyElement.cpp
wkj_dom_HTMLBodyElement_setBackground	void	int64_t peer, const uint16_t* value, int32_t value_length	void	JAVA_LONG,ADDRESS,JAVA_INT	HTMLBodyElement	setBackground	-	1	JavaHTMLBodyElement.cpp
wkj_dom_HTMLBodyElement_getBgColor	int32_t	int64_t peer, uint16_t* result_buf, int32_t result_cap, int32_t* result_length	JAVA_INT	JAVA_LONG,ADDRESS,JAVA_INT,ADDRESS	HTMLBodyElement	getBgColor	-	1	JavaHTMLBodyElement.cpp
wkj_dom_HTMLBodyElement_setBgColor	void	int64_t peer, const uint16_t* value, int32_t value_length	void	JAVA_LONG,ADDRESS,JAVA_INT	HTMLBodyElement	setBgColor	-	1	JavaHTMLBodyElement.cpp
wkj_dom_HTMLBodyElement_getLink	int32_t	int64_t peer, uint16_t* result_buf, int32_t result_cap, int32_t* result_length	JAVA_INT	JAVA_LONG,ADDRESS,JAVA_INT,ADDRESS	HTMLBodyElement	getLink	-	1	JavaHTMLBodyElement.cpp
wkj_dom_HTMLBodyElement_setLink	void	int64_t peer, const uint16_t* value, int32_t value_length	void	JAVA_LONG,ADDRESS,JAVA_INT	HTMLBodyElement	setLink	-	1	JavaHTMLBodyElement.cpp
wkj_dom_HTMLBodyElement_getText	int32_t	int64_t peer, uint16_t* result_buf, int32_t result_cap, int32_t* result_length	JAVA_INT	JAVA_LONG,ADDRESS,JAVA_INT,ADDRESS	HTMLBodyElement	getText	-	1	JavaHTMLBodyElement.cpp
wkj_dom_HTMLBodyElement_setText	void	int64_t peer, const uint16_t* value, int32_t value_length	void	JAVA_LONG,ADDRESS,JAVA_INT	HTMLBodyElement	setText	-	1	JavaHTMLBodyElement.cpp
wkj_dom_HTMLBodyElement_getVLink	int32_t	int64_t peer, uint16_t* result_buf, int32_t result_cap, int32_t* result_length	JAVA_INT	JAVA_LONG,ADDRESS,JAVA_INT,ADDRESS	HTMLBodyElement	getVLink	-	1	JavaHTMLBodyElement.cpp
wkj_dom_HTMLBodyElement_setVLink	void	int64_t peer, const uint16_t* value, int32_t value_length	void	JAVA_LONG,ADDRESS,JAVA_INT	HTMLBodyElement	setVLink	-	1	JavaHTMLBodyElement.cpp
wkj_dom_HTMLBodyElement_getOnblur	int64_t	int64_t peer	JAVA_LONG	JAVA_LONG	HTMLBodyElement	getOnblur	-	1	JavaHTMLBodyElement.cpp
wkj_dom_HTMLBodyElement_setOnblur	void	int64_t peer, int64_t value	void	JAVA_LONG,JAVA_LONG	HTMLBodyElement	setOnblur	-	1	JavaHTMLBodyElement.cpp
wkj_dom_HTMLBodyElement_getOnerror	int64_t	int64_t peer	JAVA_LONG	JAVA_LONG	HTMLBodyElement	getOnerror	-	1	JavaHTMLBodyElement.cpp
wkj_dom_HTMLBodyElement_setOnerror	void	int64_t peer, int64_t value	void	JAVA_LONG,JAVA_LONG	HTMLBodyElement	setOnerror	-	1	JavaHTMLBodyElement.cpp
wkj_dom_HTMLBodyElement_getOnfocus	int64_t	int64_t peer	JAVA_LONG	JAVA_LONG	HTMLBodyElement	getOnfocus	-	1	JavaHTMLBodyElement.cpp
wkj_dom_HTMLBodyElement_setOnfocus	void	int64_t peer, int64_t value	void	JAVA_LONG,JAVA_LONG	HTMLBodyElement	setOnfocus	-	1	JavaHTMLBodyElement.cpp
wkj_dom_HTMLBodyElement_getOnfocusin	int64_t	int64_t peer	JAVA_LONG	JAVA_LONG	HTMLBodyElement	getOnfocusin	-	1	JavaHTMLBodyElement.cpp
wkj_dom_HTMLBodyElement_setOnfocusin	void	int64_t peer, int64_t value	void	JAVA_LONG,JAVA_LONG	HTMLBodyElement	setOnfocusin	-	1	JavaHTMLBodyElement.cpp
wkj_dom_HTMLBodyElement_getOnfocusout	int64_t	int64_t peer	JAVA_LONG	JAVA_LONG	HTMLBodyElement	getOnfocusout	-	1	JavaHTMLBodyElement.cpp
wkj_dom_HTMLBodyElement_setOnfocusout	void	int64_t peer, int64_t value	void	JAVA_LONG,JAVA_LONG	HTMLBodyElement	setOnfocusout	-	1	JavaHTMLBodyElement.cpp
wkj_dom_HTMLBodyElement_getOnload	int64_t	int64_t peer	JAVA_LONG	JAVA_LONG	HTMLBodyElement	getOnload	-	1	JavaHTMLBodyElement.cpp
wkj_dom_HTMLBodyElement_setOnload	void	int64_t peer, int64_t value	void	JAVA_LONG,JAVA_LONG	HTMLBodyElement	setOnload	-	1	JavaHTMLBodyElement.cpp
wkj_dom_HTMLBodyElement_getOnresize	int64_t	int64_t peer	JAVA_LONG	JAVA_LONG	HTMLBodyElement	getOnresize	-	1	JavaHTMLBodyElement.cpp
wkj_dom_HTMLBodyElement_setOnresize	void	int64_t peer, int64_t value	void	JAVA_LONG,JAVA_LONG	HTMLBodyElement	setOnresize	-	1	JavaHTMLBodyElement.cpp
wkj_dom_HTMLBodyElement_getOnscroll	int64_t	int64_t peer	JAVA_LONG	JAVA_LONG	HTMLBodyElement	getOnscroll	-	1	JavaHTMLBodyElement.cpp
wkj_dom_HTMLBodyElement_setOnscroll	void	int64_t peer, int64_t value	void	JAVA_LONG,JAVA_LONG	HTMLBodyElement	setOnscroll	-	1	JavaHTMLBodyElement.cpp
wkj_dom_HTMLBodyElement_getOnselectionchange	int64_t	int64_t peer	JAVA_LONG	JAVA_LONG	HTMLBodyElement	getOnselectionchange	-	1	JavaHTMLBodyElement.cpp
wkj_dom_HTMLBodyElement_setOnselectionchange	void	int64_t peer, int64_t value	void	JAVA_LONG,JAVA_LONG	HTMLBodyElement	setOnselectionchange	-	1	JavaHTMLBodyElement.cpp
wkj_dom_HTMLBodyElement_getOnbeforeunload	int64_t	int64_t peer	JAVA_LONG	JAVA_LONG	HTMLBodyElement	getOnbeforeunload	-	1	JavaHTMLBodyElement.cpp
wkj_dom_HTMLBodyElement_setOnbeforeunload	void	int64_t peer, int64_t value	void	JAVA_LONG,JAVA_LONG	HTMLBodyElement	setOnbeforeunload	-	1	JavaHTMLBodyElement.cpp
wkj_dom_HTMLBodyElement_getOnhashchange	int64_t	int64_t peer	JAVA_LONG	JAVA_LONG	HTMLBodyElement	getOnhashchange	-	1	JavaHTMLBodyElement.cpp
wkj_dom_HTMLBodyElement_setOnhashchange	void	int64_t peer, int64_t value	void	JAVA_LONG,JAVA_LONG	HTMLBodyElement	setOnhashchange	-	1	JavaHTMLBodyElement.cpp
wkj_dom_HTMLBodyElement_getOnmessage	int64_t	int64_t peer	JAVA_LONG	JAVA_LONG	HTMLBodyElement	getOnmessage	-	1	JavaHTMLBodyElement.cpp
wkj_dom_HTMLBodyElement_setOnmessage	void	int64_t peer, int64_t value	void	JAVA_LONG,JAVA_LONG	HTMLBodyElement	setOnmessage	-	1	JavaHTMLBodyElement.cpp
wkj_dom_HTMLBodyElement_getOnoffline	int64_t	int64_t peer	JAVA_LONG	JAVA_LONG	HTMLBodyElement	getOnoffline	-	1	JavaHTMLBodyElement.cpp
wkj_dom_HTMLBodyElement_setOnoffline	void	int64_t peer, int64_t value	void	JAVA_LONG,JAVA_LONG	HTMLBodyElement	setOnoffline	-	1	JavaHTMLBodyElement.cpp
wkj_dom_HTMLBodyElement_getOnonline	int64_t	int64_t peer	JAVA_LONG	JAVA_LONG	HTMLBodyElement	getOnonline	-	1	JavaHTMLBodyElement.cpp
wkj_dom_HTMLBodyElement_setOnonline	void	int64_t peer, int64_t value	void	JAVA_LONG,JAVA_LONG	HTMLBodyElement	setOnonline	-	1	JavaHTMLBodyElement.cpp
wkj_dom_HTMLBodyElement_getOnpagehide	int64_t	int64_t peer	JAVA_LONG	JAVA_LONG	HTMLBodyElement	getOnpagehide	-	1	JavaHTMLBodyElement.cpp
wkj_dom_HTMLBodyElement_setOnpagehide	void	int64_t peer, int64_t value	void	JAVA_LONG,JAVA_LONG	HTMLBodyElement	setOnpagehide	-	1	JavaHTMLBodyElement.cpp
wkj_dom_HTMLBodyElement_getOnpageshow	int64_t	int64_t peer	JAVA_LONG	JAVA_LONG	HTMLBodyElement	getOnpageshow	-	1	JavaHTMLBodyElement.cpp
wkj_dom_HTMLBodyElement_setOnpageshow	void	int64_t peer, int64_t value	void	JAVA_LONG,JAVA_LONG	HTMLBodyElement	setOnpageshow	-	1	JavaHTMLBodyElement.cpp
wkj_dom_HTMLBodyElement_getOnpopstate	int64_t	int64_t peer	JAVA_LONG	JAVA_LONG	HTMLBodyElement	getOnpopstate	-	1	JavaHTMLBodyElement.cpp
wkj_dom_HTMLBodyElement_setOnpopstate	void	int64_t peer, int64_t value	void	JAVA_LONG,JAVA_LONG	HTMLBodyElement	setOnpopstate	-	1	JavaHTMLBodyElement.cpp
wkj_dom_HTMLBodyElement_getOnstorage	int64_t	int64_t peer	JAVA_LONG	JAVA_LONG	HTMLBodyElement	getOnstorage	-	1	JavaHTMLBodyElement.cpp
wkj_dom_HTMLBodyElement_setOnstorage	void	int64_t peer, int64_t value	void	JAVA_LONG,JAVA_LONG	HTMLBodyElement	setOnstorage	-	1	JavaHTMLBodyElement.cpp
wkj_dom_HTMLBodyElement_getOnunload	int64_t	int64_t peer	JAVA_LONG	JAVA_LONG	HTMLBodyElement	getOnunload	-	1	JavaHTMLBodyElement.cpp
wkj_dom_HTMLBodyElement_setOnunload	void	int64_t peer, int64_t value	void	JAVA_LONG,JAVA_LONG	HTMLBodyElement	setOnunload	-	1	JavaHTMLBodyElement.cpp
wkj_dom_HTMLButtonElement_getAutofocus	int32_t	int64_t peer	JAVA_INT	JAVA_LONG	HTMLButtonElement	getAutofocus	-	1	JavaHTMLButtonElement.cpp
wkj_dom_HTMLButtonElement_setAutofocus	void	int64_t peer, int32_t value	void	JAVA_LONG,JAVA_INT	HTMLButtonElement	setAutofocus	-	1	JavaHTMLButtonElement.cpp
wkj_dom_HTMLButtonElement_getDisabled	int32_t	int64_t peer	JAVA_INT	JAVA_LONG	HTMLButtonElement	getDisabled	-	1	JavaHTMLButtonElement.cpp
wkj_dom_HTMLButtonElement_setDisabled	void	int64_t peer, int32_t value	void	JAVA_LONG,JAVA_INT	HTMLButtonElement	setDisabled	-	1	JavaHTMLButtonElement.cpp
wkj_dom_HTMLButtonElement_getForm	int64_t	int64_t peer	JAVA_LONG	JAVA_LONG	HTMLButtonElement	getForm	-	1	JavaHTMLButtonElement.cpp
wkj_dom_HTMLButtonElement_getFormAction	int32_t	int64_t peer, uint16_t* result_buf, int32_t result_cap, int32_t* result_length	JAVA_INT	JAVA_LONG,ADDRESS,JAVA_INT,ADDRESS	HTMLButtonElement	getFormAction	-	1	JavaHTMLButtonElement.cpp
wkj_dom_HTMLButtonElement_getFormEnctype	int32_t	int64_t peer, uint16_t* result_buf, int32_t result_cap, int32_t* result_length	JAVA_INT	JAVA_LONG,ADDRESS,JAVA_INT,ADDRESS	HTMLButtonElement	getFormEnctype	-	1	JavaHTMLButtonElement.cpp
wkj_dom_HTMLButtonElement_getFormMethod	int32_t	int64_t peer, uint16_t* result_buf, int32_t result_cap, int32_t* result_length	JAVA_INT	JAVA_LONG,ADDRESS,JAVA_INT,ADDRESS	HTMLButtonElement	getFormMethod	-	1	JavaHTMLButtonElement.cpp
wkj_dom_HTMLButtonElement_getType	int32_t	int64_t peer, uint16_t* result_buf, int32_t result_cap, int32_t* result_length	JAVA_INT	JAVA_LONG,ADDRESS,JAVA_INT,ADDRESS	HTMLButtonElement	getType	-	1	JavaHTMLButtonElement.cpp
wkj_dom_HTMLButtonElement_getFormNoValidate	int32_t	int64_t peer	JAVA_INT	JAVA_LONG	HTMLButtonElement	getFormNoValidate	-	1	JavaHTMLButtonElement.cpp
wkj_dom_HTMLButtonElement_setFormNoValidate	void	int64_t peer, int32_t value	void	JAVA_LONG,JAVA_INT	HTMLButtonElement	setFormNoValidate	-	1	JavaHTMLButtonElement.cpp
wkj_dom_HTMLButtonElement_getFormTarget	int32_t	int64_t peer, uint16_t* result_buf, int32_t result_cap, int32_t* result_length	JAVA_INT	JAVA_LONG,ADDRESS,JAVA_INT,ADDRESS	HTMLButtonElement	getFormTarget	-	1	JavaHTMLButtonElement.cpp
wkj_dom_HTMLButtonElement_setFormTarget	void	int64_t peer, const uint16_t* value, int32_t value_length	void	JAVA_LONG,ADDRESS,JAVA_INT	HTMLButtonElement	setFormTarget	-	1	JavaHTMLButtonElement.cpp
wkj_dom_HTMLButtonElement_getName	int32_t	int64_t peer, uint16_t* result_buf, int32_t result_cap, int32_t* result_length	JAVA_INT	JAVA_LONG,ADDRESS,JAVA_INT,ADDRESS	HTMLButtonElement	getName	-	1	JavaHTMLButtonElement.cpp
wkj_dom_HTMLButtonElement_setName	void	int64_t peer, const uint16_t* value, int32_t value_length	void	JAVA_LONG,ADDRESS,JAVA_INT	HTMLButtonElement	setName	-	1	JavaHTMLButtonElement.cpp
wkj_dom_HTMLButtonElement_getValue	int32_t	int64_t peer, uint16_t* result_buf, int32_t result_cap, int32_t* result_length	JAVA_INT	JAVA_LONG,ADDRESS,JAVA_INT,ADDRESS	HTMLButtonElement	getValue	-	1	JavaHTMLButtonElement.cpp
wkj_dom_HTMLButtonElement_setValue	void	int64_t peer, const uint16_t* value, int32_t value_length	void	JAVA_LONG,ADDRESS,JAVA_INT	HTMLButtonElement	setValue	-	1	JavaHTMLButtonElement.cpp
wkj_dom_HTMLButtonElement_getWillValidate	int32_t	int64_t peer	JAVA_INT	JAVA_LONG	HTMLButtonElement	getWillValidate	-	1	JavaHTMLButtonElement.cpp
wkj_dom_HTMLButtonElement_getValidationMessage	int32_t	int64_t peer, uint16_t* result_buf, int32_t result_cap, int32_t* result_length	JAVA_INT	JAVA_LONG,ADDRESS,JAVA_INT,ADDRESS	HTMLButtonElement	getValidationMessage	-	1	JavaHTMLButtonElement.cpp
wkj_dom_HTMLButtonElement_getLabels	int64_t	int64_t peer	JAVA_LONG	JAVA_LONG	HTMLButtonElement	getLabels	-	1	JavaHTMLButtonElement.cpp
wkj_dom_HTMLButtonElement_getAccessKey	int32_t	int64_t peer, uint16_t* result_buf, int32_t result_cap, int32_t* result_length	JAVA_INT	JAVA_LONG,ADDRESS,JAVA_INT,ADDRESS	HTMLButtonElement	getAccessKey	-	1	JavaHTMLButtonElement.cpp
wkj_dom_HTMLButtonElement_setAccessKey	void	int64_t peer, const uint16_t* value, int32_t value_length	void	JAVA_LONG,ADDRESS,JAVA_INT	HTMLButtonElement	setAccessKey	-	1	JavaHTMLButtonElement.cpp
wkj_dom_HTMLButtonElement_checkValidity	int32_t	int64_t peer	JAVA_INT	JAVA_LONG	HTMLButtonElement	checkValidity	-	1	JavaHTMLButtonElement.cpp
wkj_dom_HTMLButtonElement_setCustomValidity	void	int64_t peer, const uint16_t* error, int32_t error_length	void	JAVA_LONG,ADDRESS,JAVA_INT	HTMLButtonElement	setCustomValidity	-	1	JavaHTMLButtonElement.cpp
wkj_dom_HTMLButtonElement_click	void	int64_t peer	void	JAVA_LONG	HTMLButtonElement	click	-	1	JavaHTMLButtonElement.cpp
wkj_dom_HTMLCollection_dispose	void	int64_t peer	void	JAVA_LONG	HTMLCollection	dispose	-	1	JavaHTMLCollection.cpp
wkj_dom_HTMLCollection_getCPPType	int32_t	int64_t peer	JAVA_INT	JAVA_LONG	HTMLCollection	getCPPType	-	1	JavaHTMLCollection.cpp
wkj_dom_HTMLCollection_getLength	int32_t	int64_t peer	JAVA_INT	JAVA_LONG	HTMLCollection	getLength	-	1	JavaHTMLCollection.cpp
wkj_dom_HTMLCollection_item	int64_t	int64_t peer, int32_t index	JAVA_LONG	JAVA_LONG,JAVA_INT	HTMLCollection	item	-	1	JavaHTMLCollection.cpp
wkj_dom_HTMLCollection_namedItem	int64_t	int64_t peer, const uint16_t* name, int32_t name_length	JAVA_LONG	JAVA_LONG,ADDRESS,JAVA_INT	HTMLCollection	namedItem	-	1	JavaHTMLCollection.cpp
wkj_dom_HTMLDListElement_getCompact	int32_t	int64_t peer	JAVA_INT	JAVA_LONG	HTMLDListElement	getCompact	-	1	JavaHTMLDListElement.cpp
wkj_dom_HTMLDListElement_setCompact	void	int64_t peer, int32_t value	void	JAVA_LONG,JAVA_INT	HTMLDListElement	setCompact	-	1	JavaHTMLDListElement.cpp
wkj_dom_HTMLDirectoryElement_getCompact	int32_t	int64_t peer	JAVA_INT	JAVA_LONG	HTMLDirectoryElement	getCompact	-	1	JavaHTMLDirectoryElement.cpp
wkj_dom_HTMLDirectoryElement_setCompact	void	int64_t peer, int32_t value	void	JAVA_LONG,JAVA_INT	HTMLDirectoryElement	setCompact	-	1	JavaHTMLDirectoryElement.cpp
wkj_dom_HTMLDivElement_getAlign	int32_t	int64_t peer, uint16_t* result_buf, int32_t result_cap, int32_t* result_length	JAVA_INT	JAVA_LONG,ADDRESS,JAVA_INT,ADDRESS	HTMLDivElement	getAlign	-	1	JavaHTMLDivElement.cpp
wkj_dom_HTMLDivElement_setAlign	void	int64_t peer, const uint16_t* value, int32_t value_length	void	JAVA_LONG,ADDRESS,JAVA_INT	HTMLDivElement	setAlign	-	1	JavaHTMLDivElement.cpp
wkj_dom_HTMLDocument_getEmbeds	int64_t	int64_t peer	JAVA_LONG	JAVA_LONG	HTMLDocument	getEmbeds	-	1	JavaHTMLDocument.cpp
wkj_dom_HTMLDocument_getPlugins	int64_t	int64_t peer	JAVA_LONG	JAVA_LONG	HTMLDocument	getPlugins	-	1	JavaHTMLDocument.cpp
wkj_dom_HTMLDocument_getScripts	int64_t	int64_t peer	JAVA_LONG	JAVA_LONG	HTMLDocument	getScripts	-	1	JavaHTMLDocument.cpp
wkj_dom_HTMLDocument_getDir	int32_t	int64_t peer, uint16_t* result_buf, int32_t result_cap, int32_t* result_length	JAVA_INT	JAVA_LONG,ADDRESS,JAVA_INT,ADDRESS	HTMLDocument	getDir	-	1	JavaHTMLDocument.cpp
wkj_dom_HTMLDocument_setDir	void	int64_t peer, const uint16_t* value, int32_t value_length	void	JAVA_LONG,ADDRESS,JAVA_INT	HTMLDocument	setDir	-	1	JavaHTMLDocument.cpp
wkj_dom_HTMLDocument_getDesignMode	int32_t	int64_t peer, uint16_t* result_buf, int32_t result_cap, int32_t* result_length	JAVA_INT	JAVA_LONG,ADDRESS,JAVA_INT,ADDRESS	HTMLDocument	getDesignMode	-	1	JavaHTMLDocument.cpp
wkj_dom_HTMLDocument_setDesignMode	void	int64_t peer, const uint16_t* value, int32_t value_length	void	JAVA_LONG,ADDRESS,JAVA_INT	HTMLDocument	setDesignMode	-	1	JavaHTMLDocument.cpp
wkj_dom_HTMLDocument_getCompatMode	int32_t	int64_t peer, uint16_t* result_buf, int32_t result_cap, int32_t* result_length	JAVA_INT	JAVA_LONG,ADDRESS,JAVA_INT,ADDRESS	HTMLDocument	getCompatMode	-	1	JavaHTMLDocument.cpp
wkj_dom_HTMLDocument_getBgColor	int32_t	int64_t peer, uint16_t* result_buf, int32_t result_cap, int32_t* result_length	JAVA_INT	JAVA_LONG,ADDRESS,JAVA_INT,ADDRESS	HTMLDocument	getBgColor	-	1	JavaHTMLDocument.cpp
wkj_dom_HTMLDocument_setBgColor	void	int64_t peer, const uint16_t* value, int32_t value_length	void	JAVA_LONG,ADDRESS,JAVA_INT	HTMLDocument	setBgColor	-	1	JavaHTMLDocument.cpp
wkj_dom_HTMLDocument_getFgColor	int32_t	int64_t peer, uint16_t* result_buf, int32_t result_cap, int32_t* result_length	JAVA_INT	JAVA_LONG,ADDRESS,JAVA_INT,ADDRESS	HTMLDocument	getFgColor	-	1	JavaHTMLDocument.cpp
wkj_dom_HTMLDocument_setFgColor	void	int64_t peer, const uint16_t* value, int32_t value_length	void	JAVA_LONG,ADDRESS,JAVA_INT	HTMLDocument	setFgColor	-	1	JavaHTMLDocument.cpp
wkj_dom_HTMLDocument_getAlinkColor	int32_t	int64_t peer, uint16_t* result_buf, int32_t result_cap, int32_t* result_length	JAVA_INT	JAVA_LONG,ADDRESS,JAVA_INT,ADDRESS	HTMLDocument	getAlinkColor	-	1	JavaHTMLDocument.cpp
wkj_dom_HTMLDocument_setAlinkColor	void	int64_t peer, const uint16_t* value, int32_t value_length	void	JAVA_LONG,ADDRESS,JAVA_INT	HTMLDocument	setAlinkColor	-	1	JavaHTMLDocument.cpp
wkj_dom_HTMLDocument_getLinkColor	int32_t	int64_t peer, uint16_t* result_buf, int32_t result_cap, int32_t* result_length	JAVA_INT	JAVA_LONG,ADDRESS,JAVA_INT,ADDRESS	HTMLDocument	getLinkColor	-	1	JavaHTMLDocument.cpp
wkj_dom_HTMLDocument_setLinkColor	void	int64_t peer, const uint16_t* value, int32_t value_length	void	JAVA_LONG,ADDRESS,JAVA_INT	HTMLDocument	setLinkColor	-	1	JavaHTMLDocument.cpp
wkj_dom_HTMLDocument_getVlinkColor	int32_t	int64_t peer, uint16_t* result_buf, int32_t result_cap, int32_t* result_length	JAVA_INT	JAVA_LONG,ADDRESS,JAVA_INT,ADDRESS	HTMLDocument	getVlinkColor	-	1	JavaHTMLDocument.cpp
wkj_dom_HTMLDocument_setVlinkColor	void	int64_t peer, const uint16_t* value, int32_t value_length	void	JAVA_LONG,ADDRESS,JAVA_INT	HTMLDocument	setVlinkColor	-	1	JavaHTMLDocument.cpp
wkj_dom_HTMLDocument_open	void	int64_t peer	void	JAVA_LONG	HTMLDocument	open	-	1	JavaHTMLDocument.cpp
wkj_dom_HTMLDocument_close	void	int64_t peer	void	JAVA_LONG	HTMLDocument	close	-	1	JavaHTMLDocument.cpp
wkj_dom_HTMLDocument_write	void	int64_t peer, const uint16_t* text, int32_t text_length	void	JAVA_LONG,ADDRESS,JAVA_INT	HTMLDocument	write	-	1	JavaHTMLDocument.cpp
wkj_dom_HTMLDocument_writeln	void	int64_t peer, const uint16_t* text, int32_t text_length	void	JAVA_LONG,ADDRESS,JAVA_INT	HTMLDocument	writeln	-	1	JavaHTMLDocument.cpp
wkj_dom_HTMLDocument_clear	void	int64_t peer	void	JAVA_LONG	HTMLDocument	clear	-	1	JavaHTMLDocument.cpp
wkj_dom_HTMLDocument_captureEvents	void	int64_t peer	void	JAVA_LONG	HTMLDocument	captureEvents	-	1	JavaHTMLDocument.cpp
wkj_dom_HTMLDocument_releaseEvents	void	int64_t peer	void	JAVA_LONG	HTMLDocument	releaseEvents	-	1	JavaHTMLDocument.cpp
wkj_dom_HTMLElement_getId	int32_t	int64_t peer, uint16_t* result_buf, int32_t result_cap, int32_t* result_length	JAVA_INT	JAVA_LONG,ADDRESS,JAVA_INT,ADDRESS	HTMLElement	getId	-	1	JavaHTMLElement.cpp
wkj_dom_HTMLElement_setId	void	int64_t peer, const uint16_t* value, int32_t value_length	void	JAVA_LONG,ADDRESS,JAVA_INT	HTMLElement	setId	-	1	JavaHTMLElement.cpp
wkj_dom_HTMLElement_getTitle	int32_t	int64_t peer, uint16_t* result_buf, int32_t result_cap, int32_t* result_length	JAVA_INT	JAVA_LONG,ADDRESS,JAVA_INT,ADDRESS	HTMLElement	getTitle	-	1	JavaHTMLElement.cpp
wkj_dom_HTMLElement_setTitle	void	int64_t peer, const uint16_t* value, int32_t value_length	void	JAVA_LONG,ADDRESS,JAVA_INT	HTMLElement	setTitle	-	1	JavaHTMLElement.cpp
wkj_dom_HTMLElement_getLang	int32_t	int64_t peer, uint16_t* result_buf, int32_t result_cap, int32_t* result_length	JAVA_INT	JAVA_LONG,ADDRESS,JAVA_INT,ADDRESS	HTMLElement	getLang	-	1	JavaHTMLElement.cpp
wkj_dom_HTMLElement_setLang	void	int64_t peer, const uint16_t* value, int32_t value_length	void	JAVA_LONG,ADDRESS,JAVA_INT	HTMLElement	setLang	-	1	JavaHTMLElement.cpp
wkj_dom_HTMLElement_getTranslate	int32_t	int64_t peer	JAVA_INT	JAVA_LONG	HTMLElement	getTranslate	-	1	JavaHTMLElement.cpp
wkj_dom_HTMLElement_setTranslate	void	int64_t peer, int32_t value	void	JAVA_LONG,JAVA_INT	HTMLElement	setTranslate	-	1	JavaHTMLElement.cpp
wkj_dom_HTMLElement_getDir	int32_t	int64_t peer, uint16_t* result_buf, int32_t result_cap, int32_t* result_length	JAVA_INT	JAVA_LONG,ADDRESS,JAVA_INT,ADDRESS	HTMLElement	getDir	-	1	JavaHTMLElement.cpp
wkj_dom_HTMLElement_getDraggable	int32_t	int64_t peer	JAVA_INT	JAVA_LONG	HTMLElement	getDraggable	-	1	JavaHTMLElement.cpp
wkj_dom_HTMLElement_setDraggable	void	int64_t peer, int32_t value	void	JAVA_LONG,JAVA_INT	HTMLElement	setDraggable	-	1	JavaHTMLElement.cpp
wkj_dom_HTMLElement_getWebkitdropzone	int32_t	int64_t peer, uint16_t* result_buf, int32_t result_cap, int32_t* result_length	JAVA_INT	JAVA_LONG,ADDRESS,JAVA_INT,ADDRESS	HTMLElement	getWebkitdropzone	-	1	JavaHTMLElement.cpp
wkj_dom_HTMLElement_setWebkitdropzone	void	int64_t peer, const uint16_t* value, int32_t value_length	void	JAVA_LONG,ADDRESS,JAVA_INT	HTMLElement	setWebkitdropzone	-	1	JavaHTMLElement.cpp
wkj_dom_HTMLElement_getHidden	int32_t	int64_t peer	JAVA_INT	JAVA_LONG	HTMLElement	getHidden	-	1	JavaHTMLElement.cpp
wkj_dom_HTMLElement_setHidden	void	int64_t peer, int32_t value	void	JAVA_LONG,JAVA_INT	HTMLElement	setHidden	-	1	JavaHTMLElement.cpp
wkj_dom_HTMLElement_getAccessKey	int32_t	int64_t peer, uint16_t* result_buf, int32_t result_cap, int32_t* result_length	JAVA_INT	JAVA_LONG,ADDRESS,JAVA_INT,ADDRESS	HTMLElement	getAccessKey	-	1	JavaHTMLElement.cpp
wkj_dom_HTMLElement_setAccessKey	void	int64_t peer, const uint16_t* value, int32_t value_length	void	JAVA_LONG,ADDRESS,JAVA_INT	HTMLElement	setAccessKey	-	1	JavaHTMLElement.cpp
wkj_dom_HTMLElement_getInnerText	int32_t	int64_t peer, uint16_t* result_buf, int32_t result_cap, int32_t* result_length	JAVA_INT	JAVA_LONG,ADDRESS,JAVA_INT,ADDRESS	HTMLElement	getInnerText	-	1	JavaHTMLElement.cpp
wkj_dom_HTMLElement_setInnerText	void	int64_t peer, const uint16_t* value, int32_t value_length	void	JAVA_LONG,ADDRESS,JAVA_INT	HTMLElement	setInnerText	-	1	JavaHTMLElement.cpp
wkj_dom_HTMLElement_getOuterText	int32_t	int64_t peer, uint16_t* result_buf, int32_t result_cap, int32_t* result_length	JAVA_INT	JAVA_LONG,ADDRESS,JAVA_INT,ADDRESS	HTMLElement	getOuterText	-	1	JavaHTMLElement.cpp
wkj_dom_HTMLElement_setOuterText	void	int64_t peer, const uint16_t* value, int32_t value_length	void	JAVA_LONG,ADDRESS,JAVA_INT	HTMLElement	setOuterText	-	1	JavaHTMLElement.cpp
wkj_dom_HTMLElement_getChildren	int64_t	int64_t peer	JAVA_LONG	JAVA_LONG	HTMLElement	getChildren	-	1	JavaHTMLElement.cpp
wkj_dom_HTMLElement_getContentEditable	int32_t	int64_t peer, uint16_t* result_buf, int32_t result_cap, int32_t* result_length	JAVA_INT	JAVA_LONG,ADDRESS,JAVA_INT,ADDRESS	HTMLElement	getContentEditable	-	1	JavaHTMLElement.cpp
wkj_dom_HTMLElement_setContentEditable	void	int64_t peer, const uint16_t* value, int32_t value_length	void	JAVA_LONG,ADDRESS,JAVA_INT	HTMLElement	setContentEditable	-	1	JavaHTMLElement.cpp
wkj_dom_HTMLElement_getIsContentEditable	int32_t	int64_t peer	JAVA_INT	JAVA_LONG	HTMLElement	getIsContentEditable	-	1	JavaHTMLElement.cpp
wkj_dom_HTMLElement_getSpellcheck	int32_t	int64_t peer	JAVA_INT	JAVA_LONG	HTMLElement	getSpellcheck	-	1	JavaHTMLElement.cpp
wkj_dom_HTMLElement_setSpellcheck	void	int64_t peer, int32_t value	void	JAVA_LONG,JAVA_INT	HTMLElement	setSpellcheck	-	1	JavaHTMLElement.cpp
wkj_dom_HTMLElement_getTitleDisplayString	int32_t	int64_t peer, uint16_t* result_buf, int32_t result_cap, int32_t* result_length	JAVA_INT	JAVA_LONG,ADDRESS,JAVA_INT,ADDRESS	HTMLElement	getTitleDisplayString	-	1	JavaHTMLElement.cpp
wkj_dom_HTMLElement_insertAdjacentElement	int64_t	int64_t peer, const uint16_t* where, int32_t where_length, int64_t element	JAVA_LONG	JAVA_LONG,ADDRESS,JAVA_INT,JAVA_LONG	HTMLElement	insertAdjacentElement	THROWS	1	JavaHTMLElement.cpp
wkj_dom_HTMLElement_insertAdjacentHTML	void	int64_t peer, const uint16_t* where, int32_t where_length, const uint16_t* html, int32_t html_length	void	JAVA_LONG,ADDRESS,JAVA_INT,ADDRESS,JAVA_INT	HTMLElement	insertAdjacentHTML	THROWS	1	JavaHTMLElement.cpp
wkj_dom_HTMLElement_insertAdjacentText	void	int64_t peer, const uint16_t* where, int32_t where_length, const uint16_t* text, int32_t text_length	void	JAVA_LONG,ADDRESS,JAVA_INT,ADDRESS,JAVA_INT	HTMLElement	insertAdjacentText	THROWS	1	JavaHTMLElement.cpp
wkj_dom_HTMLElement_click	void	int64_t peer	void	JAVA_LONG	HTMLElement	click	-	1	JavaHTMLElement.cpp
wkj_dom_HTMLFieldSetElement_getDisabled	int32_t	int64_t peer	JAVA_INT	JAVA_LONG	HTMLFieldSetElement	getDisabled	-	1	JavaHTMLFieldSetElement.cpp
wkj_dom_HTMLFieldSetElement_setDisabled	void	int64_t peer, int32_t value	void	JAVA_LONG,JAVA_INT	HTMLFieldSetElement	setDisabled	-	1	JavaHTMLFieldSetElement.cpp
wkj_dom_HTMLFieldSetElement_getForm	int64_t	int64_t peer	JAVA_LONG	JAVA_LONG	HTMLFieldSetElement	getForm	-	1	JavaHTMLFieldSetElement.cpp
wkj_dom_HTMLFieldSetElement_getName	int32_t	int64_t peer, uint16_t* result_buf, int32_t result_cap, int32_t* result_length	JAVA_INT	JAVA_LONG,ADDRESS,JAVA_INT,ADDRESS	HTMLFieldSetElement	getName	-	1	JavaHTMLFieldSetElement.cpp
wkj_dom_HTMLFieldSetElement_setName	void	int64_t peer, const uint16_t* value, int32_t value_length	void	JAVA_LONG,ADDRESS,JAVA_INT	HTMLFieldSetElement	setName	-	1	JavaHTMLFieldSetElement.cpp
wkj_dom_HTMLFieldSetElement_getType	int32_t	int64_t peer, uint16_t* result_buf, int32_t result_cap, int32_t* result_length	JAVA_INT	JAVA_LONG,ADDRESS,JAVA_INT,ADDRESS	HTMLFieldSetElement	getType	-	1	JavaHTMLFieldSetElement.cpp
wkj_dom_HTMLFieldSetElement_getWillValidate	int32_t	int64_t peer	JAVA_INT	JAVA_LONG	HTMLFieldSetElement	getWillValidate	-	1	JavaHTMLFieldSetElement.cpp
wkj_dom_HTMLFieldSetElement_getValidationMessage	int32_t	int64_t peer, uint16_t* result_buf, int32_t result_cap, int32_t* result_length	JAVA_INT	JAVA_LONG,ADDRESS,JAVA_INT,ADDRESS	HTMLFieldSetElement	getValidationMessage	-	1	JavaHTMLFieldSetElement.cpp
wkj_dom_HTMLFieldSetElement_checkValidity	int32_t	int64_t peer	JAVA_INT	JAVA_LONG	HTMLFieldSetElement	checkValidity	-	1	JavaHTMLFieldSetElement.cpp
wkj_dom_HTMLFieldSetElement_setCustomValidity	void	int64_t peer, const uint16_t* error, int32_t error_length	void	JAVA_LONG,ADDRESS,JAVA_INT	HTMLFieldSetElement	setCustomValidity	-	1	JavaHTMLFieldSetElement.cpp
wkj_dom_HTMLFontElement_getColor	int32_t	int64_t peer, uint16_t* result_buf, int32_t result_cap, int32_t* result_length	JAVA_INT	JAVA_LONG,ADDRESS,JAVA_INT,ADDRESS	HTMLFontElement	getColor	-	1	JavaHTMLFontElement.cpp
wkj_dom_HTMLFontElement_setColor	void	int64_t peer, const uint16_t* value, int32_t value_length	void	JAVA_LONG,ADDRESS,JAVA_INT	HTMLFontElement	setColor	-	1	JavaHTMLFontElement.cpp
wkj_dom_HTMLFontElement_getFace	int32_t	int64_t peer, uint16_t* result_buf, int32_t result_cap, int32_t* result_length	JAVA_INT	JAVA_LONG,ADDRESS,JAVA_INT,ADDRESS	HTMLFontElement	getFace	-	1	JavaHTMLFontElement.cpp
wkj_dom_HTMLFontElement_setFace	void	int64_t peer, const uint16_t* value, int32_t value_length	void	JAVA_LONG,ADDRESS,JAVA_INT	HTMLFontElement	setFace	-	1	JavaHTMLFontElement.cpp
wkj_dom_HTMLFontElement_getSize	int32_t	int64_t peer, uint16_t* result_buf, int32_t result_cap, int32_t* result_length	JAVA_INT	JAVA_LONG,ADDRESS,JAVA_INT,ADDRESS	HTMLFontElement	getSize	-	1	JavaHTMLFontElement.cpp
wkj_dom_HTMLFontElement_setSize	void	int64_t peer, const uint16_t* value, int32_t value_length	void	JAVA_LONG,ADDRESS,JAVA_INT	HTMLFontElement	setSize	-	1	JavaHTMLFontElement.cpp
wkj_dom_HTMLFormElement_getAcceptCharset	int32_t	int64_t peer, uint16_t* result_buf, int32_t result_cap, int32_t* result_length	JAVA_INT	JAVA_LONG,ADDRESS,JAVA_INT,ADDRESS	HTMLFormElement	getAcceptCharset	-	1	JavaHTMLFormElement.cpp
wkj_dom_HTMLFormElement_setAcceptCharset	void	int64_t peer, const uint16_t* value, int32_t value_length	void	JAVA_LONG,ADDRESS,JAVA_INT	HTMLFormElement	setAcceptCharset	-	1	JavaHTMLFormElement.cpp
wkj_dom_HTMLFormElement_getAction	int32_t	int64_t peer, uint16_t* result_buf, int32_t result_cap, int32_t* result_length	JAVA_INT	JAVA_LONG,ADDRESS,JAVA_INT,ADDRESS	HTMLFormElement	getAction	-	1	JavaHTMLFormElement.cpp
wkj_dom_HTMLFormElement_setAction	void	int64_t peer, const uint16_t* value, int32_t value_length	void	JAVA_LONG,ADDRESS,JAVA_INT	HTMLFormElement	setAction	-	1	JavaHTMLFormElement.cpp
wkj_dom_HTMLFormElement_getEncoding	int32_t	int64_t peer, uint16_t* result_buf, int32_t result_cap, int32_t* result_length	JAVA_INT	JAVA_LONG,ADDRESS,JAVA_INT,ADDRESS	HTMLFormElement	getEncoding	-	1	JavaHTMLFormElement.cpp
wkj_dom_HTMLFormElement_getMethod	int32_t	int64_t peer, uint16_t* result_buf, int32_t result_cap, int32_t* result_length	JAVA_INT	JAVA_LONG,ADDRESS,JAVA_INT,ADDRESS	HTMLFormElement	getMethod	-	1	JavaHTMLFormElement.cpp
wkj_dom_HTMLFormElement_getName	int32_t	int64_t peer, uint16_t* result_buf, int32_t result_cap, int32_t* result_length	JAVA_INT	JAVA_LONG,ADDRESS,JAVA_INT,ADDRESS	HTMLFormElement	getName	-	1	JavaHTMLFormElement.cpp
wkj_dom_HTMLFormElement_setName	void	int64_t peer, const uint16_t* value, int32_t value_length	void	JAVA_LONG,ADDRESS,JAVA_INT	HTMLFormElement	setName	-	1	JavaHTMLFormElement.cpp
wkj_dom_HTMLFormElement_getNoValidate	int32_t	int64_t peer	JAVA_INT	JAVA_LONG	HTMLFormElement	getNoValidate	-	1	JavaHTMLFormElement.cpp
wkj_dom_HTMLFormElement_setNoValidate	void	int64_t peer, int32_t value	void	JAVA_LONG,JAVA_INT	HTMLFormElement	setNoValidate	-	1	JavaHTMLFormElement.cpp
wkj_dom_HTMLFormElement_getTarget	int32_t	int64_t peer, uint16_t* result_buf, int32_t result_cap, int32_t* result_length	JAVA_INT	JAVA_LONG,ADDRESS,JAVA_INT,ADDRESS	HTMLFormElement	getTarget	-	1	JavaHTMLFormElement.cpp
wkj_dom_HTMLFormElement_setTarget	void	int64_t peer, const uint16_t* value, int32_t value_length	void	JAVA_LONG,ADDRESS,JAVA_INT	HTMLFormElement	setTarget	-	1	JavaHTMLFormElement.cpp
wkj_dom_HTMLFormElement_getElements	int64_t	int64_t peer	JAVA_LONG	JAVA_LONG	HTMLFormElement	getElements	-	1	JavaHTMLFormElement.cpp
wkj_dom_HTMLFormElement_getLength	int32_t	int64_t peer	JAVA_INT	JAVA_LONG	HTMLFormElement	getLength	-	1	JavaHTMLFormElement.cpp
wkj_dom_HTMLFormElement_submit	void	int64_t peer	void	JAVA_LONG	HTMLFormElement	submit	-	1	JavaHTMLFormElement.cpp
wkj_dom_HTMLFormElement_reset	void	int64_t peer	void	JAVA_LONG	HTMLFormElement	reset	-	1	JavaHTMLFormElement.cpp
wkj_dom_HTMLFormElement_checkValidity	int32_t	int64_t peer	JAVA_INT	JAVA_LONG	HTMLFormElement	checkValidity	-	1	JavaHTMLFormElement.cpp
wkj_dom_HTMLFrameElement_getFrameBorder	int32_t	int64_t peer, uint16_t* result_buf, int32_t result_cap, int32_t* result_length	JAVA_INT	JAVA_LONG,ADDRESS,JAVA_INT,ADDRESS	HTMLFrameElement	getFrameBorder	-	1	JavaHTMLFrameElement.cpp
wkj_dom_HTMLFrameElement_setFrameBorder	void	int64_t peer, const uint16_t* value, int32_t value_length	void	JAVA_LONG,ADDRESS,JAVA_INT	HTMLFrameElement	setFrameBorder	-	1	JavaHTMLFrameElement.cpp
wkj_dom_HTMLFrameElement_getLongDesc	int32_t	int64_t peer, uint16_t* result_buf, int32_t result_cap, int32_t* result_length	JAVA_INT	JAVA_LONG,ADDRESS,JAVA_INT,ADDRESS	HTMLFrameElement	getLongDesc	-	1	JavaHTMLFrameElement.cpp
wkj_dom_HTMLFrameElement_setLongDesc	void	int64_t peer, const uint16_t* value, int32_t value_length	void	JAVA_LONG,ADDRESS,JAVA_INT	HTMLFrameElement	setLongDesc	-	1	JavaHTMLFrameElement.cpp
wkj_dom_HTMLFrameElement_getMarginHeight	int32_t	int64_t peer, uint16_t* result_buf, int32_t result_cap, int32_t* result_length	JAVA_INT	JAVA_LONG,ADDRESS,JAVA_INT,ADDRESS	HTMLFrameElement	getMarginHeight	-	1	JavaHTMLFrameElement.cpp
wkj_dom_HTMLFrameElement_setMarginHeight	void	int64_t peer, const uint16_t* value, int32_t value_length	void	JAVA_LONG,ADDRESS,JAVA_INT	HTMLFrameElement	setMarginHeight	-	1	JavaHTMLFrameElement.cpp
wkj_dom_HTMLFrameElement_getMarginWidth	int32_t	int64_t peer, uint16_t* result_buf, int32_t result_cap, int32_t* result_length	JAVA_INT	JAVA_LONG,ADDRESS,JAVA_INT,ADDRESS	HTMLFrameElement	getMarginWidth	-	1	JavaHTMLFrameElement.cpp
wkj_dom_HTMLFrameElement_setMarginWidth	void	int64_t peer, const uint16_t* value, int32_t value_length	void	JAVA_LONG,ADDRESS,JAVA_INT	HTMLFrameElement	setMarginWidth	-	1	JavaHTMLFrameElement.cpp
wkj_dom_HTMLFrameElement_getName	int32_t	int64_t peer, uint16_t* result_buf, int32_t result_cap, int32_t* result_length	JAVA_INT	JAVA_LONG,ADDRESS,JAVA_INT,ADDRESS	HTMLFrameElement	getName	-	1	JavaHTMLFrameElement.cpp
wkj_dom_HTMLFrameElement_setName	void	int64_t peer, const uint16_t* value, int32_t value_length	void	JAVA_LONG,ADDRESS,JAVA_INT	HTMLFrameElement	setName	-	1	JavaHTMLFrameElement.cpp
wkj_dom_HTMLFrameElement_getNoResize	int32_t	int64_t peer	JAVA_INT	JAVA_LONG	HTMLFrameElement	getNoResize	-	1	JavaHTMLFrameElement.cpp
wkj_dom_HTMLFrameElement_setNoResize	void	int64_t peer, int32_t value	void	JAVA_LONG,JAVA_INT	HTMLFrameElement	setNoResize	-	1	JavaHTMLFrameElement.cpp
wkj_dom_HTMLFrameElement_getScrolling	int32_t	int64_t peer, uint16_t* result_buf, int32_t result_cap, int32_t* result_length	JAVA_INT	JAVA_LONG,ADDRESS,JAVA_INT,ADDRESS	HTMLFrameElement	getScrolling	-	1	JavaHTMLFrameElement.cpp
wkj_dom_HTMLFrameElement_setScrolling	void	int64_t peer, const uint16_t* value, int32_t value_length	void	JAVA_LONG,ADDRESS,JAVA_INT	HTMLFrameElement	setScrolling	-	1	JavaHTMLFrameElement.cpp
wkj_dom_HTMLFrameElement_getSrc	int32_t	int64_t peer, uint16_t* result_buf, int32_t result_cap, int32_t* result_length	JAVA_INT	JAVA_LONG,ADDRESS,JAVA_INT,ADDRESS	HTMLFrameElement	getSrc	-	1	JavaHTMLFrameElement.cpp
wkj_dom_HTMLFrameElement_setSrc	void	int64_t peer, const uint16_t* value, int32_t value_length	void	JAVA_LONG,ADDRESS,JAVA_INT	HTMLFrameElement	setSrc	-	1	JavaHTMLFrameElement.cpp
wkj_dom_HTMLFrameElement_getContentDocument	int64_t	int64_t peer	JAVA_LONG	JAVA_LONG	HTMLFrameElement	getContentDocument	-	1	JavaHTMLFrameElement.cpp
wkj_dom_HTMLFrameElement_getContentWindow	int64_t	int64_t peer	JAVA_LONG	JAVA_LONG	HTMLFrameElement	getContentWindow	-	1	JavaHTMLFrameElement.cpp
wkj_dom_HTMLFrameElement_getLocation	int32_t	int64_t peer, uint16_t* result_buf, int32_t result_cap, int32_t* result_length	JAVA_INT	JAVA_LONG,ADDRESS,JAVA_INT,ADDRESS	HTMLFrameElement	getLocation	-	1	JavaHTMLFrameElement.cpp
wkj_dom_HTMLFrameElement_setLocation	void	int64_t peer, const uint16_t* value, int32_t value_length	void	JAVA_LONG,ADDRESS,JAVA_INT	HTMLFrameElement	setLocation	-	1	JavaHTMLFrameElement.cpp
wkj_dom_HTMLFrameElement_getWidth	int32_t	int64_t peer	JAVA_INT	JAVA_LONG	HTMLFrameElement	getWidth	-	1	JavaHTMLFrameElement.cpp
wkj_dom_HTMLFrameElement_getHeight	int32_t	int64_t peer	JAVA_INT	JAVA_LONG	HTMLFrameElement	getHeight	-	1	JavaHTMLFrameElement.cpp
wkj_dom_HTMLFrameSetElement_getCols	int32_t	int64_t peer, uint16_t* result_buf, int32_t result_cap, int32_t* result_length	JAVA_INT	JAVA_LONG,ADDRESS,JAVA_INT,ADDRESS	HTMLFrameSetElement	getCols	-	1	JavaHTMLFrameSetElement.cpp
wkj_dom_HTMLFrameSetElement_setCols	void	int64_t peer, const uint16_t* value, int32_t value_length	void	JAVA_LONG,ADDRESS,JAVA_INT	HTMLFrameSetElement	setCols	-	1	JavaHTMLFrameSetElement.cpp
wkj_dom_HTMLFrameSetElement_getRows	int32_t	int64_t peer, uint16_t* result_buf, int32_t result_cap, int32_t* result_length	JAVA_INT	JAVA_LONG,ADDRESS,JAVA_INT,ADDRESS	HTMLFrameSetElement	getRows	-	1	JavaHTMLFrameSetElement.cpp
wkj_dom_HTMLFrameSetElement_setRows	void	int64_t peer, const uint16_t* value, int32_t value_length	void	JAVA_LONG,ADDRESS,JAVA_INT	HTMLFrameSetElement	setRows	-	1	JavaHTMLFrameSetElement.cpp
wkj_dom_HTMLFrameSetElement_getOnblur	int64_t	int64_t peer	JAVA_LONG	JAVA_LONG	HTMLFrameSetElement	getOnblur	-	1	JavaHTMLFrameSetElement.cpp
wkj_dom_HTMLFrameSetElement_setOnblur	void	int64_t peer, int64_t value	void	JAVA_LONG,JAVA_LONG	HTMLFrameSetElement	setOnblur	-	1	JavaHTMLFrameSetElement.cpp
wkj_dom_HTMLFrameSetElement_getOnerror	int64_t	int64_t peer	JAVA_LONG	JAVA_LONG	HTMLFrameSetElement	getOnerror	-	1	JavaHTMLFrameSetElement.cpp
wkj_dom_HTMLFrameSetElement_setOnerror	void	int64_t peer, int64_t value	void	JAVA_LONG,JAVA_LONG	HTMLFrameSetElement	setOnerror	-	1	JavaHTMLFrameSetElement.cpp
wkj_dom_HTMLFrameSetElement_getOnfocus	int64_t	int64_t peer	JAVA_LONG	JAVA_LONG	HTMLFrameSetElement	getOnfocus	-	1	JavaHTMLFrameSetElement.cpp
wkj_dom_HTMLFrameSetElement_setOnfocus	void	int64_t peer, int64_t value	void	JAVA_LONG,JAVA_LONG	HTMLFrameSetElement	setOnfocus	-	1	JavaHTMLFrameSetElement.cpp
wkj_dom_HTMLFrameSetElement_getOnfocusin	int64_t	int64_t peer	JAVA_LONG	JAVA_LONG	HTMLFrameSetElement	getOnfocusin	-	1	JavaHTMLFrameSetElement.cpp
wkj_dom_HTMLFrameSetElement_setOnfocusin	void	int64_t peer, int64_t value	void	JAVA_LONG,JAVA_LONG	HTMLFrameSetElement	setOnfocusin	-	1	JavaHTMLFrameSetElement.cpp
wkj_dom_HTMLFrameSetElement_getOnfocusout	int64_t	int64_t peer	JAVA_LONG	JAVA_LONG	HTMLFrameSetElement	getOnfocusout	-	1	JavaHTMLFrameSetElement.cpp
wkj_dom_HTMLFrameSetElement_setOnfocusout	void	int64_t peer, int64_t value	void	JAVA_LONG,JAVA_LONG	HTMLFrameSetElement	setOnfocusout	-	1	JavaHTMLFrameSetElement.cpp
wkj_dom_HTMLFrameSetElement_getOnload	int64_t	int64_t peer	JAVA_LONG	JAVA_LONG	HTMLFrameSetElement	getOnload	-	1	JavaHTMLFrameSetElement.cpp
wkj_dom_HTMLFrameSetElement_setOnload	void	int64_t peer, int64_t value	void	JAVA_LONG,JAVA_LONG	HTMLFrameSetElement	setOnload	-	1	JavaHTMLFrameSetElement.cpp
wkj_dom_HTMLFrameSetElement_getOnresize	int64_t	int64_t peer	JAVA_LONG	JAVA_LONG	HTMLFrameSetElement	getOnresize	-	1	JavaHTMLFrameSetElement.cpp
wkj_dom_HTMLFrameSetElement_setOnresize	void	int64_t peer, int64_t value	void	JAVA_LONG,JAVA_LONG	HTMLFrameSetElement	setOnresize	-	1	JavaHTMLFrameSetElement.cpp
wkj_dom_HTMLFrameSetElement_getOnscroll	int64_t	int64_t peer	JAVA_LONG	JAVA_LONG	HTMLFrameSetElement	getOnscroll	-	1	JavaHTMLFrameSetElement.cpp
wkj_dom_HTMLFrameSetElement_setOnscroll	void	int64_t peer, int64_t value	void	JAVA_LONG,JAVA_LONG	HTMLFrameSetElement	setOnscroll	-	1	JavaHTMLFrameSetElement.cpp
wkj_dom_HTMLFrameSetElement_getOnbeforeunload	int64_t	int64_t peer	JAVA_LONG	JAVA_LONG	HTMLFrameSetElement	getOnbeforeunload	-	1	JavaHTMLFrameSetElement.cpp
wkj_dom_HTMLFrameSetElement_setOnbeforeunload	void	int64_t peer, int64_t value	void	JAVA_LONG,JAVA_LONG	HTMLFrameSetElement	setOnbeforeunload	-	1	JavaHTMLFrameSetElement.cpp
wkj_dom_HTMLFrameSetElement_getOnhashchange	int64_t	int64_t peer	JAVA_LONG	JAVA_LONG	HTMLFrameSetElement	getOnhashchange	-	1	JavaHTMLFrameSetElement.cpp
wkj_dom_HTMLFrameSetElement_setOnhashchange	void	int64_t peer, int64_t value	void	JAVA_LONG,JAVA_LONG	HTMLFrameSetElement	setOnhashchange	-	1	JavaHTMLFrameSetElement.cpp
wkj_dom_HTMLFrameSetElement_getOnmessage	int64_t	int64_t peer	JAVA_LONG	JAVA_LONG	HTMLFrameSetElement	getOnmessage	-	1	JavaHTMLFrameSetElement.cpp
wkj_dom_HTMLFrameSetElement_setOnmessage	void	int64_t peer, int64_t value	void	JAVA_LONG,JAVA_LONG	HTMLFrameSetElement	setOnmessage	-	1	JavaHTMLFrameSetElement.cpp
wkj_dom_HTMLFrameSetElement_getOnoffline	int64_t	int64_t peer	JAVA_LONG	JAVA_LONG	HTMLFrameSetElement	getOnoffline	-	1	JavaHTMLFrameSetElement.cpp
wkj_dom_HTMLFrameSetElement_setOnoffline	void	int64_t peer, int64_t value	void	JAVA_LONG,JAVA_LONG	HTMLFrameSetElement	setOnoffline	-	1	JavaHTMLFrameSetElement.cpp
wkj_dom_HTMLFrameSetElement_getOnonline	int64_t	int64_t peer	JAVA_LONG	JAVA_LONG	HTMLFrameSetElement	getOnonline	-	1	JavaHTMLFrameSetElement.cpp
wkj_dom_HTMLFrameSetElement_setOnonline	void	int64_t peer, int64_t value	void	JAVA_LONG,JAVA_LONG	HTMLFrameSetElement	setOnonline	-	1	JavaHTMLFrameSetElement.cpp
wkj_dom_HTMLFrameSetElement_getOnpagehide	int64_t	int64_t peer	JAVA_LONG	JAVA_LONG	HTMLFrameSetElement	getOnpagehide	-	1	JavaHTMLFrameSetElement.cpp
wkj_dom_HTMLFrameSetElement_setOnpagehide	void	int64_t peer, int64_t value	void	JAVA_LONG,JAVA_LONG	HTMLFrameSetElement	setOnpagehide	-	1	JavaHTMLFrameSetElement.cpp
wkj_dom_HTMLFrameSetElement_getOnpageshow	int64_t	int64_t peer	JAVA_LONG	JAVA_LONG	HTMLFrameSetElement	getOnpageshow	-	1	JavaHTMLFrameSetElement.cpp
wkj_dom_HTMLFrameSetElement_setOnpageshow	void	int64_t peer, int64_t value	void	JAVA_LONG,JAVA_LONG	HTMLFrameSetElement	setOnpageshow	-	1	JavaHTMLFrameSetElement.cpp
wkj_dom_HTMLFrameSetElement_getOnpopstate	int64_t	int64_t peer	JAVA_LONG	JAVA_LONG	HTMLFrameSetElement	getOnpopstate	-	1	JavaHTMLFrameSetElement.cpp
wkj_dom_HTMLFrameSetElement_setOnpopstate	void	int64_t peer, int64_t value	void	JAVA_LONG,JAVA_LONG	HTMLFrameSetElement	setOnpopstate	-	1	JavaHTMLFrameSetElement.cpp
wkj_dom_HTMLFrameSetElement_getOnstorage	int64_t	int64_t peer	JAVA_LONG	JAVA_LONG	HTMLFrameSetElement	getOnstorage	-	1	JavaHTMLFrameSetElement.cpp
wkj_dom_HTMLFrameSetElement_setOnstorage	void	int64_t peer, int64_t value	void	JAVA_LONG,JAVA_LONG	HTMLFrameSetElement	setOnstorage	-	1	JavaHTMLFrameSetElement.cpp
wkj_dom_HTMLFrameSetElement_getOnunload	int64_t	int64_t peer	JAVA_LONG	JAVA_LONG	HTMLFrameSetElement	getOnunload	-	1	JavaHTMLFrameSetElement.cpp
wkj_dom_HTMLFrameSetElement_setOnunload	void	int64_t peer, int64_t value	void	JAVA_LONG,JAVA_LONG	HTMLFrameSetElement	setOnunload	-	1	JavaHTMLFrameSetElement.cpp
wkj_dom_HTMLHRElement_getAlign	int32_t	int64_t peer, uint16_t* result_buf, int32_t result_cap, int32_t* result_length	JAVA_INT	JAVA_LONG,ADDRESS,JAVA_INT,ADDRESS	HTMLHRElement	getAlign	-	1	JavaHTMLHRElement.cpp
wkj_dom_HTMLHRElement_setAlign	void	int64_t peer, const uint16_t* value, int32_t value_length	void	JAVA_LONG,ADDRESS,JAVA_INT	HTMLHRElement	setAlign	-	1	JavaHTMLHRElement.cpp
wkj_dom_HTMLHRElement_getNoShade	int32_t	int64_t peer	JAVA_INT	JAVA_LONG	HTMLHRElement	getNoShade	-	1	JavaHTMLHRElement.cpp
wkj_dom_HTMLHRElement_setNoShade	void	int64_t peer, int32_t value	void	JAVA_LONG,JAVA_INT	HTMLHRElement	setNoShade	-	1	JavaHTMLHRElement.cpp
wkj_dom_HTMLHRElement_getSize	int32_t	int64_t peer, uint16_t* result_buf, int32_t result_cap, int32_t* result_length	JAVA_INT	JAVA_LONG,ADDRESS,JAVA_INT,ADDRESS	HTMLHRElement	getSize	-	1	JavaHTMLHRElement.cpp
wkj_dom_HTMLHRElement_setSize	void	int64_t peer, const uint16_t* value, int32_t value_length	void	JAVA_LONG,ADDRESS,JAVA_INT	HTMLHRElement	setSize	-	1	JavaHTMLHRElement.cpp
wkj_dom_HTMLHRElement_getWidth	int32_t	int64_t peer, uint16_t* result_buf, int32_t result_cap, int32_t* result_length	JAVA_INT	JAVA_LONG,ADDRESS,JAVA_INT,ADDRESS	HTMLHRElement	getWidth	-	1	JavaHTMLHRElement.cpp
wkj_dom_HTMLHRElement_setWidth	void	int64_t peer, const uint16_t* value, int32_t value_length	void	JAVA_LONG,ADDRESS,JAVA_INT	HTMLHRElement	setWidth	-	1	JavaHTMLHRElement.cpp
wkj_dom_HTMLHeadElement_getProfile	int32_t	int64_t peer, uint16_t* result_buf, int32_t result_cap, int32_t* result_length	JAVA_INT	JAVA_LONG,ADDRESS,JAVA_INT,ADDRESS	HTMLHeadElement	getProfile	-	1	JavaHTMLHeadElement.cpp
wkj_dom_HTMLHeadElement_setProfile	void	int64_t peer, const uint16_t* value, int32_t value_length	void	JAVA_LONG,ADDRESS,JAVA_INT	HTMLHeadElement	setProfile	-	1	JavaHTMLHeadElement.cpp
wkj_dom_HTMLHeadingElement_getAlign	int32_t	int64_t peer, uint16_t* result_buf, int32_t result_cap, int32_t* result_length	JAVA_INT	JAVA_LONG,ADDRESS,JAVA_INT,ADDRESS	HTMLHeadingElement	getAlign	-	1	JavaHTMLHeadingElement.cpp
wkj_dom_HTMLHeadingElement_setAlign	void	int64_t peer, const uint16_t* value, int32_t value_length	void	JAVA_LONG,ADDRESS,JAVA_INT	HTMLHeadingElement	setAlign	-	1	JavaHTMLHeadingElement.cpp
wkj_dom_HTMLHtmlElement_getVersion	int32_t	int64_t peer, uint16_t* result_buf, int32_t result_cap, int32_t* result_length	JAVA_INT	JAVA_LONG,ADDRESS,JAVA_INT,ADDRESS	HTMLHtmlElement	getVersion	-	1	JavaHTMLHtmlElement.cpp
wkj_dom_HTMLHtmlElement_setVersion	void	int64_t peer, const uint16_t* value, int32_t value_length	void	JAVA_LONG,ADDRESS,JAVA_INT	HTMLHtmlElement	setVersion	-	1	JavaHTMLHtmlElement.cpp
wkj_dom_HTMLIFrameElement_getAlign	int32_t	int64_t peer, uint16_t* result_buf, int32_t result_cap, int32_t* result_length	JAVA_INT	JAVA_LONG,ADDRESS,JAVA_INT,ADDRESS	HTMLIFrameElement	getAlign	-	1	JavaHTMLIFrameElement.cpp
wkj_dom_HTMLIFrameElement_setAlign	void	int64_t peer, const uint16_t* value, int32_t value_length	void	JAVA_LONG,ADDRESS,JAVA_INT	HTMLIFrameElement	setAlign	-	1	JavaHTMLIFrameElement.cpp
wkj_dom_HTMLIFrameElement_getFrameBorder	int32_t	int64_t peer, uint16_t* result_buf, int32_t result_cap, int32_t* result_length	JAVA_INT	JAVA_LONG,ADDRESS,JAVA_INT,ADDRESS	HTMLIFrameElement	getFrameBorder	-	1	JavaHTMLIFrameElement.cpp
wkj_dom_HTMLIFrameElement_setFrameBorder	void	int64_t peer, const uint16_t* value, int32_t value_length	void	JAVA_LONG,ADDRESS,JAVA_INT	HTMLIFrameElement	setFrameBorder	-	1	JavaHTMLIFrameElement.cpp
wkj_dom_HTMLIFrameElement_getHeight	int32_t	int64_t peer, uint16_t* result_buf, int32_t result_cap, int32_t* result_length	JAVA_INT	JAVA_LONG,ADDRESS,JAVA_INT,ADDRESS	HTMLIFrameElement	getHeight	-	1	JavaHTMLIFrameElement.cpp
wkj_dom_HTMLIFrameElement_setHeight	void	int64_t peer, const uint16_t* value, int32_t value_length	void	JAVA_LONG,ADDRESS,JAVA_INT	HTMLIFrameElement	setHeight	-	1	JavaHTMLIFrameElement.cpp
wkj_dom_HTMLIFrameElement_getLongDesc	int32_t	int64_t peer, uint16_t* result_buf, int32_t result_cap, int32_t* result_length	JAVA_INT	JAVA_LONG,ADDRESS,JAVA_INT,ADDRESS	HTMLIFrameElement	getLongDesc	-	1	JavaHTMLIFrameElement.cpp
wkj_dom_HTMLIFrameElement_setLongDesc	void	int64_t peer, const uint16_t* value, int32_t value_length	void	JAVA_LONG,ADDRESS,JAVA_INT	HTMLIFrameElement	setLongDesc	-	1	JavaHTMLIFrameElement.cpp
wkj_dom_HTMLIFrameElement_getMarginHeight	int32_t	int64_t peer, uint16_t* result_buf, int32_t result_cap, int32_t* result_length	JAVA_INT	JAVA_LONG,ADDRESS,JAVA_INT,ADDRESS	HTMLIFrameElement	getMarginHeight	-	1	JavaHTMLIFrameElement.cpp
wkj_dom_HTMLIFrameElement_setMarginHeight	void	int64_t peer, const uint16_t* value, int32_t value_length	void	JAVA_LONG,ADDRESS,JAVA_INT	HTMLIFrameElement	setMarginHeight	-	1	JavaHTMLIFrameElement.cpp
wkj_dom_HTMLIFrameElement_getMarginWidth	int32_t	int64_t peer, uint16_t* result_buf, int32_t result_cap, int32_t* result_length	JAVA_INT	JAVA_LONG,ADDRESS,JAVA_INT,ADDRESS	HTMLIFrameElement	getMarginWidth	-	1	JavaHTMLIFrameElement.cpp
wkj_dom_HTMLIFrameElement_setMarginWidth	void	int64_t peer, const uint16_t* value, int32_t value_length	void	JAVA_LONG,ADDRESS,JAVA_INT	HTMLIFrameElement	setMarginWidth	-	1	JavaHTMLIFrameElement.cpp
wkj_dom_HTMLIFrameElement_getName	int32_t	int64_t peer, uint16_t* result_buf, int32_t result_cap, int32_t* result_length	JAVA_INT	JAVA_LONG,ADDRESS,JAVA_INT,ADDRESS	HTMLIFrameElement	getName	-	1	JavaHTMLIFrameElement.cpp
wkj_dom_HTMLIFrameElement_setName	void	int64_t peer, const uint16_t* value, int32_t value_length	void	JAVA_LONG,ADDRESS,JAVA_INT	HTMLIFrameElement	setName	-	1	JavaHTMLIFrameElement.cpp
wkj_dom_HTMLIFrameElement_getScrolling	int32_t	int64_t peer, uint16_t* result_buf, int32_t result_cap, int32_t* result_length	JAVA_INT	JAVA_LONG,ADDRESS,JAVA_INT,ADDRESS	HTMLIFrameElement	getScrolling	-	1	JavaHTMLIFrameElement.cpp
wkj_dom_HTMLIFrameElement_setScrolling	void	int64_t peer, const uint16_t* value, int32_t value_length	void	JAVA_LONG,ADDRESS,JAVA_INT	HTMLIFrameElement	setScrolling	-	1	JavaHTMLIFrameElement.cpp
wkj_dom_HTMLIFrameElement_getSrc	int32_t	int64_t peer, uint16_t* result_buf, int32_t result_cap, int32_t* result_length	JAVA_INT	JAVA_LONG,ADDRESS,JAVA_INT,ADDRESS	HTMLIFrameElement	getSrc	-	1	JavaHTMLIFrameElement.cpp
wkj_dom_HTMLIFrameElement_setSrc	void	int64_t peer, const uint16_t* value, int32_t value_length	void	JAVA_LONG,ADDRESS,JAVA_INT	HTMLIFrameElement	setSrc	-	1	JavaHTMLIFrameElement.cpp
wkj_dom_HTMLIFrameElement_getSrcdoc	int32_t	int64_t peer, uint16_t* result_buf, int32_t result_cap, int32_t* result_length	JAVA_INT	JAVA_LONG,ADDRESS,JAVA_INT,ADDRESS	HTMLIFrameElement	getSrcdoc	-	1	JavaHTMLIFrameElement.cpp
wkj_dom_HTMLIFrameElement_setSrcdoc	void	int64_t peer, const uint16_t* value, int32_t value_length	void	JAVA_LONG,ADDRESS,JAVA_INT	HTMLIFrameElement	setSrcdoc	-	1	JavaHTMLIFrameElement.cpp
wkj_dom_HTMLIFrameElement_getWidth	int32_t	int64_t peer, uint16_t* result_buf, int32_t result_cap, int32_t* result_length	JAVA_INT	JAVA_LONG,ADDRESS,JAVA_INT,ADDRESS	HTMLIFrameElement	getWidth	-	1	JavaHTMLIFrameElement.cpp
wkj_dom_HTMLIFrameElement_setWidth	void	int64_t peer, const uint16_t* value, int32_t value_length	void	JAVA_LONG,ADDRESS,JAVA_INT	HTMLIFrameElement	setWidth	-	1	JavaHTMLIFrameElement.cpp
wkj_dom_HTMLIFrameElement_getContentDocument	int64_t	int64_t peer	JAVA_LONG	JAVA_LONG	HTMLIFrameElement	getContentDocument	-	1	JavaHTMLIFrameElement.cpp
wkj_dom_HTMLIFrameElement_getContentWindow	int64_t	int64_t peer	JAVA_LONG	JAVA_LONG	HTMLIFrameElement	getContentWindow	-	1	JavaHTMLIFrameElement.cpp
wkj_dom_HTMLImageElement_getName	int32_t	int64_t peer, uint16_t* result_buf, int32_t result_cap, int32_t* result_length	JAVA_INT	JAVA_LONG,ADDRESS,JAVA_INT,ADDRESS	HTMLImageElement	getName	-	1	JavaHTMLImageElement.cpp
wkj_dom_HTMLImageElement_setName	void	int64_t peer, const uint16_t* value, int32_t value_length	void	JAVA_LONG,ADDRESS,JAVA_INT	HTMLImageElement	setName	-	1	JavaHTMLImageElement.cpp
wkj_dom_HTMLImageElement_getAlign	int32_t	int64_t peer, uint16_t* result_buf, int32_t result_cap, int32_t* result_length	JAVA_INT	JAVA_LONG,ADDRESS,JAVA_INT,ADDRESS	HTMLImageElement	getAlign	-	1	JavaHTMLImageElement.cpp
wkj_dom_HTMLImageElement_setAlign	void	int64_t peer, const uint16_t* value, int32_t value_length	void	JAVA_LONG,ADDRESS,JAVA_INT	HTMLImageElement	setAlign	-	1	JavaHTMLImageElement.cpp
wkj_dom_HTMLImageElement_getAlt	int32_t	int64_t peer, uint16_t* result_buf, int32_t result_cap, int32_t* result_length	JAVA_INT	JAVA_LONG,ADDRESS,JAVA_INT,ADDRESS	HTMLImageElement	getAlt	-	1	JavaHTMLImageElement.cpp
wkj_dom_HTMLImageElement_setAlt	void	int64_t peer, const uint16_t* value, int32_t value_length	void	JAVA_LONG,ADDRESS,JAVA_INT	HTMLImageElement	setAlt	-	1	JavaHTMLImageElement.cpp
wkj_dom_HTMLImageElement_getBorder	int32_t	int64_t peer, uint16_t* result_buf, int32_t result_cap, int32_t* result_length	JAVA_INT	JAVA_LONG,ADDRESS,JAVA_INT,ADDRESS	HTMLImageElement	getBorder	-	1	JavaHTMLImageElement.cpp
wkj_dom_HTMLImageElement_setBorder	void	int64_t peer, const uint16_t* value, int32_t value_length	void	JAVA_LONG,ADDRESS,JAVA_INT	HTMLImageElement	setBorder	-	1	JavaHTMLImageElement.cpp
wkj_dom_HTMLImageElement_getCrossOrigin	int32_t	int64_t peer, uint16_t* result_buf, int32_t result_cap, int32_t* result_length	JAVA_INT	JAVA_LONG,ADDRESS,JAVA_INT,ADDRESS	HTMLImageElement	getCrossOrigin	-	1	JavaHTMLImageElement.cpp
wkj_dom_HTMLImageElement_getHeight	int32_t	int64_t peer	JAVA_INT	JAVA_LONG	HTMLImageElement	getHeight	-	1	JavaHTMLImageElement.cpp
wkj_dom_HTMLImageElement_getIsMap	int32_t	int64_t peer	JAVA_INT	JAVA_LONG	HTMLImageElement	getIsMap	-	1	JavaHTMLImageElement.cpp
wkj_dom_HTMLImageElement_setIsMap	void	int64_t peer, int32_t value	void	JAVA_LONG,JAVA_INT	HTMLImageElement	setIsMap	-	1	JavaHTMLImageElement.cpp
wkj_dom_HTMLImageElement_getLongDesc	int32_t	int64_t peer, uint16_t* result_buf, int32_t result_cap, int32_t* result_length	JAVA_INT	JAVA_LONG,ADDRESS,JAVA_INT,ADDRESS	HTMLImageElement	getLongDesc	-	1	JavaHTMLImageElement.cpp
wkj_dom_HTMLImageElement_setLongDesc	void	int64_t peer, const uint16_t* value, int32_t value_length	void	JAVA_LONG,ADDRESS,JAVA_INT	HTMLImageElement	setLongDesc	-	1	JavaHTMLImageElement.cpp
wkj_dom_HTMLImageElement_getSrc	int32_t	int64_t peer, uint16_t* result_buf, int32_t result_cap, int32_t* result_length	JAVA_INT	JAVA_LONG,ADDRESS,JAVA_INT,ADDRESS	HTMLImageElement	getSrc	-	1	JavaHTMLImageElement.cpp
wkj_dom_HTMLImageElement_setSrc	void	int64_t peer, const uint16_t* value, int32_t value_length	void	JAVA_LONG,ADDRESS,JAVA_INT	HTMLImageElement	setSrc	-	1	JavaHTMLImageElement.cpp
wkj_dom_HTMLImageElement_getSrcset	int32_t	int64_t peer, uint16_t* result_buf, int32_t result_cap, int32_t* result_length	JAVA_INT	JAVA_LONG,ADDRESS,JAVA_INT,ADDRESS	HTMLImageElement	getSrcset	-	1	JavaHTMLImageElement.cpp
wkj_dom_HTMLImageElement_setSrcset	void	int64_t peer, const uint16_t* value, int32_t value_length	void	JAVA_LONG,ADDRESS,JAVA_INT	HTMLImageElement	setSrcset	-	1	JavaHTMLImageElement.cpp
wkj_dom_HTMLImageElement_getSizes	int32_t	int64_t peer, uint16_t* result_buf, int32_t result_cap, int32_t* result_length	JAVA_INT	JAVA_LONG,ADDRESS,JAVA_INT,ADDRESS	HTMLImageElement	getSizes	-	1	JavaHTMLImageElement.cpp
wkj_dom_HTMLImageElement_setSizes	void	int64_t peer, const uint16_t* value, int32_t value_length	void	JAVA_LONG,ADDRESS,JAVA_INT	HTMLImageElement	setSizes	-	1	JavaHTMLImageElement.cpp
wkj_dom_HTMLImageElement_getCurrentSrc	int32_t	int64_t peer, uint16_t* result_buf, int32_t result_cap, int32_t* result_length	JAVA_INT	JAVA_LONG,ADDRESS,JAVA_INT,ADDRESS	HTMLImageElement	getCurrentSrc	-	1	JavaHTMLImageElement.cpp
wkj_dom_HTMLImageElement_getUseMap	int32_t	int64_t peer, uint16_t* result_buf, int32_t result_cap, int32_t* result_length	JAVA_INT	JAVA_LONG,ADDRESS,JAVA_INT,ADDRESS	HTMLImageElement	getUseMap	-	1	JavaHTMLImageElement.cpp
wkj_dom_HTMLImageElement_setUseMap	void	int64_t peer, const uint16_t* value, int32_t value_length	void	JAVA_LONG,ADDRESS,JAVA_INT	HTMLImageElement	setUseMap	-	1	JavaHTMLImageElement.cpp
wkj_dom_HTMLImageElement_getWidth	int32_t	int64_t peer	JAVA_INT	JAVA_LONG	HTMLImageElement	getWidth	-	1	JavaHTMLImageElement.cpp
wkj_dom_HTMLImageElement_getComplete	int32_t	int64_t peer	JAVA_INT	JAVA_LONG	HTMLImageElement	getComplete	-	1	JavaHTMLImageElement.cpp
wkj_dom_HTMLImageElement_getLowsrc	int32_t	int64_t peer, uint16_t* result_buf, int32_t result_cap, int32_t* result_length	JAVA_INT	JAVA_LONG,ADDRESS,JAVA_INT,ADDRESS	HTMLImageElement	getLowsrc	-	1	JavaHTMLImageElement.cpp
wkj_dom_HTMLImageElement_setLowsrc	void	int64_t peer, const uint16_t* value, int32_t value_length	void	JAVA_LONG,ADDRESS,JAVA_INT	HTMLImageElement	setLowsrc	-	1	JavaHTMLImageElement.cpp
wkj_dom_HTMLImageElement_getNaturalHeight	int32_t	int64_t peer	JAVA_INT	JAVA_LONG	HTMLImageElement	getNaturalHeight	-	1	JavaHTMLImageElement.cpp
wkj_dom_HTMLImageElement_getNaturalWidth	int32_t	int64_t peer	JAVA_INT	JAVA_LONG	HTMLImageElement	getNaturalWidth	-	1	JavaHTMLImageElement.cpp
wkj_dom_HTMLImageElement_getX	int32_t	int64_t peer	JAVA_INT	JAVA_LONG	HTMLImageElement	getX	-	1	JavaHTMLImageElement.cpp
wkj_dom_HTMLImageElement_getY	int32_t	int64_t peer	JAVA_INT	JAVA_LONG	HTMLImageElement	getY	-	1	JavaHTMLImageElement.cpp
wkj_dom_HTMLInputElement_getAccept	int32_t	int64_t peer, uint16_t* result_buf, int32_t result_cap, int32_t* result_length	JAVA_INT	JAVA_LONG,ADDRESS,JAVA_INT,ADDRESS	HTMLInputElement	getAccept	-	1	JavaHTMLInputElement.cpp
wkj_dom_HTMLInputElement_setAccept	void	int64_t peer, const uint16_t* value, int32_t value_length	void	JAVA_LONG,ADDRESS,JAVA_INT	HTMLInputElement	setAccept	-	1	JavaHTMLInputElement.cpp
wkj_dom_HTMLInputElement_getAlt	int32_t	int64_t peer, uint16_t* result_buf, int32_t result_cap, int32_t* result_length	JAVA_INT	JAVA_LONG,ADDRESS,JAVA_INT,ADDRESS	HTMLInputElement	getAlt	-	1	JavaHTMLInputElement.cpp
wkj_dom_HTMLInputElement_setAlt	void	int64_t peer, const uint16_t* value, int32_t value_length	void	JAVA_LONG,ADDRESS,JAVA_INT	HTMLInputElement	setAlt	-	1	JavaHTMLInputElement.cpp
wkj_dom_HTMLInputElement_getAutocomplete	int32_t	int64_t peer, uint16_t* result_buf, int32_t result_cap, int32_t* result_length	JAVA_INT	JAVA_LONG,ADDRESS,JAVA_INT,ADDRESS	HTMLInputElement	getAutocomplete	-	1	JavaHTMLInputElement.cpp
wkj_dom_HTMLInputElement_getAutofocus	int32_t	int64_t peer	JAVA_INT	JAVA_LONG	HTMLInputElement	getAutofocus	-	1	JavaHTMLInputElement.cpp
wkj_dom_HTMLInputElement_setAutofocus	void	int64_t peer, int32_t value	void	JAVA_LONG,JAVA_INT	HTMLInputElement	setAutofocus	-	1	JavaHTMLInputElement.cpp
wkj_dom_HTMLInputElement_getDefaultChecked	int32_t	int64_t peer	JAVA_INT	JAVA_LONG	HTMLInputElement	getDefaultChecked	-	1	JavaHTMLInputElement.cpp
wkj_dom_HTMLInputElement_setDefaultChecked	void	int64_t peer, int32_t value	void	JAVA_LONG,JAVA_INT	HTMLInputElement	setDefaultChecked	-	1	JavaHTMLInputElement.cpp
wkj_dom_HTMLInputElement_getChecked	int32_t	int64_t peer	JAVA_INT	JAVA_LONG	HTMLInputElement	getChecked	-	1	JavaHTMLInputElement.cpp
wkj_dom_HTMLInputElement_setChecked	void	int64_t peer, int32_t value	void	JAVA_LONG,JAVA_INT	HTMLInputElement	setChecked	-	1	JavaHTMLInputElement.cpp
wkj_dom_HTMLInputElement_getDirName	int32_t	int64_t peer, uint16_t* result_buf, int32_t result_cap, int32_t* result_length	JAVA_INT	JAVA_LONG,ADDRESS,JAVA_INT,ADDRESS	HTMLInputElement	getDirName	-	1	JavaHTMLInputElement.cpp
wkj_dom_HTMLInputElement_setDirName	void	int64_t peer, const uint16_t* value, int32_t value_length	void	JAVA_LONG,ADDRESS,JAVA_INT	HTMLInputElement	setDirName	-	1	JavaHTMLInputElement.cpp
wkj_dom_HTMLInputElement_getDisabled	int32_t	int64_t peer	JAVA_INT	JAVA_LONG	HTMLInputElement	getDisabled	-	1	JavaHTMLInputElement.cpp
wkj_dom_HTMLInputElement_setDisabled	void	int64_t peer, int32_t value	void	JAVA_LONG,JAVA_INT	HTMLInputElement	setDisabled	-	1	JavaHTMLInputElement.cpp
wkj_dom_HTMLInputElement_getForm	int64_t	int64_t peer	JAVA_LONG	JAVA_LONG	HTMLInputElement	getForm	-	1	JavaHTMLInputElement.cpp
wkj_dom_HTMLInputElement_getFormAction	int32_t	int64_t peer, uint16_t* result_buf, int32_t result_cap, int32_t* result_length	JAVA_INT	JAVA_LONG,ADDRESS,JAVA_INT,ADDRESS	HTMLInputElement	getFormAction	-	1	JavaHTMLInputElement.cpp
wkj_dom_HTMLInputElement_getFormEnctype	int32_t	int64_t peer, uint16_t* result_buf, int32_t result_cap, int32_t* result_length	JAVA_INT	JAVA_LONG,ADDRESS,JAVA_INT,ADDRESS	HTMLInputElement	getFormEnctype	-	1	JavaHTMLInputElement.cpp
wkj_dom_HTMLInputElement_getFormMethod	int32_t	int64_t peer, uint16_t* result_buf, int32_t result_cap, int32_t* result_length	JAVA_INT	JAVA_LONG,ADDRESS,JAVA_INT,ADDRESS	HTMLInputElement	getFormMethod	-	1	JavaHTMLInputElement.cpp
wkj_dom_HTMLInputElement_getFormNoValidate	int32_t	int64_t peer	JAVA_INT	JAVA_LONG	HTMLInputElement	getFormNoValidate	-	1	JavaHTMLInputElement.cpp
wkj_dom_HTMLInputElement_setFormNoValidate	void	int64_t peer, int32_t value	void	JAVA_LONG,JAVA_INT	HTMLInputElement	setFormNoValidate	-	1	JavaHTMLInputElement.cpp
wkj_dom_HTMLInputElement_getFormTarget	int32_t	int64_t peer, uint16_t* result_buf, int32_t result_cap, int32_t* result_length	JAVA_INT	JAVA_LONG,ADDRESS,JAVA_INT,ADDRESS	HTMLInputElement	getFormTarget	-	1	JavaHTMLInputElement.cpp
wkj_dom_HTMLInputElement_setFormTarget	void	int64_t peer, const uint16_t* value, int32_t value_length	void	JAVA_LONG,ADDRESS,JAVA_INT	HTMLInputElement	setFormTarget	-	1	JavaHTMLInputElement.cpp
wkj_dom_HTMLInputElement_getHeight	int32_t	int64_t peer	JAVA_INT	JAVA_LONG	HTMLInputElement	getHeight	-	1	JavaHTMLInputElement.cpp
wkj_dom_HTMLInputElement_getIndeterminate	int32_t	int64_t peer	JAVA_INT	JAVA_LONG	HTMLInputElement	getIndeterminate	-	1	JavaHTMLInputElement.cpp
wkj_dom_HTMLInputElement_setIndeterminate	void	int64_t peer, int32_t value	void	JAVA_LONG,JAVA_INT	HTMLInputElement	setIndeterminate	-	1	JavaHTMLInputElement.cpp
wkj_dom_HTMLInputElement_getMax	int32_t	int64_t peer, uint16_t* result_buf, int32_t result_cap, int32_t* result_length	JAVA_INT	JAVA_LONG,ADDRESS,JAVA_INT,ADDRESS	HTMLInputElement	getMax	-	1	JavaHTMLInputElement.cpp
wkj_dom_HTMLInputElement_setMax	void	int64_t peer, const uint16_t* value, int32_t value_length	void	JAVA_LONG,ADDRESS,JAVA_INT	HTMLInputElement	setMax	-	1	JavaHTMLInputElement.cpp
wkj_dom_HTMLInputElement_getMaxLength	int32_t	int64_t peer	JAVA_INT	JAVA_LONG	HTMLInputElement	getMaxLength	-	1	JavaHTMLInputElement.cpp
wkj_dom_HTMLInputElement_setMaxLength	void	int64_t peer, int32_t value	void	JAVA_LONG,JAVA_INT	HTMLInputElement	setMaxLength	-	1	JavaHTMLInputElement.cpp
wkj_dom_HTMLInputElement_getMin	int32_t	int64_t peer, uint16_t* result_buf, int32_t result_cap, int32_t* result_length	JAVA_INT	JAVA_LONG,ADDRESS,JAVA_INT,ADDRESS	HTMLInputElement	getMin	-	1	JavaHTMLInputElement.cpp
wkj_dom_HTMLInputElement_setMin	void	int64_t peer, const uint16_t* value, int32_t value_length	void	JAVA_LONG,ADDRESS,JAVA_INT	HTMLInputElement	setMin	-	1	JavaHTMLInputElement.cpp
wkj_dom_HTMLInputElement_getMultiple	int32_t	int64_t peer	JAVA_INT	JAVA_LONG	HTMLInputElement	getMultiple	-	1	JavaHTMLInputElement.cpp
wkj_dom_HTMLInputElement_setMultiple	void	int64_t peer, int32_t value	void	JAVA_LONG,JAVA_INT	HTMLInputElement	setMultiple	-	1	JavaHTMLInputElement.cpp
wkj_dom_HTMLInputElement_getName	int32_t	int64_t peer, uint16_t* result_buf, int32_t result_cap, int32_t* result_length	JAVA_INT	JAVA_LONG,ADDRESS,JAVA_INT,ADDRESS	HTMLInputElement	getName	-	1	JavaHTMLInputElement.cpp
wkj_dom_HTMLInputElement_setName	void	int64_t peer, const uint16_t* value, int32_t value_length	void	JAVA_LONG,ADDRESS,JAVA_INT	HTMLInputElement	setName	-	1	JavaHTMLInputElement.cpp
wkj_dom_HTMLInputElement_getPattern	int32_t	int64_t peer, uint16_t* result_buf, int32_t result_cap, int32_t* result_length	JAVA_INT	JAVA_LONG,ADDRESS,JAVA_INT,ADDRESS	HTMLInputElement	getPattern	-	1	JavaHTMLInputElement.cpp
wkj_dom_HTMLInputElement_setPattern	void	int64_t peer, const uint16_t* value, int32_t value_length	void	JAVA_LONG,ADDRESS,JAVA_INT	HTMLInputElement	setPattern	-	1	JavaHTMLInputElement.cpp
wkj_dom_HTMLInputElement_getPlaceholder	int32_t	int64_t peer, uint16_t* result_buf, int32_t result_cap, int32_t* result_length	JAVA_INT	JAVA_LONG,ADDRESS,JAVA_INT,ADDRESS	HTMLInputElement	getPlaceholder	-	1	JavaHTMLInputElement.cpp
wkj_dom_HTMLInputElement_setPlaceholder	void	int64_t peer, const uint16_t* value, int32_t value_length	void	JAVA_LONG,ADDRESS,JAVA_INT	HTMLInputElement	setPlaceholder	-	1	JavaHTMLInputElement.cpp
wkj_dom_HTMLInputElement_getReadOnly	int32_t	int64_t peer	JAVA_INT	JAVA_LONG	HTMLInputElement	getReadOnly	-	1	JavaHTMLInputElement.cpp
wkj_dom_HTMLInputElement_setReadOnly	void	int64_t peer, int32_t value	void	JAVA_LONG,JAVA_INT	HTMLInputElement	setReadOnly	-	1	JavaHTMLInputElement.cpp
wkj_dom_HTMLInputElement_getRequired	int32_t	int64_t peer	JAVA_INT	JAVA_LONG	HTMLInputElement	getRequired	-	1	JavaHTMLInputElement.cpp
wkj_dom_HTMLInputElement_setRequired	void	int64_t peer, int32_t value	void	JAVA_LONG,JAVA_INT	HTMLInputElement	setRequired	-	1	JavaHTMLInputElement.cpp
wkj_dom_HTMLInputElement_getSize	int32_t	int64_t peer, uint16_t* result_buf, int32_t result_cap, int32_t* result_length	JAVA_INT	JAVA_LONG,ADDRESS,JAVA_INT,ADDRESS	HTMLInputElement	getSize	-	1	JavaHTMLInputElement.cpp
wkj_dom_HTMLInputElement_setSize	void	int64_t peer, const uint16_t* value, int32_t value_length	void	JAVA_LONG,ADDRESS,JAVA_INT	HTMLInputElement	setSize	-	1	JavaHTMLInputElement.cpp
wkj_dom_HTMLInputElement_getSrc	int32_t	int64_t peer, uint16_t* result_buf, int32_t result_cap, int32_t* result_length	JAVA_INT	JAVA_LONG,ADDRESS,JAVA_INT,ADDRESS	HTMLInputElement	getSrc	-	1	JavaHTMLInputElement.cpp
wkj_dom_HTMLInputElement_setSrc	void	int64_t peer, const uint16_t* value, int32_t value_length	void	JAVA_LONG,ADDRESS,JAVA_INT	HTMLInputElement	setSrc	-	1	JavaHTMLInputElement.cpp
wkj_dom_HTMLInputElement_getStep	int32_t	int64_t peer, uint16_t* result_buf, int32_t result_cap, int32_t* result_length	JAVA_INT	JAVA_LONG,ADDRESS,JAVA_INT,ADDRESS	HTMLInputElement	getStep	-	1	JavaHTMLInputElement.cpp
wkj_dom_HTMLInputElement_setStep	void	int64_t peer, const uint16_t* value, int32_t value_length	void	JAVA_LONG,ADDRESS,JAVA_INT	HTMLInputElement	setStep	-	1	JavaHTMLInputElement.cpp
wkj_dom_HTMLInputElement_getType	int32_t	int64_t peer, uint16_t* result_buf, int32_t result_cap, int32_t* result_length	JAVA_INT	JAVA_LONG,ADDRESS,JAVA_INT,ADDRESS	HTMLInputElement	getType	-	1	JavaHTMLInputElement.cpp
wkj_dom_HTMLInputElement_getValue	int32_t	int64_t peer, uint16_t* result_buf, int32_t result_cap, int32_t* result_length	JAVA_INT	JAVA_LONG,ADDRESS,JAVA_INT,ADDRESS	HTMLInputElement	getValue	-	1	JavaHTMLInputElement.cpp
wkj_dom_HTMLInputElement_setValue	void	int64_t peer, const uint16_t* value, int32_t value_length	void	JAVA_LONG,ADDRESS,JAVA_INT	HTMLInputElement	setValue	-	1	JavaHTMLInputElement.cpp
wkj_dom_HTMLInputElement_getValueAsDate	int64_t	int64_t peer	JAVA_LONG	JAVA_LONG	HTMLInputElement	getValueAsDate	-	1	JavaHTMLInputElement.cpp
wkj_dom_HTMLInputElement_setValueAsDate	void	int64_t peer, int64_t value	void	JAVA_LONG,JAVA_LONG	HTMLInputElement	setValueAsDate	-	1	JavaHTMLInputElement.cpp
wkj_dom_HTMLInputElement_getValueAsNumber	double	int64_t peer	JAVA_DOUBLE	JAVA_LONG	HTMLInputElement	getValueAsNumber	-	1	JavaHTMLInputElement.cpp
wkj_dom_HTMLInputElement_setValueAsNumber	void	int64_t peer, double value	void	JAVA_LONG,JAVA_DOUBLE	HTMLInputElement	setValueAsNumber	-	1	JavaHTMLInputElement.cpp
wkj_dom_HTMLInputElement_getWidth	int32_t	int64_t peer	JAVA_INT	JAVA_LONG	HTMLInputElement	getWidth	-	1	JavaHTMLInputElement.cpp
wkj_dom_HTMLInputElement_getWillValidate	int32_t	int64_t peer	JAVA_INT	JAVA_LONG	HTMLInputElement	getWillValidate	-	1	JavaHTMLInputElement.cpp
wkj_dom_HTMLInputElement_getValidationMessage	int32_t	int64_t peer, uint16_t* result_buf, int32_t result_cap, int32_t* result_length	JAVA_INT	JAVA_LONG,ADDRESS,JAVA_INT,ADDRESS	HTMLInputElement	getValidationMessage	-	1	JavaHTMLInputElement.cpp
wkj_dom_HTMLInputElement_getLabels	int64_t	int64_t peer	JAVA_LONG	JAVA_LONG	HTMLInputElement	getLabels	-	1	JavaHTMLInputElement.cpp
wkj_dom_HTMLInputElement_getAlign	int32_t	int64_t peer, uint16_t* result_buf, int32_t result_cap, int32_t* result_length	JAVA_INT	JAVA_LONG,ADDRESS,JAVA_INT,ADDRESS	HTMLInputElement	getAlign	-	1	JavaHTMLInputElement.cpp
wkj_dom_HTMLInputElement_setAlign	void	int64_t peer, const uint16_t* value, int32_t value_length	void	JAVA_LONG,ADDRESS,JAVA_INT	HTMLInputElement	setAlign	-	1	JavaHTMLInputElement.cpp
wkj_dom_HTMLInputElement_getUseMap	int32_t	int64_t peer, uint16_t* result_buf, int32_t result_cap, int32_t* result_length	JAVA_INT	JAVA_LONG,ADDRESS,JAVA_INT,ADDRESS	HTMLInputElement	getUseMap	-	1	JavaHTMLInputElement.cpp
wkj_dom_HTMLInputElement_setUseMap	void	int64_t peer, const uint16_t* value, int32_t value_length	void	JAVA_LONG,ADDRESS,JAVA_INT	HTMLInputElement	setUseMap	-	1	JavaHTMLInputElement.cpp
wkj_dom_HTMLInputElement_getAccessKey	int32_t	int64_t peer, uint16_t* result_buf, int32_t result_cap, int32_t* result_length	JAVA_INT	JAVA_LONG,ADDRESS,JAVA_INT,ADDRESS	HTMLInputElement	getAccessKey	-	1	JavaHTMLInputElement.cpp
wkj_dom_HTMLInputElement_setAccessKey	void	int64_t peer, const uint16_t* value, int32_t value_length	void	JAVA_LONG,ADDRESS,JAVA_INT	HTMLInputElement	setAccessKey	-	1	JavaHTMLInputElement.cpp
wkj_dom_HTMLInputElement_stepUp	void	int64_t peer, int32_t n	void	JAVA_LONG,JAVA_INT	HTMLInputElement	stepUp	THROWS	1	JavaHTMLInputElement.cpp
wkj_dom_HTMLInputElement_stepDown	void	int64_t peer, int32_t n	void	JAVA_LONG,JAVA_INT	HTMLInputElement	stepDown	THROWS	1	JavaHTMLInputElement.cpp
wkj_dom_HTMLInputElement_checkValidity	int32_t	int64_t peer	JAVA_INT	JAVA_LONG	HTMLInputElement	checkValidity	-	1	JavaHTMLInputElement.cpp
wkj_dom_HTMLInputElement_setCustomValidity	void	int64_t peer, const uint16_t* error, int32_t error_length	void	JAVA_LONG,ADDRESS,JAVA_INT	HTMLInputElement	setCustomValidity	-	1	JavaHTMLInputElement.cpp
wkj_dom_HTMLInputElement_select	void	int64_t peer	void	JAVA_LONG	HTMLInputElement	select	-	1	JavaHTMLInputElement.cpp
wkj_dom_HTMLInputElement_setRangeText	void	int64_t peer, const uint16_t* replacement, int32_t replacement_length	void	JAVA_LONG,ADDRESS,JAVA_INT	HTMLInputElement	setRangeText	THROWS	1	JavaHTMLInputElement.cpp
wkj_dom_HTMLInputElement_setRangeTextEx	void	int64_t peer, const uint16_t* replacement, int32_t replacement_length, int32_t start, int32_t end, const uint16_t* selectionMode, int32_t selectionMode_length	void	JAVA_LONG,ADDRESS,JAVA_INT,JAVA_INT,JAVA_INT,ADDRESS,JAVA_INT	HTMLInputElement	setRangeTextEx	THROWS	1	JavaHTMLInputElement.cpp
wkj_dom_HTMLInputElement_click	void	int64_t peer	void	JAVA_LONG	HTMLInputElement	click	-	1	JavaHTMLInputElement.cpp
wkj_dom_HTMLInputElement_setValueForUser	void	int64_t peer, const uint16_t* value, int32_t value_length	void	JAVA_LONG,ADDRESS,JAVA_INT	HTMLInputElement	setValueForUser	-	1	JavaHTMLInputElement.cpp
wkj_dom_HTMLLIElement_getType	int32_t	int64_t peer, uint16_t* result_buf, int32_t result_cap, int32_t* result_length	JAVA_INT	JAVA_LONG,ADDRESS,JAVA_INT,ADDRESS	HTMLLIElement	getType	-	1	JavaHTMLLIElement.cpp
wkj_dom_HTMLLIElement_setType	void	int64_t peer, const uint16_t* value, int32_t value_length	void	JAVA_LONG,ADDRESS,JAVA_INT	HTMLLIElement	setType	-	1	JavaHTMLLIElement.cpp
wkj_dom_HTMLLIElement_setValue	void	int64_t peer, int32_t value	void	JAVA_LONG,JAVA_INT	HTMLLIElement	setValue	-	1	JavaHTMLLIElement.cpp
wkj_dom_HTMLLabelElement_getForm	int64_t	int64_t peer	JAVA_LONG	JAVA_LONG	HTMLLabelElement	getForm	-	1	JavaHTMLLabelElement.cpp
wkj_dom_HTMLLabelElement_getHtmlFor	int32_t	int64_t peer, uint16_t* result_buf, int32_t result_cap, int32_t* result_length	JAVA_INT	JAVA_LONG,ADDRESS,JAVA_INT,ADDRESS	HTMLLabelElement	getHtmlFor	-	1	JavaHTMLLabelElement.cpp
wkj_dom_HTMLLabelElement_setHtmlFor	void	int64_t peer, const uint16_t* value, int32_t value_length	void	JAVA_LONG,ADDRESS,JAVA_INT	HTMLLabelElement	setHtmlFor	-	1	JavaHTMLLabelElement.cpp
wkj_dom_HTMLLabelElement_getControl	int64_t	int64_t peer	JAVA_LONG	JAVA_LONG	HTMLLabelElement	getControl	-	1	JavaHTMLLabelElement.cpp
wkj_dom_HTMLLabelElement_getAccessKey	int32_t	int64_t peer, uint16_t* result_buf, int32_t result_cap, int32_t* result_length	JAVA_INT	JAVA_LONG,ADDRESS,JAVA_INT,ADDRESS	HTMLLabelElement	getAccessKey	-	1	JavaHTMLLabelElement.cpp
wkj_dom_HTMLLabelElement_setAccessKey	void	int64_t peer, const uint16_t* value, int32_t value_length	void	JAVA_LONG,ADDRESS,JAVA_INT	HTMLLabelElement	setAccessKey	-	1	JavaHTMLLabelElement.cpp
wkj_dom_HTMLLegendElement_getForm	int64_t	int64_t peer	JAVA_LONG	JAVA_LONG	HTMLLegendElement	getForm	-	1	JavaHTMLLegendElement.cpp
wkj_dom_HTMLLegendElement_getAlign	int32_t	int64_t peer, uint16_t* result_buf, int32_t result_cap, int32_t* result_length	JAVA_INT	JAVA_LONG,ADDRESS,JAVA_INT,ADDRESS	HTMLLegendElement	getAlign	-	1	JavaHTMLLegendElement.cpp
wkj_dom_HTMLLegendElement_setAlign	void	int64_t peer, const uint16_t* value, int32_t value_length	void	JAVA_LONG,ADDRESS,JAVA_INT	HTMLLegendElement	setAlign	-	1	JavaHTMLLegendElement.cpp
wkj_dom_HTMLLegendElement_getAccessKey	int32_t	int64_t peer, uint16_t* result_buf, int32_t result_cap, int32_t* result_length	JAVA_INT	JAVA_LONG,ADDRESS,JAVA_INT,ADDRESS	HTMLLegendElement	getAccessKey	-	1	JavaHTMLLegendElement.cpp
wkj_dom_HTMLLegendElement_setAccessKey	void	int64_t peer, const uint16_t* value, int32_t value_length	void	JAVA_LONG,ADDRESS,JAVA_INT	HTMLLegendElement	setAccessKey	-	1	JavaHTMLLegendElement.cpp
wkj_dom_HTMLLinkElement_getDisabled	int32_t	int64_t peer	JAVA_INT	JAVA_LONG	HTMLLinkElement	getDisabled	-	1	JavaHTMLLinkElement.cpp
wkj_dom_HTMLLinkElement_setDisabled	void	int64_t peer, int32_t value	void	JAVA_LONG,JAVA_INT	HTMLLinkElement	setDisabled	-	1	JavaHTMLLinkElement.cpp
wkj_dom_HTMLLinkElement_getCharset	int32_t	int64_t peer, uint16_t* result_buf, int32_t result_cap, int32_t* result_length	JAVA_INT	JAVA_LONG,ADDRESS,JAVA_INT,ADDRESS	HTMLLinkElement	getCharset	-	1	JavaHTMLLinkElement.cpp
wkj_dom_HTMLLinkElement_setCharset	void	int64_t peer, const uint16_t* value, int32_t value_length	void	JAVA_LONG,ADDRESS,JAVA_INT	HTMLLinkElement	setCharset	-	1	JavaHTMLLinkElement.cpp
wkj_dom_HTMLLinkElement_getHref	int32_t	int64_t peer, uint16_t* result_buf, int32_t result_cap, int32_t* result_length	JAVA_INT	JAVA_LONG,ADDRESS,JAVA_INT,ADDRESS	HTMLLinkElement	getHref	-	1	JavaHTMLLinkElement.cpp
wkj_dom_HTMLLinkElement_setHref	void	int64_t peer, const uint16_t* value, int32_t value_length	void	JAVA_LONG,ADDRESS,JAVA_INT	HTMLLinkElement	setHref	-	1	JavaHTMLLinkElement.cpp
wkj_dom_HTMLLinkElement_getHreflang	int32_t	int64_t peer, uint16_t* result_buf, int32_t result_cap, int32_t* result_length	JAVA_INT	JAVA_LONG,ADDRESS,JAVA_INT,ADDRESS	HTMLLinkElement	getHreflang	-	1	JavaHTMLLinkElement.cpp
wkj_dom_HTMLLinkElement_setHreflang	void	int64_t peer, const uint16_t* value, int32_t value_length	void	JAVA_LONG,ADDRESS,JAVA_INT	HTMLLinkElement	setHreflang	-	1	JavaHTMLLinkElement.cpp
wkj_dom_HTMLLinkElement_getMedia	int32_t	int64_t peer, uint16_t* result_buf, int32_t result_cap, int32_t* result_length	JAVA_INT	JAVA_LONG,ADDRESS,JAVA_INT,ADDRESS	HTMLLinkElement	getMedia	-	1	JavaHTMLLinkElement.cpp
wkj_dom_HTMLLinkElement_setMedia	void	int64_t peer, const uint16_t* value, int32_t value_length	void	JAVA_LONG,ADDRESS,JAVA_INT	HTMLLinkElement	setMedia	-	1	JavaHTMLLinkElement.cpp
wkj_dom_HTMLLinkElement_getRel	int32_t	int64_t peer, uint16_t* result_buf, int32_t result_cap, int32_t* result_length	JAVA_INT	JAVA_LONG,ADDRESS,JAVA_INT,ADDRESS	HTMLLinkElement	getRel	-	1	JavaHTMLLinkElement.cpp
wkj_dom_HTMLLinkElement_setRel	void	int64_t peer, const uint16_t* value, int32_t value_length	void	JAVA_LONG,ADDRESS,JAVA_INT	HTMLLinkElement	setRel	-	1	JavaHTMLLinkElement.cpp
wkj_dom_HTMLLinkElement_getRev	int32_t	int64_t peer, uint16_t* result_buf, int32_t result_cap, int32_t* result_length	JAVA_INT	JAVA_LONG,ADDRESS,JAVA_INT,ADDRESS	HTMLLinkElement	getRev	-	1	JavaHTMLLinkElement.cpp
wkj_dom_HTMLLinkElement_setRev	void	int64_t peer, const uint16_t* value, int32_t value_length	void	JAVA_LONG,ADDRESS,JAVA_INT	HTMLLinkElement	setRev	-	1	JavaHTMLLinkElement.cpp
wkj_dom_HTMLLinkElement_getTarget	int32_t	int64_t peer, uint16_t* result_buf, int32_t result_cap, int32_t* result_length	JAVA_INT	JAVA_LONG,ADDRESS,JAVA_INT,ADDRESS	HTMLLinkElement	getTarget	-	1	JavaHTMLLinkElement.cpp
wkj_dom_HTMLLinkElement_setTarget	void	int64_t peer, const uint16_t* value, int32_t value_length	void	JAVA_LONG,ADDRESS,JAVA_INT	HTMLLinkElement	setTarget	-	1	JavaHTMLLinkElement.cpp
wkj_dom_HTMLLinkElement_getType	int32_t	int64_t peer, uint16_t* result_buf, int32_t result_cap, int32_t* result_length	JAVA_INT	JAVA_LONG,ADDRESS,JAVA_INT,ADDRESS	HTMLLinkElement	getType	-	1	JavaHTMLLinkElement.cpp
wkj_dom_HTMLLinkElement_setType	void	int64_t peer, const uint16_t* value, int32_t value_length	void	JAVA_LONG,ADDRESS,JAVA_INT	HTMLLinkElement	setType	-	1	JavaHTMLLinkElement.cpp
wkj_dom_HTMLLinkElement_getSheet	int64_t	int64_t peer	JAVA_LONG	JAVA_LONG	HTMLLinkElement	getSheet	-	1	JavaHTMLLinkElement.cpp
wkj_dom_HTMLMapElement_getAreas	int64_t	int64_t peer	JAVA_LONG	JAVA_LONG	HTMLMapElement	getAreas	-	1	JavaHTMLMapElement.cpp
wkj_dom_HTMLMapElement_getName	int32_t	int64_t peer, uint16_t* result_buf, int32_t result_cap, int32_t* result_length	JAVA_INT	JAVA_LONG,ADDRESS,JAVA_INT,ADDRESS	HTMLMapElement	getName	-	1	JavaHTMLMapElement.cpp
wkj_dom_HTMLMapElement_setName	void	int64_t peer, const uint16_t* value, int32_t value_length	void	JAVA_LONG,ADDRESS,JAVA_INT	HTMLMapElement	setName	-	1	JavaHTMLMapElement.cpp
wkj_dom_HTMLMenuElement_getCompact	int32_t	int64_t peer	JAVA_INT	JAVA_LONG	HTMLMenuElement	getCompact	-	1	JavaHTMLMenuElement.cpp
wkj_dom_HTMLMenuElement_setCompact	void	int64_t peer, int32_t value	void	JAVA_LONG,JAVA_INT	HTMLMenuElement	setCompact	-	1	JavaHTMLMenuElement.cpp
wkj_dom_HTMLMetaElement_getContent	int32_t	int64_t peer, uint16_t* result_buf, int32_t result_cap, int32_t* result_length	JAVA_INT	JAVA_LONG,ADDRESS,JAVA_INT,ADDRESS	HTMLMetaElement	getContent	-	1	JavaHTMLMetaElement.cpp
wkj_dom_HTMLMetaElement_setContent	void	int64_t peer, const uint16_t* value, int32_t value_length	void	JAVA_LONG,ADDRESS,JAVA_INT	HTMLMetaElement	setContent	-	1	JavaHTMLMetaElement.cpp
wkj_dom_HTMLMetaElement_getHttpEquiv	int32_t	int64_t peer, uint16_t* result_buf, int32_t result_cap, int32_t* result_length	JAVA_INT	JAVA_LONG,ADDRESS,JAVA_INT,ADDRESS	HTMLMetaElement	getHttpEquiv	-	1	JavaHTMLMetaElement.cpp
wkj_dom_HTMLMetaElement_setHttpEquiv	void	int64_t peer, const uint16_t* value, int32_t value_length	void	JAVA_LONG,ADDRESS,JAVA_INT	HTMLMetaElement	setHttpEquiv	-	1	JavaHTMLMetaElement.cpp
wkj_dom_HTMLMetaElement_getName	int32_t	int64_t peer, uint16_t* result_buf, int32_t result_cap, int32_t* result_length	JAVA_INT	JAVA_LONG,ADDRESS,JAVA_INT,ADDRESS	HTMLMetaElement	getName	-	1	JavaHTMLMetaElement.cpp
wkj_dom_HTMLMetaElement_setName	void	int64_t peer, const uint16_t* value, int32_t value_length	void	JAVA_LONG,ADDRESS,JAVA_INT	HTMLMetaElement	setName	-	1	JavaHTMLMetaElement.cpp
wkj_dom_HTMLMetaElement_getScheme	int32_t	int64_t peer, uint16_t* result_buf, int32_t result_cap, int32_t* result_length	JAVA_INT	JAVA_LONG,ADDRESS,JAVA_INT,ADDRESS	HTMLMetaElement	getScheme	-	1	JavaHTMLMetaElement.cpp
wkj_dom_HTMLMetaElement_setScheme	void	int64_t peer, const uint16_t* value, int32_t value_length	void	JAVA_LONG,ADDRESS,JAVA_INT	HTMLMetaElement	setScheme	-	1	JavaHTMLMetaElement.cpp
wkj_dom_HTMLModElement_getCite	int32_t	int64_t peer, uint16_t* result_buf, int32_t result_cap, int32_t* result_length	JAVA_INT	JAVA_LONG,ADDRESS,JAVA_INT,ADDRESS	HTMLModElement	getCite	-	1	JavaHTMLModElement.cpp
wkj_dom_HTMLModElement_setCite	void	int64_t peer, const uint16_t* value, int32_t value_length	void	JAVA_LONG,ADDRESS,JAVA_INT	HTMLModElement	setCite	-	1	JavaHTMLModElement.cpp
wkj_dom_HTMLModElement_getDateTime	int32_t	int64_t peer, uint16_t* result_buf, int32_t result_cap, int32_t* result_length	JAVA_INT	JAVA_LONG,ADDRESS,JAVA_INT,ADDRESS	HTMLModElement	getDateTime	-	1	JavaHTMLModElement.cpp
wkj_dom_HTMLModElement_setDateTime	void	int64_t peer, const uint16_t* value, int32_t value_length	void	JAVA_LONG,ADDRESS,JAVA_INT	HTMLModElement	setDateTime	-	1	JavaHTMLModElement.cpp
wkj_dom_HTMLOListElement_getCompact	int32_t	int64_t peer	JAVA_INT	JAVA_LONG	HTMLOListElement	getCompact	-	1	JavaHTMLOListElement.cpp
wkj_dom_HTMLOListElement_setCompact	void	int64_t peer, int32_t value	void	JAVA_LONG,JAVA_INT	HTMLOListElement	setCompact	-	1	JavaHTMLOListElement.cpp
wkj_dom_HTMLOListElement_getStart	int32_t	int64_t peer	JAVA_INT	JAVA_LONG	HTMLOListElement	getStart	-	1	JavaHTMLOListElement.cpp
wkj_dom_HTMLOListElement_getReversed	int32_t	int64_t peer	JAVA_INT	JAVA_LONG	HTMLOListElement	getReversed	-	1	JavaHTMLOListElement.cpp
wkj_dom_HTMLOListElement_setReversed	void	int64_t peer, int32_t value	void	JAVA_LONG,JAVA_INT	HTMLOListElement	setReversed	-	1	JavaHTMLOListElement.cpp
wkj_dom_HTMLOListElement_getType	int32_t	int64_t peer, uint16_t* result_buf, int32_t result_cap, int32_t* result_length	JAVA_INT	JAVA_LONG,ADDRESS,JAVA_INT,ADDRESS	HTMLOListElement	getType	-	1	JavaHTMLOListElement.cpp
wkj_dom_HTMLOListElement_setType	void	int64_t peer, const uint16_t* value, int32_t value_length	void	JAVA_LONG,ADDRESS,JAVA_INT	HTMLOListElement	setType	-	1	JavaHTMLOListElement.cpp
wkj_dom_HTMLObjectElement_getForm	int64_t	int64_t peer	JAVA_LONG	JAVA_LONG	HTMLObjectElement	getForm	-	1	JavaHTMLObjectElement.cpp
wkj_dom_HTMLObjectElement_getCode	int32_t	int64_t peer, uint16_t* result_buf, int32_t result_cap, int32_t* result_length	JAVA_INT	JAVA_LONG,ADDRESS,JAVA_INT,ADDRESS	HTMLObjectElement	getCode	-	1	JavaHTMLObjectElement.cpp
wkj_dom_HTMLObjectElement_setCode	void	int64_t peer, const uint16_t* value, int32_t value_length	void	JAVA_LONG,ADDRESS,JAVA_INT	HTMLObjectElement	setCode	-	1	JavaHTMLObjectElement.cpp
wkj_dom_HTMLObjectElement_getAlign	int32_t	int64_t peer, uint16_t* result_buf, int32_t result_cap, int32_t* result_length	JAVA_INT	JAVA_LONG,ADDRESS,JAVA_INT,ADDRESS	HTMLObjectElement	getAlign	-	1	JavaHTMLObjectElement.cpp
wkj_dom_HTMLObjectElement_setAlign	void	int64_t peer, const uint16_t* value, int32_t value_length	void	JAVA_LONG,ADDRESS,JAVA_INT	HTMLObjectElement	setAlign	-	1	JavaHTMLObjectElement.cpp
wkj_dom_HTMLObjectElement_getArchive	int32_t	int64_t peer, uint16_t* result_buf, int32_t result_cap, int32_t* result_length	JAVA_INT	JAVA_LONG,ADDRESS,JAVA_INT,ADDRESS	HTMLObjectElement	getArchive	-	1	JavaHTMLObjectElement.cpp
wkj_dom_HTMLObjectElement_setArchive	void	int64_t peer, const uint16_t* value, int32_t value_length	void	JAVA_LONG,ADDRESS,JAVA_INT	HTMLObjectElement	setArchive	-	1	JavaHTMLObjectElement.cpp
wkj_dom_HTMLObjectElement_getBorder	int32_t	int64_t peer, uint16_t* result_buf, int32_t result_cap, int32_t* result_length	JAVA_INT	JAVA_LONG,ADDRESS,JAVA_INT,ADDRESS	HTMLObjectElement	getBorder	-	1	JavaHTMLObjectElement.cpp
wkj_dom_HTMLObjectElement_setBorder	void	int64_t peer, const uint16_t* value, int32_t value_length	void	JAVA_LONG,ADDRESS,JAVA_INT	HTMLObjectElement	setBorder	-	1	JavaHTMLObjectElement.cpp
wkj_dom_HTMLObjectElement_getCodeBase	int32_t	int64_t peer, uint16_t* result_buf, int32_t result_cap, int32_t* result_length	JAVA_INT	JAVA_LONG,ADDRESS,JAVA_INT,ADDRESS	HTMLObjectElement	getCodeBase	-	1	JavaHTMLObjectElement.cpp
wkj_dom_HTMLObjectElement_setCodeBase	void	int64_t peer, const uint16_t* value, int32_t value_length	void	JAVA_LONG,ADDRESS,JAVA_INT	HTMLObjectElement	setCodeBase	-	1	JavaHTMLObjectElement.cpp
wkj_dom_HTMLObjectElement_getCodeType	int32_t	int64_t peer, uint16_t* result_buf, int32_t result_cap, int32_t* result_length	JAVA_INT	JAVA_LONG,ADDRESS,JAVA_INT,ADDRESS	HTMLObjectElement	getCodeType	-	1	JavaHTMLObjectElement.cpp
wkj_dom_HTMLObjectElement_setCodeType	void	int64_t peer, const uint16_t* value, int32_t value_length	void	JAVA_LONG,ADDRESS,JAVA_INT	HTMLObjectElement	setCodeType	-	1	JavaHTMLObjectElement.cpp
wkj_dom_HTMLObjectElement_getData	int32_t	int64_t peer, uint16_t* result_buf, int32_t result_cap, int32_t* result_length	JAVA_INT	JAVA_LONG,ADDRESS,JAVA_INT,ADDRESS	HTMLObjectElement	getData	-	1	JavaHTMLObjectElement.cpp
wkj_dom_HTMLObjectElement_setData	void	int64_t peer, const uint16_t* value, int32_t value_length	void	JAVA_LONG,ADDRESS,JAVA_INT	HTMLObjectElement	setData	-	1	JavaHTMLObjectElement.cpp
wkj_dom_HTMLObjectElement_getDeclare	int32_t	int64_t peer	JAVA_INT	JAVA_LONG	HTMLObjectElement	getDeclare	-	1	JavaHTMLObjectElement.cpp
wkj_dom_HTMLObjectElement_setDeclare	void	int64_t peer, int32_t value	void	JAVA_LONG,JAVA_INT	HTMLObjectElement	setDeclare	-	1	JavaHTMLObjectElement.cpp
wkj_dom_HTMLObjectElement_getHeight	int32_t	int64_t peer, uint16_t* result_buf, int32_t result_cap, int32_t* result_length	JAVA_INT	JAVA_LONG,ADDRESS,JAVA_INT,ADDRESS	HTMLObjectElement	getHeight	-	1	JavaHTMLObjectElement.cpp
wkj_dom_HTMLObjectElement_setHeight	void	int64_t peer, const uint16_t* value, int32_t value_length	void	JAVA_LONG,ADDRESS,JAVA_INT	HTMLObjectElement	setHeight	-	1	JavaHTMLObjectElement.cpp
wkj_dom_HTMLObjectElement_setHspace	void	int64_t peer, int32_t value	void	JAVA_LONG,JAVA_INT	HTMLObjectElement	setHspace	-	1	JavaHTMLObjectElement.cpp
wkj_dom_HTMLObjectElement_getName	int32_t	int64_t peer, uint16_t* result_buf, int32_t result_cap, int32_t* result_length	JAVA_INT	JAVA_LONG,ADDRESS,JAVA_INT,ADDRESS	HTMLObjectElement	getName	-	1	JavaHTMLObjectElement.cpp
wkj_dom_HTMLObjectElement_setName	void	int64_t peer, const uint16_t* value, int32_t value_length	void	JAVA_LONG,ADDRESS,JAVA_INT	HTMLObjectElement	setName	-	1	JavaHTMLObjectElement.cpp
wkj_dom_HTMLObjectElement_getStandby	int32_t	int64_t peer, uint16_t* result_buf, int32_t result_cap, int32_t* result_length	JAVA_INT	JAVA_LONG,ADDRESS,JAVA_INT,ADDRESS	HTMLObjectElement	getStandby	-	1	JavaHTMLObjectElement.cpp
wkj_dom_HTMLObjectElement_setStandby	void	int64_t peer, const uint16_t* value, int32_t value_length	void	JAVA_LONG,ADDRESS,JAVA_INT	HTMLObjectElement	setStandby	-	1	JavaHTMLObjectElement.cpp
wkj_dom_HTMLObjectElement_getType	int32_t	int64_t peer, uint16_t* result_buf, int32_t result_cap, int32_t* result_length	JAVA_INT	JAVA_LONG,ADDRESS,JAVA_INT,ADDRESS	HTMLObjectElement	getType	-	1	JavaHTMLObjectElement.cpp
wkj_dom_HTMLObjectElement_setType	void	int64_t peer, const uint16_t* value, int32_t value_length	void	JAVA_LONG,ADDRESS,JAVA_INT	HTMLObjectElement	setType	-	1	JavaHTMLObjectElement.cpp
wkj_dom_HTMLObjectElement_getUseMap	int32_t	int64_t peer, uint16_t* result_buf, int32_t result_cap, int32_t* result_length	JAVA_INT	JAVA_LONG,ADDRESS,JAVA_INT,ADDRESS	HTMLObjectElement	getUseMap	-	1	JavaHTMLObjectElement.cpp
wkj_dom_HTMLObjectElement_setUseMap	void	int64_t peer, const uint16_t* value, int32_t value_length	void	JAVA_LONG,ADDRESS,JAVA_INT	HTMLObjectElement	setUseMap	-	1	JavaHTMLObjectElement.cpp
wkj_dom_HTMLObjectElement_setVspace	void	int64_t peer, int32_t value	void	JAVA_LONG,JAVA_INT	HTMLObjectElement	setVspace	-	1	JavaHTMLObjectElement.cpp
wkj_dom_HTMLObjectElement_getWidth	int32_t	int64_t peer, uint16_t* result_buf, int32_t result_cap, int32_t* result_length	JAVA_INT	JAVA_LONG,ADDRESS,JAVA_INT,ADDRESS	HTMLObjectElement	getWidth	-	1	JavaHTMLObjectElement.cpp
wkj_dom_HTMLObjectElement_setWidth	void	int64_t peer, const uint16_t* value, int32_t value_length	void	JAVA_LONG,ADDRESS,JAVA_INT	HTMLObjectElement	setWidth	-	1	JavaHTMLObjectElement.cpp
wkj_dom_HTMLObjectElement_getWillValidate	int32_t	int64_t peer	JAVA_INT	JAVA_LONG	HTMLObjectElement	getWillValidate	-	1	JavaHTMLObjectElement.cpp
wkj_dom_HTMLObjectElement_getValidationMessage	int32_t	int64_t peer, uint16_t* result_buf, int32_t result_cap, int32_t* result_length	JAVA_INT	JAVA_LONG,ADDRESS,JAVA_INT,ADDRESS	HTMLObjectElement	getValidationMessage	-	1	JavaHTMLObjectElement.cpp
wkj_dom_HTMLObjectElement_getContentDocument	int64_t	int64_t peer	JAVA_LONG	JAVA_LONG	HTMLObjectElement	getContentDocument	-	1	JavaHTMLObjectElement.cpp
wkj_dom_HTMLObjectElement_checkValidity	int32_t	int64_t peer	JAVA_INT	JAVA_LONG	HTMLObjectElement	checkValidity	-	1	JavaHTMLObjectElement.cpp
wkj_dom_HTMLObjectElement_setCustomValidity	void	int64_t peer, const uint16_t* error, int32_t error_length	void	JAVA_LONG,ADDRESS,JAVA_INT	HTMLObjectElement	setCustomValidity	-	1	JavaHTMLObjectElement.cpp
wkj_dom_HTMLOptGroupElement_getDisabled	int32_t	int64_t peer	JAVA_INT	JAVA_LONG	HTMLOptGroupElement	getDisabled	-	1	JavaHTMLOptGroupElement.cpp
wkj_dom_HTMLOptGroupElement_setDisabled	void	int64_t peer, int32_t value	void	JAVA_LONG,JAVA_INT	HTMLOptGroupElement	setDisabled	-	1	JavaHTMLOptGroupElement.cpp
wkj_dom_HTMLOptGroupElement_getLabel	int32_t	int64_t peer, uint16_t* result_buf, int32_t result_cap, int32_t* result_length	JAVA_INT	JAVA_LONG,ADDRESS,JAVA_INT,ADDRESS	HTMLOptGroupElement	getLabel	-	1	JavaHTMLOptGroupElement.cpp
wkj_dom_HTMLOptGroupElement_setLabel	void	int64_t peer, const uint16_t* value, int32_t value_length	void	JAVA_LONG,ADDRESS,JAVA_INT	HTMLOptGroupElement	setLabel	-	1	JavaHTMLOptGroupElement.cpp
wkj_dom_HTMLOptionElement_getDisabled	int32_t	int64_t peer	JAVA_INT	JAVA_LONG	HTMLOptionElement	getDisabled	-	1	JavaHTMLOptionElement.cpp
wkj_dom_HTMLOptionElement_setDisabled	void	int64_t peer, int32_t value	void	JAVA_LONG,JAVA_INT	HTMLOptionElement	setDisabled	-	1	JavaHTMLOptionElement.cpp
wkj_dom_HTMLOptionElement_getForm	int64_t	int64_t peer	JAVA_LONG	JAVA_LONG	HTMLOptionElement	getForm	-	1	JavaHTMLOptionElement.cpp
wkj_dom_HTMLOptionElement_getLabel	int32_t	int64_t peer, uint16_t* result_buf, int32_t result_cap, int32_t* result_length	JAVA_INT	JAVA_LONG,ADDRESS,JAVA_INT,ADDRESS	HTMLOptionElement	getLabel	-	1	JavaHTMLOptionElement.cpp
wkj_dom_HTMLOptionElement_getDefaultSelected	int32_t	int64_t peer	JAVA_INT	JAVA_LONG	HTMLOptionElement	getDefaultSelected	-	1	JavaHTMLOptionElement.cpp
wkj_dom_HTMLOptionElement_setDefaultSelected	void	int64_t peer, int32_t value	void	JAVA_LONG,JAVA_INT	HTMLOptionElement	setDefaultSelected	-	1	JavaHTMLOptionElement.cpp
wkj_dom_HTMLOptionElement_getSelected	int32_t	int64_t peer	JAVA_INT	JAVA_LONG	HTMLOptionElement	getSelected	-	1	JavaHTMLOptionElement.cpp
wkj_dom_HTMLOptionElement_setSelected	void	int64_t peer, int32_t value	void	JAVA_LONG,JAVA_INT	HTMLOptionElement	setSelected	-	1	JavaHTMLOptionElement.cpp
wkj_dom_HTMLOptionElement_getValue	int32_t	int64_t peer, uint16_t* result_buf, int32_t result_cap, int32_t* result_length	JAVA_INT	JAVA_LONG,ADDRESS,JAVA_INT,ADDRESS	HTMLOptionElement	getValue	-	1	JavaHTMLOptionElement.cpp
wkj_dom_HTMLOptionElement_getText	int32_t	int64_t peer, uint16_t* result_buf, int32_t result_cap, int32_t* result_length	JAVA_INT	JAVA_LONG,ADDRESS,JAVA_INT,ADDRESS	HTMLOptionElement	getText	-	1	JavaHTMLOptionElement.cpp
wkj_dom_HTMLOptionElement_getIndex	int32_t	int64_t peer	JAVA_INT	JAVA_LONG	HTMLOptionElement	getIndex	-	1	JavaHTMLOptionElement.cpp
wkj_dom_HTMLOptionsCollection_getSelectedIndex	int32_t	int64_t peer	JAVA_INT	JAVA_LONG	HTMLOptionsCollection	getSelectedIndex	-	1	JavaHTMLOptionsCollection.cpp
wkj_dom_HTMLOptionsCollection_setSelectedIndex	void	int64_t peer, int32_t value	void	JAVA_LONG,JAVA_INT	HTMLOptionsCollection	setSelectedIndex	-	1	JavaHTMLOptionsCollection.cpp
wkj_dom_HTMLOptionsCollection_getLength	int32_t	int64_t peer	JAVA_INT	JAVA_LONG	HTMLOptionsCollection	getLength	-	1	JavaHTMLOptionsCollection.cpp
wkj_dom_HTMLOptionsCollection_setLength	void	int64_t peer, int32_t value	void	JAVA_LONG,JAVA_INT	HTMLOptionsCollection	setLength	-	1	JavaHTMLOptionsCollection.cpp
wkj_dom_HTMLOptionsCollection_namedItem	int64_t	int64_t peer, const uint16_t* name, int32_t name_length	JAVA_LONG	JAVA_LONG,ADDRESS,JAVA_INT	HTMLOptionsCollection	namedItem	-	1	JavaHTMLOptionsCollection.cpp
wkj_dom_HTMLOptionsCollection_add	void	int64_t peer, int64_t option, int32_t index	void	JAVA_LONG,JAVA_LONG,JAVA_INT	HTMLOptionsCollection	add	THROWS	1	JavaHTMLOptionsCollection.cpp
wkj_dom_HTMLOptionsCollection_item	int64_t	int64_t peer, int32_t index	JAVA_LONG	JAVA_LONG,JAVA_INT	HTMLOptionsCollection	item	-	1	JavaHTMLOptionsCollection.cpp
wkj_dom_HTMLParagraphElement_getAlign	int32_t	int64_t peer, uint16_t* result_buf, int32_t result_cap, int32_t* result_length	JAVA_INT	JAVA_LONG,ADDRESS,JAVA_INT,ADDRESS	HTMLParagraphElement	getAlign	-	1	JavaHTMLParagraphElement.cpp
wkj_dom_HTMLParagraphElement_setAlign	void	int64_t peer, const uint16_t* value, int32_t value_length	void	JAVA_LONG,ADDRESS,JAVA_INT	HTMLParagraphElement	setAlign	-	1	JavaHTMLParagraphElement.cpp
wkj_dom_HTMLParamElement_getName	int32_t	int64_t peer, uint16_t* result_buf, int32_t result_cap, int32_t* result_length	JAVA_INT	JAVA_LONG,ADDRESS,JAVA_INT,ADDRESS	HTMLParamElement	getName	-	1	JavaHTMLParamElement.cpp
wkj_dom_HTMLParamElement_setName	void	int64_t peer, const uint16_t* value, int32_t value_length	void	JAVA_LONG,ADDRESS,JAVA_INT	HTMLParamElement	setName	-	1	JavaHTMLParamElement.cpp
wkj_dom_HTMLParamElement_getType	int32_t	int64_t peer, uint16_t* result_buf, int32_t result_cap, int32_t* result_length	JAVA_INT	JAVA_LONG,ADDRESS,JAVA_INT,ADDRESS	HTMLParamElement	getType	-	1	JavaHTMLParamElement.cpp
wkj_dom_HTMLParamElement_setType	void	int64_t peer, const uint16_t* value, int32_t value_length	void	JAVA_LONG,ADDRESS,JAVA_INT	HTMLParamElement	setType	-	1	JavaHTMLParamElement.cpp
wkj_dom_HTMLParamElement_getValue	int32_t	int64_t peer, uint16_t* result_buf, int32_t result_cap, int32_t* result_length	JAVA_INT	JAVA_LONG,ADDRESS,JAVA_INT,ADDRESS	HTMLParamElement	getValue	-	1	JavaHTMLParamElement.cpp
wkj_dom_HTMLParamElement_setValue	void	int64_t peer, const uint16_t* value, int32_t value_length	void	JAVA_LONG,ADDRESS,JAVA_INT	HTMLParamElement	setValue	-	1	JavaHTMLParamElement.cpp
wkj_dom_HTMLParamElement_getValueType	int32_t	int64_t peer, uint16_t* result_buf, int32_t result_cap, int32_t* result_length	JAVA_INT	JAVA_LONG,ADDRESS,JAVA_INT,ADDRESS	HTMLParamElement	getValueType	-	1	JavaHTMLParamElement.cpp
wkj_dom_HTMLParamElement_setValueType	void	int64_t peer, const uint16_t* value, int32_t value_length	void	JAVA_LONG,ADDRESS,JAVA_INT	HTMLParamElement	setValueType	-	1	JavaHTMLParamElement.cpp
wkj_dom_HTMLPreElement_setWidth	void	int64_t peer, int32_t value	void	JAVA_LONG,JAVA_INT	HTMLPreElement	setWidth	-	1	JavaHTMLPreElement.cpp
wkj_dom_HTMLPreElement_getWrap	int32_t	int64_t peer	JAVA_INT	JAVA_LONG	HTMLPreElement	getWrap	-	1	JavaHTMLPreElement.cpp
wkj_dom_HTMLPreElement_setWrap	void	int64_t peer, int32_t value	void	JAVA_LONG,JAVA_INT	HTMLPreElement	setWrap	-	1	JavaHTMLPreElement.cpp
wkj_dom_HTMLQuoteElement_getCite	int32_t	int64_t peer, uint16_t* result_buf, int32_t result_cap, int32_t* result_length	JAVA_INT	JAVA_LONG,ADDRESS,JAVA_INT,ADDRESS	HTMLQuoteElement	getCite	-	1	JavaHTMLQuoteElement.cpp
wkj_dom_HTMLQuoteElement_setCite	void	int64_t peer, const uint16_t* value, int32_t value_length	void	JAVA_LONG,ADDRESS,JAVA_INT	HTMLQuoteElement	setCite	-	1	JavaHTMLQuoteElement.cpp
wkj_dom_HTMLScriptElement_getText	int32_t	int64_t peer, uint16_t* result_buf, int32_t result_cap, int32_t* result_length	JAVA_INT	JAVA_LONG,ADDRESS,JAVA_INT,ADDRESS	HTMLScriptElement	getText	-	1	JavaHTMLScriptElement.cpp
wkj_dom_HTMLScriptElement_setText	void	int64_t peer, const uint16_t* value, int32_t value_length	void	JAVA_LONG,ADDRESS,JAVA_INT	HTMLScriptElement	setText	-	1	JavaHTMLScriptElement.cpp
wkj_dom_HTMLScriptElement_getHtmlFor	int32_t	int64_t peer, uint16_t* result_buf, int32_t result_cap, int32_t* result_length	JAVA_INT	JAVA_LONG,ADDRESS,JAVA_INT,ADDRESS	HTMLScriptElement	getHtmlFor	-	1	JavaHTMLScriptElement.cpp
wkj_dom_HTMLScriptElement_setHtmlFor	void	int64_t peer, const uint16_t* value, int32_t value_length	void	JAVA_LONG,ADDRESS,JAVA_INT	HTMLScriptElement	setHtmlFor	-	1	JavaHTMLScriptElement.cpp
wkj_dom_HTMLScriptElement_getEvent	int32_t	int64_t peer, uint16_t* result_buf, int32_t result_cap, int32_t* result_length	JAVA_INT	JAVA_LONG,ADDRESS,JAVA_INT,ADDRESS	HTMLScriptElement	getEvent	-	1	JavaHTMLScriptElement.cpp
wkj_dom_HTMLScriptElement_setEvent	void	int64_t peer, const uint16_t* value, int32_t value_length	void	JAVA_LONG,ADDRESS,JAVA_INT	HTMLScriptElement	setEvent	-	1	JavaHTMLScriptElement.cpp
wkj_dom_HTMLScriptElement_getCharset	int32_t	int64_t peer, uint16_t* result_buf, int32_t result_cap, int32_t* result_length	JAVA_INT	JAVA_LONG,ADDRESS,JAVA_INT,ADDRESS	HTMLScriptElement	getCharset	-	1	JavaHTMLScriptElement.cpp
wkj_dom_HTMLScriptElement_setCharset	void	int64_t peer, const uint16_t* value, int32_t value_length	void	JAVA_LONG,ADDRESS,JAVA_INT	HTMLScriptElement	setCharset	-	1	JavaHTMLScriptElement.cpp
wkj_dom_HTMLScriptElement_getAsync	int32_t	int64_t peer	JAVA_INT	JAVA_LONG	HTMLScriptElement	getAsync	-	1	JavaHTMLScriptElement.cpp
wkj_dom_HTMLScriptElement_setAsync	void	int64_t peer, int32_t value	void	JAVA_LONG,JAVA_INT	HTMLScriptElement	setAsync	-	1	JavaHTMLScriptElement.cpp
wkj_dom_HTMLScriptElement_getDefer	int32_t	int64_t peer	JAVA_INT	JAVA_LONG	HTMLScriptElement	getDefer	-	1	JavaHTMLScriptElement.cpp
wkj_dom_HTMLScriptElement_setDefer	void	int64_t peer, int32_t value	void	JAVA_LONG,JAVA_INT	HTMLScriptElement	setDefer	-	1	JavaHTMLScriptElement.cpp
wkj_dom_HTMLScriptElement_getSrc	int32_t	int64_t peer, uint16_t* result_buf, int32_t result_cap, int32_t* result_length	JAVA_INT	JAVA_LONG,ADDRESS,JAVA_INT,ADDRESS	HTMLScriptElement	getSrc	-	1	JavaHTMLScriptElement.cpp
wkj_dom_HTMLScriptElement_setSrc	void	int64_t peer, const uint16_t* value, int32_t value_length	void	JAVA_LONG,ADDRESS,JAVA_INT	HTMLScriptElement	setSrc	-	1	JavaHTMLScriptElement.cpp
wkj_dom_HTMLScriptElement_getType	int32_t	int64_t peer, uint16_t* result_buf, int32_t result_cap, int32_t* result_length	JAVA_INT	JAVA_LONG,ADDRESS,JAVA_INT,ADDRESS	HTMLScriptElement	getType	-	1	JavaHTMLScriptElement.cpp
wkj_dom_HTMLScriptElement_setType	void	int64_t peer, const uint16_t* value, int32_t value_length	void	JAVA_LONG,ADDRESS,JAVA_INT	HTMLScriptElement	setType	-	1	JavaHTMLScriptElement.cpp
wkj_dom_HTMLScriptElement_getCrossOrigin	int32_t	int64_t peer, uint16_t* result_buf, int32_t result_cap, int32_t* result_length	JAVA_INT	JAVA_LONG,ADDRESS,JAVA_INT,ADDRESS	HTMLScriptElement	getCrossOrigin	-	1	JavaHTMLScriptElement.cpp
wkj_dom_HTMLSelectElement_getAutofocus	int32_t	int64_t peer	JAVA_INT	JAVA_LONG	HTMLSelectElement	getAutofocus	-	1	JavaHTMLSelectElement.cpp
wkj_dom_HTMLSelectElement_setAutofocus	void	int64_t peer, int32_t value	void	JAVA_LONG,JAVA_INT	HTMLSelectElement	setAutofocus	-	1	JavaHTMLSelectElement.cpp
wkj_dom_HTMLSelectElement_getDisabled	int32_t	int64_t peer	JAVA_INT	JAVA_LONG	HTMLSelectElement	getDisabled	-	1	JavaHTMLSelectElement.cpp
wkj_dom_HTMLSelectElement_setDisabled	void	int64_t peer, int32_t value	void	JAVA_LONG,JAVA_INT	HTMLSelectElement	setDisabled	-	1	JavaHTMLSelectElement.cpp
wkj_dom_HTMLSelectElement_getForm	int64_t	int64_t peer	JAVA_LONG	JAVA_LONG	HTMLSelectElement	getForm	-	1	JavaHTMLSelectElement.cpp
wkj_dom_HTMLSelectElement_getMultiple	int32_t	int64_t peer	JAVA_INT	JAVA_LONG	HTMLSelectElement	getMultiple	-	1	JavaHTMLSelectElement.cpp
wkj_dom_HTMLSelectElement_setMultiple	void	int64_t peer, int32_t value	void	JAVA_LONG,JAVA_INT	HTMLSelectElement	setMultiple	-	1	JavaHTMLSelectElement.cpp
wkj_dom_HTMLSelectElement_getName	int32_t	int64_t peer, uint16_t* result_buf, int32_t result_cap, int32_t* result_length	JAVA_INT	JAVA_LONG,ADDRESS,JAVA_INT,ADDRESS	HTMLSelectElement	getName	-	1	JavaHTMLSelectElement.cpp
wkj_dom_HTMLSelectElement_setName	void	int64_t peer, const uint16_t* value, int32_t value_length	void	JAVA_LONG,ADDRESS,JAVA_INT	HTMLSelectElement	setName	-	1	JavaHTMLSelectElement.cpp
wkj_dom_HTMLSelectElement_getRequired	int32_t	int64_t peer	JAVA_INT	JAVA_LONG	HTMLSelectElement	getRequired	-	1	JavaHTMLSelectElement.cpp
wkj_dom_HTMLSelectElement_setRequired	void	int64_t peer, int32_t value	void	JAVA_LONG,JAVA_INT	HTMLSelectElement	setRequired	-	1	JavaHTMLSelectElement.cpp
wkj_dom_HTMLSelectElement_getSize	int32_t	int64_t peer	JAVA_INT	JAVA_LONG	HTMLSelectElement	getSize	-	1	JavaHTMLSelectElement.cpp
wkj_dom_HTMLSelectElement_setSize	void	int64_t peer, int32_t value	void	JAVA_LONG,JAVA_INT	HTMLSelectElement	setSize	-	1	JavaHTMLSelectElement.cpp
wkj_dom_HTMLSelectElement_getType	int32_t	int64_t peer, uint16_t* result_buf, int32_t result_cap, int32_t* result_length	JAVA_INT	JAVA_LONG,ADDRESS,JAVA_INT,ADDRESS	HTMLSelectElement	getType	-	1	JavaHTMLSelectElement.cpp
wkj_dom_HTMLSelectElement_getOptions	int64_t	int64_t peer	JAVA_LONG	JAVA_LONG	HTMLSelectElement	getOptions	-	1	JavaHTMLSelectElement.cpp
wkj_dom_HTMLSelectElement_getLength	int32_t	int64_t peer	JAVA_INT	JAVA_LONG	HTMLSelectElement	getLength	-	1	JavaHTMLSelectElement.cpp
wkj_dom_HTMLSelectElement_getSelectedOptions	int64_t	int64_t peer	JAVA_LONG	JAVA_LONG	HTMLSelectElement	getSelectedOptions	-	1	JavaHTMLSelectElement.cpp
wkj_dom_HTMLSelectElement_getSelectedIndex	int32_t	int64_t peer	JAVA_INT	JAVA_LONG	HTMLSelectElement	getSelectedIndex	-	1	JavaHTMLSelectElement.cpp
wkj_dom_HTMLSelectElement_setSelectedIndex	void	int64_t peer, int32_t value	void	JAVA_LONG,JAVA_INT	HTMLSelectElement	setSelectedIndex	-	1	JavaHTMLSelectElement.cpp
wkj_dom_HTMLSelectElement_getValue	int32_t	int64_t peer, uint16_t* result_buf, int32_t result_cap, int32_t* result_length	JAVA_INT	JAVA_LONG,ADDRESS,JAVA_INT,ADDRESS	HTMLSelectElement	getValue	-	1	JavaHTMLSelectElement.cpp
wkj_dom_HTMLSelectElement_setValue	void	int64_t peer, const uint16_t* value, int32_t value_length	void	JAVA_LONG,ADDRESS,JAVA_INT	HTMLSelectElement	setValue	-	1	JavaHTMLSelectElement.cpp
wkj_dom_HTMLSelectElement_getWillValidate	int32_t	int64_t peer	JAVA_INT	JAVA_LONG	HTMLSelectElement	getWillValidate	-	1	JavaHTMLSelectElement.cpp
wkj_dom_HTMLSelectElement_getValidationMessage	int32_t	int64_t peer, uint16_t* result_buf, int32_t result_cap, int32_t* result_length	JAVA_INT	JAVA_LONG,ADDRESS,JAVA_INT,ADDRESS	HTMLSelectElement	getValidationMessage	-	1	JavaHTMLSelectElement.cpp
wkj_dom_HTMLSelectElement_getLabels	int64_t	int64_t peer	JAVA_LONG	JAVA_LONG	HTMLSelectElement	getLabels	-	1	JavaHTMLSelectElement.cpp
wkj_dom_HTMLSelectElement_getAutocomplete	int32_t	int64_t peer, uint16_t* result_buf, int32_t result_cap, int32_t* result_length	JAVA_INT	JAVA_LONG,ADDRESS,JAVA_INT,ADDRESS	HTMLSelectElement	getAutocomplete	-	1	JavaHTMLSelectElement.cpp
wkj_dom_HTMLSelectElement_item	int64_t	int64_t peer, int32_t index	JAVA_LONG	JAVA_LONG,JAVA_INT	HTMLSelectElement	item	-	1	JavaHTMLSelectElement.cpp
wkj_dom_HTMLSelectElement_namedItem	int64_t	int64_t peer, const uint16_t* name, int32_t name_length	JAVA_LONG	JAVA_LONG,ADDRESS,JAVA_INT	HTMLSelectElement	namedItem	-	1	JavaHTMLSelectElement.cpp
wkj_dom_HTMLSelectElement_add	void	int64_t peer, int64_t element, int64_t before	void	JAVA_LONG,JAVA_LONG,JAVA_LONG	HTMLSelectElement	add	THROWS	1	JavaHTMLSelectElement.cpp
wkj_dom_HTMLSelectElement_remove	void	int64_t peer, int32_t index	void	JAVA_LONG,JAVA_INT	HTMLSelectElement	remove	-	1	JavaHTMLSelectElement.cpp
wkj_dom_HTMLSelectElement_checkValidity	int32_t	int64_t peer	JAVA_INT	JAVA_LONG	HTMLSelectElement	checkValidity	-	1	JavaHTMLSelectElement.cpp
wkj_dom_HTMLSelectElement_setCustomValidity	void	int64_t peer, const uint16_t* error, int32_t error_length	void	JAVA_LONG,ADDRESS,JAVA_INT	HTMLSelectElement	setCustomValidity	-	1	JavaHTMLSelectElement.cpp
wkj_dom_HTMLStyleElement_getDisabled	int32_t	int64_t peer	JAVA_INT	JAVA_LONG	HTMLStyleElement	getDisabled	-	1	JavaHTMLStyleElement.cpp
wkj_dom_HTMLStyleElement_setDisabled	void	int64_t peer, int32_t value	void	JAVA_LONG,JAVA_INT	HTMLStyleElement	setDisabled	-	1	JavaHTMLStyleElement.cpp
wkj_dom_HTMLStyleElement_getMedia	int32_t	int64_t peer, uint16_t* result_buf, int32_t result_cap, int32_t* result_length	JAVA_INT	JAVA_LONG,ADDRESS,JAVA_INT,ADDRESS	HTMLStyleElement	getMedia	-	1	JavaHTMLStyleElement.cpp
wkj_dom_HTMLStyleElement_setMedia	void	int64_t peer, const uint16_t* value, int32_t value_length	void	JAVA_LONG,ADDRESS,JAVA_INT	HTMLStyleElement	setMedia	-	1	JavaHTMLStyleElement.cpp
wkj_dom_HTMLStyleElement_getType	int32_t	int64_t peer, uint16_t* result_buf, int32_t result_cap, int32_t* result_length	JAVA_INT	JAVA_LONG,ADDRESS,JAVA_INT,ADDRESS	HTMLStyleElement	getType	-	1	JavaHTMLStyleElement.cpp
wkj_dom_HTMLStyleElement_setType	void	int64_t peer, const uint16_t* value, int32_t value_length	void	JAVA_LONG,ADDRESS,JAVA_INT	HTMLStyleElement	setType	-	1	JavaHTMLStyleElement.cpp
wkj_dom_HTMLStyleElement_getSheet	int64_t	int64_t peer	JAVA_LONG	JAVA_LONG	HTMLStyleElement	getSheet	-	1	JavaHTMLStyleElement.cpp
wkj_dom_HTMLTableCaptionElement_getAlign	int32_t	int64_t peer, uint16_t* result_buf, int32_t result_cap, int32_t* result_length	JAVA_INT	JAVA_LONG,ADDRESS,JAVA_INT,ADDRESS	HTMLTableCaptionElement	getAlign	-	1	JavaHTMLTableCaptionElement.cpp
wkj_dom_HTMLTableCaptionElement_setAlign	void	int64_t peer, const uint16_t* value, int32_t value_length	void	JAVA_LONG,ADDRESS,JAVA_INT	HTMLTableCaptionElement	setAlign	-	1	JavaHTMLTableCaptionElement.cpp
wkj_dom_HTMLTableCellElement_getCellIndex	int32_t	int64_t peer	JAVA_INT	JAVA_LONG	HTMLTableCellElement	getCellIndex	-	1	JavaHTMLTableCellElement.cpp
wkj_dom_HTMLTableCellElement_getAlign	int32_t	int64_t peer, uint16_t* result_buf, int32_t result_cap, int32_t* result_length	JAVA_INT	JAVA_LONG,ADDRESS,JAVA_INT,ADDRESS	HTMLTableCellElement	getAlign	-	1	JavaHTMLTableCellElement.cpp
wkj_dom_HTMLTableCellElement_setAlign	void	int64_t peer, const uint16_t* value, int32_t value_length	void	JAVA_LONG,ADDRESS,JAVA_INT	HTMLTableCellElement	setAlign	-	1	JavaHTMLTableCellElement.cpp
wkj_dom_HTMLTableCellElement_getAxis	int32_t	int64_t peer, uint16_t* result_buf, int32_t result_cap, int32_t* result_length	JAVA_INT	JAVA_LONG,ADDRESS,JAVA_INT,ADDRESS	HTMLTableCellElement	getAxis	-	1	JavaHTMLTableCellElement.cpp
wkj_dom_HTMLTableCellElement_setAxis	void	int64_t peer, const uint16_t* value, int32_t value_length	void	JAVA_LONG,ADDRESS,JAVA_INT	HTMLTableCellElement	setAxis	-	1	JavaHTMLTableCellElement.cpp
wkj_dom_HTMLTableCellElement_getBgColor	int32_t	int64_t peer, uint16_t* result_buf, int32_t result_cap, int32_t* result_length	JAVA_INT	JAVA_LONG,ADDRESS,JAVA_INT,ADDRESS	HTMLTableCellElement	getBgColor	-	1	JavaHTMLTableCellElement.cpp
wkj_dom_HTMLTableCellElement_setBgColor	void	int64_t peer, const uint16_t* value, int32_t value_length	void	JAVA_LONG,ADDRESS,JAVA_INT	HTMLTableCellElement	setBgColor	-	1	JavaHTMLTableCellElement.cpp
wkj_dom_HTMLTableCellElement_getCh	int32_t	int64_t peer, uint16_t* result_buf, int32_t result_cap, int32_t* result_length	JAVA_INT	JAVA_LONG,ADDRESS,JAVA_INT,ADDRESS	HTMLTableCellElement	getCh	-	1	JavaHTMLTableCellElement.cpp
wkj_dom_HTMLTableCellElement_setCh	void	int64_t peer, const uint16_t* value, int32_t value_length	void	JAVA_LONG,ADDRESS,JAVA_INT	HTMLTableCellElement	setCh	-	1	JavaHTMLTableCellElement.cpp
wkj_dom_HTMLTableCellElement_getChOff	int32_t	int64_t peer, uint16_t* result_buf, int32_t result_cap, int32_t* result_length	JAVA_INT	JAVA_LONG,ADDRESS,JAVA_INT,ADDRESS	HTMLTableCellElement	getChOff	-	1	JavaHTMLTableCellElement.cpp
wkj_dom_HTMLTableCellElement_setChOff	void	int64_t peer, const uint16_t* value, int32_t value_length	void	JAVA_LONG,ADDRESS,JAVA_INT	HTMLTableCellElement	setChOff	-	1	JavaHTMLTableCellElement.cpp
wkj_dom_HTMLTableCellElement_getColSpan	int32_t	int64_t peer	JAVA_INT	JAVA_LONG	HTMLTableCellElement	getColSpan	-	1	JavaHTMLTableCellElement.cpp
wkj_dom_HTMLTableCellElement_setColSpan	void	int64_t peer, int32_t value	void	JAVA_LONG,JAVA_INT	HTMLTableCellElement	setColSpan	-	1	JavaHTMLTableCellElement.cpp
wkj_dom_HTMLTableCellElement_getRowSpan	int32_t	int64_t peer	JAVA_INT	JAVA_LONG	HTMLTableCellElement	getRowSpan	-	1	JavaHTMLTableCellElement.cpp
wkj_dom_HTMLTableCellElement_setRowSpan	void	int64_t peer, int32_t value	void	JAVA_LONG,JAVA_INT	HTMLTableCellElement	setRowSpan	-	1	JavaHTMLTableCellElement.cpp
wkj_dom_HTMLTableCellElement_getHeaders	int32_t	int64_t peer, uint16_t* result_buf, int32_t result_cap, int32_t* result_length	JAVA_INT	JAVA_LONG,ADDRESS,JAVA_INT,ADDRESS	HTMLTableCellElement	getHeaders	-	1	JavaHTMLTableCellElement.cpp
wkj_dom_HTMLTableCellElement_setHeaders	void	int64_t peer, const uint16_t* value, int32_t value_length	void	JAVA_LONG,ADDRESS,JAVA_INT	HTMLTableCellElement	setHeaders	-	1	JavaHTMLTableCellElement.cpp
wkj_dom_HTMLTableCellElement_getHeight	int32_t	int64_t peer, uint16_t* result_buf, int32_t result_cap, int32_t* result_length	JAVA_INT	JAVA_LONG,ADDRESS,JAVA_INT,ADDRESS	HTMLTableCellElement	getHeight	-	1	JavaHTMLTableCellElement.cpp
wkj_dom_HTMLTableCellElement_setHeight	void	int64_t peer, const uint16_t* value, int32_t value_length	void	JAVA_LONG,ADDRESS,JAVA_INT	HTMLTableCellElement	setHeight	-	1	JavaHTMLTableCellElement.cpp
wkj_dom_HTMLTableCellElement_getNoWrap	int32_t	int64_t peer	JAVA_INT	JAVA_LONG	HTMLTableCellElement	getNoWrap	-	1	JavaHTMLTableCellElement.cpp
wkj_dom_HTMLTableCellElement_setNoWrap	void	int64_t peer, int32_t value	void	JAVA_LONG,JAVA_INT	HTMLTableCellElement	setNoWrap	-	1	JavaHTMLTableCellElement.cpp
wkj_dom_HTMLTableCellElement_getVAlign	int32_t	int64_t peer, uint16_t* result_buf, int32_t result_cap, int32_t* result_length	JAVA_INT	JAVA_LONG,ADDRESS,JAVA_INT,ADDRESS	HTMLTableCellElement	getVAlign	-	1	JavaHTMLTableCellElement.cpp
wkj_dom_HTMLTableCellElement_setVAlign	void	int64_t peer, const uint16_t* value, int32_t value_length	void	JAVA_LONG,ADDRESS,JAVA_INT	HTMLTableCellElement	setVAlign	-	1	JavaHTMLTableCellElement.cpp
wkj_dom_HTMLTableCellElement_getWidth	int32_t	int64_t peer, uint16_t* result_buf, int32_t result_cap, int32_t* result_length	JAVA_INT	JAVA_LONG,ADDRESS,JAVA_INT,ADDRESS	HTMLTableCellElement	getWidth	-	1	JavaHTMLTableCellElement.cpp
wkj_dom_HTMLTableCellElement_setWidth	void	int64_t peer, const uint16_t* value, int32_t value_length	void	JAVA_LONG,ADDRESS,JAVA_INT	HTMLTableCellElement	setWidth	-	1	JavaHTMLTableCellElement.cpp
wkj_dom_HTMLTableCellElement_getAbbr	int32_t	int64_t peer, uint16_t* result_buf, int32_t result_cap, int32_t* result_length	JAVA_INT	JAVA_LONG,ADDRESS,JAVA_INT,ADDRESS	HTMLTableCellElement	getAbbr	-	1	JavaHTMLTableCellElement.cpp
wkj_dom_HTMLTableCellElement_setAbbr	void	int64_t peer, const uint16_t* value, int32_t value_length	void	JAVA_LONG,ADDRESS,JAVA_INT	HTMLTableCellElement	setAbbr	-	1	JavaHTMLTableCellElement.cpp
wkj_dom_HTMLTableCellElement_getScope	int32_t	int64_t peer, uint16_t* result_buf, int32_t result_cap, int32_t* result_length	JAVA_INT	JAVA_LONG,ADDRESS,JAVA_INT,ADDRESS	HTMLTableCellElement	getScope	-	1	JavaHTMLTableCellElement.cpp
wkj_dom_HTMLTableCellElement_setScope	void	int64_t peer, const uint16_t* value, int32_t value_length	void	JAVA_LONG,ADDRESS,JAVA_INT	HTMLTableCellElement	setScope	-	1	JavaHTMLTableCellElement.cpp
wkj_dom_HTMLTableColElement_getAlign	int32_t	int64_t peer, uint16_t* result_buf, int32_t result_cap, int32_t* result_length	JAVA_INT	JAVA_LONG,ADDRESS,JAVA_INT,ADDRESS	HTMLTableColElement	getAlign	-	1	JavaHTMLTableColElement.cpp
wkj_dom_HTMLTableColElement_setAlign	void	int64_t peer, const uint16_t* value, int32_t value_length	void	JAVA_LONG,ADDRESS,JAVA_INT	HTMLTableColElement	setAlign	-	1	JavaHTMLTableColElement.cpp
wkj_dom_HTMLTableColElement_getCh	int32_t	int64_t peer, uint16_t* result_buf, int32_t result_cap, int32_t* result_length	JAVA_INT	JAVA_LONG,ADDRESS,JAVA_INT,ADDRESS	HTMLTableColElement	getCh	-	1	JavaHTMLTableColElement.cpp
wkj_dom_HTMLTableColElement_setCh	void	int64_t peer, const uint16_t* value, int32_t value_length	void	JAVA_LONG,ADDRESS,JAVA_INT	HTMLTableColElement	setCh	-	1	JavaHTMLTableColElement.cpp
wkj_dom_HTMLTableColElement_getChOff	int32_t	int64_t peer, uint16_t* result_buf, int32_t result_cap, int32_t* result_length	JAVA_INT	JAVA_LONG,ADDRESS,JAVA_INT,ADDRESS	HTMLTableColElement	getChOff	-	1	JavaHTMLTableColElement.cpp
wkj_dom_HTMLTableColElement_setChOff	void	int64_t peer, const uint16_t* value, int32_t value_length	void	JAVA_LONG,ADDRESS,JAVA_INT	HTMLTableColElement	setChOff	-	1	JavaHTMLTableColElement.cpp
wkj_dom_HTMLTableColElement_getSpan	int32_t	int64_t peer	JAVA_INT	JAVA_LONG	HTMLTableColElement	getSpan	-	1	JavaHTMLTableColElement.cpp
wkj_dom_HTMLTableColElement_setSpan	void	int64_t peer, int32_t value	void	JAVA_LONG,JAVA_INT	HTMLTableColElement	setSpan	-	1	JavaHTMLTableColElement.cpp
wkj_dom_HTMLTableColElement_getVAlign	int32_t	int64_t peer, uint16_t* result_buf, int32_t result_cap, int32_t* result_length	JAVA_INT	JAVA_LONG,ADDRESS,JAVA_INT,ADDRESS	HTMLTableColElement	getVAlign	-	1	JavaHTMLTableColElement.cpp
wkj_dom_HTMLTableColElement_setVAlign	void	int64_t peer, const uint16_t* value, int32_t value_length	void	JAVA_LONG,ADDRESS,JAVA_INT	HTMLTableColElement	setVAlign	-	1	JavaHTMLTableColElement.cpp
wkj_dom_HTMLTableColElement_getWidth	int32_t	int64_t peer, uint16_t* result_buf, int32_t result_cap, int32_t* result_length	JAVA_INT	JAVA_LONG,ADDRESS,JAVA_INT,ADDRESS	HTMLTableColElement	getWidth	-	1	JavaHTMLTableColElement.cpp
wkj_dom_HTMLTableColElement_setWidth	void	int64_t peer, const uint16_t* value, int32_t value_length	void	JAVA_LONG,ADDRESS,JAVA_INT	HTMLTableColElement	setWidth	-	1	JavaHTMLTableColElement.cpp
wkj_dom_HTMLTableElement_getCaption	int64_t	int64_t peer	JAVA_LONG	JAVA_LONG	HTMLTableElement	getCaption	-	1	JavaHTMLTableElement.cpp
wkj_dom_HTMLTableElement_setCaption	void	int64_t peer, int64_t value	void	JAVA_LONG,JAVA_LONG	HTMLTableElement	setCaption	-	1	JavaHTMLTableElement.cpp
wkj_dom_HTMLTableElement_getTHead	int64_t	int64_t peer	JAVA_LONG	JAVA_LONG	HTMLTableElement	getTHead	-	1	JavaHTMLTableElement.cpp
wkj_dom_HTMLTableElement_setTHead	void	int64_t peer, int64_t value	void	JAVA_LONG,JAVA_LONG	HTMLTableElement	setTHead	-	1	JavaHTMLTableElement.cpp
wkj_dom_HTMLTableElement_getTFoot	int64_t	int64_t peer	JAVA_LONG	JAVA_LONG	HTMLTableElement	getTFoot	-	1	JavaHTMLTableElement.cpp
wkj_dom_HTMLTableElement_setTFoot	void	int64_t peer, int64_t value	void	JAVA_LONG,JAVA_LONG	HTMLTableElement	setTFoot	-	1	JavaHTMLTableElement.cpp
wkj_dom_HTMLTableElement_getRows	int64_t	int64_t peer	JAVA_LONG	JAVA_LONG	HTMLTableElement	getRows	-	1	JavaHTMLTableElement.cpp
wkj_dom_HTMLTableElement_getTBodies	int64_t	int64_t peer	JAVA_LONG	JAVA_LONG	HTMLTableElement	getTBodies	-	1	JavaHTMLTableElement.cpp
wkj_dom_HTMLTableElement_getAlign	int32_t	int64_t peer, uint16_t* result_buf, int32_t result_cap, int32_t* result_length	JAVA_INT	JAVA_LONG,ADDRESS,JAVA_INT,ADDRESS	HTMLTableElement	getAlign	-	1	JavaHTMLTableElement.cpp
wkj_dom_HTMLTableElement_setAlign	void	int64_t peer, const uint16_t* value, int32_t value_length	void	JAVA_LONG,ADDRESS,JAVA_INT	HTMLTableElement	setAlign	-	1	JavaHTMLTableElement.cpp
wkj_dom_HTMLTableElement_getBgColor	int32_t	int64_t peer, uint16_t* result_buf, int32_t result_cap, int32_t* result_length	JAVA_INT	JAVA_LONG,ADDRESS,JAVA_INT,ADDRESS	HTMLTableElement	getBgColor	-	1	JavaHTMLTableElement.cpp
wkj_dom_HTMLTableElement_setBgColor	void	int64_t peer, const uint16_t* value, int32_t value_length	void	JAVA_LONG,ADDRESS,JAVA_INT	HTMLTableElement	setBgColor	-	1	JavaHTMLTableElement.cpp
wkj_dom_HTMLTableElement_getBorder	int32_t	int64_t peer, uint16_t* result_buf, int32_t result_cap, int32_t* result_length	JAVA_INT	JAVA_LONG,ADDRESS,JAVA_INT,ADDRESS	HTMLTableElement	getBorder	-	1	JavaHTMLTableElement.cpp
wkj_dom_HTMLTableElement_setBorder	void	int64_t peer, const uint16_t* value, int32_t value_length	void	JAVA_LONG,ADDRESS,JAVA_INT	HTMLTableElement	setBorder	-	1	JavaHTMLTableElement.cpp
wkj_dom_HTMLTableElement_getCellPadding	int32_t	int64_t peer, uint16_t* result_buf, int32_t result_cap, int32_t* result_length	JAVA_INT	JAVA_LONG,ADDRESS,JAVA_INT,ADDRESS	HTMLTableElement	getCellPadding	-	1	JavaHTMLTableElement.cpp
wkj_dom_HTMLTableElement_setCellPadding	void	int64_t peer, const uint16_t* value, int32_t value_length	void	JAVA_LONG,ADDRESS,JAVA_INT	HTMLTableElement	setCellPadding	-	1	JavaHTMLTableElement.cpp
wkj_dom_HTMLTableElement_getCellSpacing	int32_t	int64_t peer, uint16_t* result_buf, int32_t result_cap, int32_t* result_length	JAVA_INT	JAVA_LONG,ADDRESS,JAVA_INT,ADDRESS	HTMLTableElement	getCellSpacing	-	1	JavaHTMLTableElement.cpp
wkj_dom_HTMLTableElement_setCellSpacing	void	int64_t peer, const uint16_t* value, int32_t value_length	void	JAVA_LONG,ADDRESS,JAVA_INT	HTMLTableElement	setCellSpacing	-	1	JavaHTMLTableElement.cpp
wkj_dom_HTMLTableElement_getFrame	int32_t	int64_t peer, uint16_t* result_buf, int32_t result_cap, int32_t* result_length	JAVA_INT	JAVA_LONG,ADDRESS,JAVA_INT,ADDRESS	HTMLTableElement	getFrame	-	1	JavaHTMLTableElement.cpp
wkj_dom_HTMLTableElement_setFrame	void	int64_t peer, const uint16_t* value, int32_t value_length	void	JAVA_LONG,ADDRESS,JAVA_INT	HTMLTableElement	setFrame	-	1	JavaHTMLTableElement.cpp
wkj_dom_HTMLTableElement_getRules	int32_t	int64_t peer, uint16_t* result_buf, int32_t result_cap, int32_t* result_length	JAVA_INT	JAVA_LONG,ADDRESS,JAVA_INT,ADDRESS	HTMLTableElement	getRules	-	1	JavaHTMLTableElement.cpp
wkj_dom_HTMLTableElement_setRules	void	int64_t peer, const uint16_t* value, int32_t value_length	void	JAVA_LONG,ADDRESS,JAVA_INT	HTMLTableElement	setRules	-	1	JavaHTMLTableElement.cpp
wkj_dom_HTMLTableElement_getSummary	int32_t	int64_t peer, uint16_t* result_buf, int32_t result_cap, int32_t* result_length	JAVA_INT	JAVA_LONG,ADDRESS,JAVA_INT,ADDRESS	HTMLTableElement	getSummary	-	1	JavaHTMLTableElement.cpp
wkj_dom_HTMLTableElement_setSummary	void	int64_t peer, const uint16_t* value, int32_t value_length	void	JAVA_LONG,ADDRESS,JAVA_INT	HTMLTableElement	setSummary	-	1	JavaHTMLTableElement.cpp
wkj_dom_HTMLTableElement_getWidth	int32_t	int64_t peer, uint16_t* result_buf, int32_t result_cap, int32_t* result_length	JAVA_INT	JAVA_LONG,ADDRESS,JAVA_INT,ADDRESS	HTMLTableElement	getWidth	-	1	JavaHTMLTableElement.cpp
wkj_dom_HTMLTableElement_setWidth	void	int64_t peer, const uint16_t* value, int32_t value_length	void	JAVA_LONG,ADDRESS,JAVA_INT	HTMLTableElement	setWidth	-	1	JavaHTMLTableElement.cpp
wkj_dom_HTMLTableElement_createTHead	int64_t	int64_t peer	JAVA_LONG	JAVA_LONG	HTMLTableElement	createTHead	-	1	JavaHTMLTableElement.cpp
wkj_dom_HTMLTableElement_deleteTHead	void	int64_t peer	void	JAVA_LONG	HTMLTableElement	deleteTHead	-	1	JavaHTMLTableElement.cpp
wkj_dom_HTMLTableElement_createTFoot	int64_t	int64_t peer	JAVA_LONG	JAVA_LONG	HTMLTableElement	createTFoot	-	1	JavaHTMLTableElement.cpp
wkj_dom_HTMLTableElement_deleteTFoot	void	int64_t peer	void	JAVA_LONG	HTMLTableElement	deleteTFoot	-	1	JavaHTMLTableElement.cpp
wkj_dom_HTMLTableElement_createTBody	int64_t	int64_t peer	JAVA_LONG	JAVA_LONG	HTMLTableElement	createTBody	-	1	JavaHTMLTableElement.cpp
wkj_dom_HTMLTableElement_createCaption	int64_t	int64_t peer	JAVA_LONG	JAVA_LONG	HTMLTableElement	createCaption	-	1	JavaHTMLTableElement.cpp
wkj_dom_HTMLTableElement_deleteCaption	void	int64_t peer	void	JAVA_LONG	HTMLTableElement	deleteCaption	-	1	JavaHTMLTableElement.cpp
wkj_dom_HTMLTableElement_insertRow	int64_t	int64_t peer, int32_t index	JAVA_LONG	JAVA_LONG,JAVA_INT	HTMLTableElement	insertRow	THROWS	1	JavaHTMLTableElement.cpp
wkj_dom_HTMLTableElement_deleteRow	void	int64_t peer, int32_t index	void	JAVA_LONG,JAVA_INT	HTMLTableElement	deleteRow	THROWS	1	JavaHTMLTableElement.cpp
wkj_dom_HTMLTableRowElement_getRowIndex	int32_t	int64_t peer	JAVA_INT	JAVA_LONG	HTMLTableRowElement	getRowIndex	-	1	JavaHTMLTableRowElement.cpp
wkj_dom_HTMLTableRowElement_getSectionRowIndex	int32_t	int64_t peer	JAVA_INT	JAVA_LONG	HTMLTableRowElement	getSectionRowIndex	-	1	JavaHTMLTableRowElement.cpp
wkj_dom_HTMLTableRowElement_getCells	int64_t	int64_t peer	JAVA_LONG	JAVA_LONG	HTMLTableRowElement	getCells	-	1	JavaHTMLTableRowElement.cpp
wkj_dom_HTMLTableRowElement_getAlign	int32_t	int64_t peer, uint16_t* result_buf, int32_t result_cap, int32_t* result_length	JAVA_INT	JAVA_LONG,ADDRESS,JAVA_INT,ADDRESS	HTMLTableRowElement	getAlign	-	1	JavaHTMLTableRowElement.cpp
wkj_dom_HTMLTableRowElement_setAlign	void	int64_t peer, const uint16_t* value, int32_t value_length	void	JAVA_LONG,ADDRESS,JAVA_INT	HTMLTableRowElement	setAlign	-	1	JavaHTMLTableRowElement.cpp
wkj_dom_HTMLTableRowElement_getBgColor	int32_t	int64_t peer, uint16_t* result_buf, int32_t result_cap, int32_t* result_length	JAVA_INT	JAVA_LONG,ADDRESS,JAVA_INT,ADDRESS	HTMLTableRowElement	getBgColor	-	1	JavaHTMLTableRowElement.cpp
wkj_dom_HTMLTableRowElement_setBgColor	void	int64_t peer, const uint16_t* value, int32_t value_length	void	JAVA_LONG,ADDRESS,JAVA_INT	HTMLTableRowElement	setBgColor	-	1	JavaHTMLTableRowElement.cpp
wkj_dom_HTMLTableRowElement_getCh	int32_t	int64_t peer, uint16_t* result_buf, int32_t result_cap, int32_t* result_length	JAVA_INT	JAVA_LONG,ADDRESS,JAVA_INT,ADDRESS	HTMLTableRowElement	getCh	-	1	JavaHTMLTableRowElement.cpp
wkj_dom_HTMLTableRowElement_setCh	void	int64_t peer, const uint16_t* value, int32_t value_length	void	JAVA_LONG,ADDRESS,JAVA_INT	HTMLTableRowElement	setCh	-	1	JavaHTMLTableRowElement.cpp
wkj_dom_HTMLTableRowElement_getChOff	int32_t	int64_t peer, uint16_t* result_buf, int32_t result_cap, int32_t* result_length	JAVA_INT	JAVA_LONG,ADDRESS,JAVA_INT,ADDRESS	HTMLTableRowElement	getChOff	-	1	JavaHTMLTableRowElement.cpp
wkj_dom_HTMLTableRowElement_setChOff	void	int64_t peer, const uint16_t* value, int32_t value_length	void	JAVA_LONG,ADDRESS,JAVA_INT	HTMLTableRowElement	setChOff	-	1	JavaHTMLTableRowElement.cpp
wkj_dom_HTMLTableRowElement_getVAlign	int32_t	int64_t peer, uint16_t* result_buf, int32_t result_cap, int32_t* result_length	JAVA_INT	JAVA_LONG,ADDRESS,JAVA_INT,ADDRESS	HTMLTableRowElement	getVAlign	-	1	JavaHTMLTableRowElement.cpp
wkj_dom_HTMLTableRowElement_setVAlign	void	int64_t peer, const uint16_t* value, int32_t value_length	void	JAVA_LONG,ADDRESS,JAVA_INT	HTMLTableRowElement	setVAlign	-	1	JavaHTMLTableRowElement.cpp
wkj_dom_HTMLTableRowElement_insertCell	int64_t	int64_t peer, int32_t index	JAVA_LONG	JAVA_LONG,JAVA_INT	HTMLTableRowElement	insertCell	THROWS	1	JavaHTMLTableRowElement.cpp
wkj_dom_HTMLTableRowElement_deleteCell	void	int64_t peer, int32_t index	void	JAVA_LONG,JAVA_INT	HTMLTableRowElement	deleteCell	THROWS	1	JavaHTMLTableRowElement.cpp
wkj_dom_HTMLTableSectionElement_getAlign	int32_t	int64_t peer, uint16_t* result_buf, int32_t result_cap, int32_t* result_length	JAVA_INT	JAVA_LONG,ADDRESS,JAVA_INT,ADDRESS	HTMLTableSectionElement	getAlign	-	1	JavaHTMLTableSectionElement.cpp
wkj_dom_HTMLTableSectionElement_setAlign	void	int64_t peer, const uint16_t* value, int32_t value_length	void	JAVA_LONG,ADDRESS,JAVA_INT	HTMLTableSectionElement	setAlign	-	1	JavaHTMLTableSectionElement.cpp
wkj_dom_HTMLTableSectionElement_getCh	int32_t	int64_t peer, uint16_t* result_buf, int32_t result_cap, int32_t* result_length	JAVA_INT	JAVA_LONG,ADDRESS,JAVA_INT,ADDRESS	HTMLTableSectionElement	getCh	-	1	JavaHTMLTableSectionElement.cpp
wkj_dom_HTMLTableSectionElement_setCh	void	int64_t peer, const uint16_t* value, int32_t value_length	void	JAVA_LONG,ADDRESS,JAVA_INT	HTMLTableSectionElement	setCh	-	1	JavaHTMLTableSectionElement.cpp
wkj_dom_HTMLTableSectionElement_getChOff	int32_t	int64_t peer, uint16_t* result_buf, int32_t result_cap, int32_t* result_length	JAVA_INT	JAVA_LONG,ADDRESS,JAVA_INT,ADDRESS	HTMLTableSectionElement	getChOff	-	1	JavaHTMLTableSectionElement.cpp
wkj_dom_HTMLTableSectionElement_setChOff	void	int64_t peer, const uint16_t* value, int32_t value_length	void	JAVA_LONG,ADDRESS,JAVA_INT	HTMLTableSectionElement	setChOff	-	1	JavaHTMLTableSectionElement.cpp
wkj_dom_HTMLTableSectionElement_getVAlign	int32_t	int64_t peer, uint16_t* result_buf, int32_t result_cap, int32_t* result_length	JAVA_INT	JAVA_LONG,ADDRESS,JAVA_INT,ADDRESS	HTMLTableSectionElement	getVAlign	-	1	JavaHTMLTableSectionElement.cpp
wkj_dom_HTMLTableSectionElement_setVAlign	void	int64_t peer, const uint16_t* value, int32_t value_length	void	JAVA_LONG,ADDRESS,JAVA_INT	HTMLTableSectionElement	setVAlign	-	1	JavaHTMLTableSectionElement.cpp
wkj_dom_HTMLTableSectionElement_getRows	int64_t	int64_t peer	JAVA_LONG	JAVA_LONG	HTMLTableSectionElement	getRows	-	1	JavaHTMLTableSectionElement.cpp
wkj_dom_HTMLTableSectionElement_insertRow	int64_t	int64_t peer, int32_t index	JAVA_LONG	JAVA_LONG,JAVA_INT	HTMLTableSectionElement	insertRow	THROWS	1	JavaHTMLTableSectionElement.cpp
wkj_dom_HTMLTableSectionElement_deleteRow	void	int64_t peer, int32_t index	void	JAVA_LONG,JAVA_INT	HTMLTableSectionElement	deleteRow	THROWS	1	JavaHTMLTableSectionElement.cpp
wkj_dom_HTMLTextAreaElement_getAutofocus	int32_t	int64_t peer	JAVA_INT	JAVA_LONG	HTMLTextAreaElement	getAutofocus	-	1	JavaHTMLTextAreaElement.cpp
wkj_dom_HTMLTextAreaElement_setAutofocus	void	int64_t peer, int32_t value	void	JAVA_LONG,JAVA_INT	HTMLTextAreaElement	setAutofocus	-	1	JavaHTMLTextAreaElement.cpp
wkj_dom_HTMLTextAreaElement_getDirName	int32_t	int64_t peer, uint16_t* result_buf, int32_t result_cap, int32_t* result_length	JAVA_INT	JAVA_LONG,ADDRESS,JAVA_INT,ADDRESS	HTMLTextAreaElement	getDirName	-	1	JavaHTMLTextAreaElement.cpp
wkj_dom_HTMLTextAreaElement_setDirName	void	int64_t peer, const uint16_t* value, int32_t value_length	void	JAVA_LONG,ADDRESS,JAVA_INT	HTMLTextAreaElement	setDirName	-	1	JavaHTMLTextAreaElement.cpp
wkj_dom_HTMLTextAreaElement_getDisabled	int32_t	int64_t peer	JAVA_INT	JAVA_LONG	HTMLTextAreaElement	getDisabled	-	1	JavaHTMLTextAreaElement.cpp
wkj_dom_HTMLTextAreaElement_setDisabled	void	int64_t peer, int32_t value	void	JAVA_LONG,JAVA_INT	HTMLTextAreaElement	setDisabled	-	1	JavaHTMLTextAreaElement.cpp
wkj_dom_HTMLTextAreaElement_getForm	int64_t	int64_t peer	JAVA_LONG	JAVA_LONG	HTMLTextAreaElement	getForm	-	1	JavaHTMLTextAreaElement.cpp
wkj_dom_HTMLTextAreaElement_getMaxLength	int32_t	int64_t peer	JAVA_INT	JAVA_LONG	HTMLTextAreaElement	getMaxLength	-	1	JavaHTMLTextAreaElement.cpp
wkj_dom_HTMLTextAreaElement_setMaxLength	void	int64_t peer, int32_t value	void	JAVA_LONG,JAVA_INT	HTMLTextAreaElement	setMaxLength	-	1	JavaHTMLTextAreaElement.cpp
wkj_dom_HTMLTextAreaElement_getName	int32_t	int64_t peer, uint16_t* result_buf, int32_t result_cap, int32_t* result_length	JAVA_INT	JAVA_LONG,ADDRESS,JAVA_INT,ADDRESS	HTMLTextAreaElement	getName	-	1	JavaHTMLTextAreaElement.cpp
wkj_dom_HTMLTextAreaElement_setName	void	int64_t peer, const uint16_t* value, int32_t value_length	void	JAVA_LONG,ADDRESS,JAVA_INT	HTMLTextAreaElement	setName	-	1	JavaHTMLTextAreaElement.cpp
wkj_dom_HTMLTextAreaElement_getPlaceholder	int32_t	int64_t peer, uint16_t* result_buf, int32_t result_cap, int32_t* result_length	JAVA_INT	JAVA_LONG,ADDRESS,JAVA_INT,ADDRESS	HTMLTextAreaElement	getPlaceholder	-	1	JavaHTMLTextAreaElement.cpp
wkj_dom_HTMLTextAreaElement_setPlaceholder	void	int64_t peer, const uint16_t* value, int32_t value_length	void	JAVA_LONG,ADDRESS,JAVA_INT	HTMLTextAreaElement	setPlaceholder	-	1	JavaHTMLTextAreaElement.cpp
wkj_dom_HTMLTextAreaElement_getReadOnly	int32_t	int64_t peer	JAVA_INT	JAVA_LONG	HTMLTextAreaElement	getReadOnly	-	1	JavaHTMLTextAreaElement.cpp
wkj_dom_HTMLTextAreaElement_setReadOnly	void	int64_t peer, int32_t value	void	JAVA_LONG,JAVA_INT	HTMLTextAreaElement	setReadOnly	-	1	JavaHTMLTextAreaElement.cpp
wkj_dom_HTMLTextAreaElement_getRequired	int32_t	int64_t peer	JAVA_INT	JAVA_LONG	HTMLTextAreaElement	getRequired	-	1	JavaHTMLTextAreaElement.cpp
wkj_dom_HTMLTextAreaElement_setRequired	void	int64_t peer, int32_t value	void	JAVA_LONG,JAVA_INT	HTMLTextAreaElement	setRequired	-	1	JavaHTMLTextAreaElement.cpp
wkj_dom_HTMLTextAreaElement_getRows	int32_t	int64_t peer	JAVA_INT	JAVA_LONG	HTMLTextAreaElement	getRows	-	1	JavaHTMLTextAreaElement.cpp
wkj_dom_HTMLTextAreaElement_setRows	void	int64_t peer, int32_t value	void	JAVA_LONG,JAVA_INT	HTMLTextAreaElement	setRows	-	1	JavaHTMLTextAreaElement.cpp
wkj_dom_HTMLTextAreaElement_getCols	int32_t	int64_t peer	JAVA_INT	JAVA_LONG	HTMLTextAreaElement	getCols	-	1	JavaHTMLTextAreaElement.cpp
wkj_dom_HTMLTextAreaElement_setCols	void	int64_t peer, int32_t value	void	JAVA_LONG,JAVA_INT	HTMLTextAreaElement	setCols	-	1	JavaHTMLTextAreaElement.cpp
wkj_dom_HTMLTextAreaElement_getWrap	int32_t	int64_t peer, uint16_t* result_buf, int32_t result_cap, int32_t* result_length	JAVA_INT	JAVA_LONG,ADDRESS,JAVA_INT,ADDRESS	HTMLTextAreaElement	getWrap	-	1	JavaHTMLTextAreaElement.cpp
wkj_dom_HTMLTextAreaElement_setWrap	void	int64_t peer, const uint16_t* value, int32_t value_length	void	JAVA_LONG,ADDRESS,JAVA_INT	HTMLTextAreaElement	setWrap	-	1	JavaHTMLTextAreaElement.cpp
wkj_dom_HTMLTextAreaElement_getType	int32_t	int64_t peer, uint16_t* result_buf, int32_t result_cap, int32_t* result_length	JAVA_INT	JAVA_LONG,ADDRESS,JAVA_INT,ADDRESS	HTMLTextAreaElement	getType	-	1	JavaHTMLTextAreaElement.cpp
wkj_dom_HTMLTextAreaElement_getDefaultValue	int32_t	int64_t peer, uint16_t* result_buf, int32_t result_cap, int32_t* result_length	JAVA_INT	JAVA_LONG,ADDRESS,JAVA_INT,ADDRESS	HTMLTextAreaElement	getDefaultValue	-	1	JavaHTMLTextAreaElement.cpp
wkj_dom_HTMLTextAreaElement_setDefaultValue	void	int64_t peer, const uint16_t* value, int32_t value_length	void	JAVA_LONG,ADDRESS,JAVA_INT	HTMLTextAreaElement	setDefaultValue	-	1	JavaHTMLTextAreaElement.cpp
wkj_dom_HTMLTextAreaElement_getValue	int32_t	int64_t peer, uint16_t* result_buf, int32_t result_cap, int32_t* result_length	JAVA_INT	JAVA_LONG,ADDRESS,JAVA_INT,ADDRESS	HTMLTextAreaElement	getValue	-	1	JavaHTMLTextAreaElement.cpp
wkj_dom_HTMLTextAreaElement_setValue	void	int64_t peer, const uint16_t* value, int32_t value_length	void	JAVA_LONG,ADDRESS,JAVA_INT	HTMLTextAreaElement	setValue	-	1	JavaHTMLTextAreaElement.cpp
wkj_dom_HTMLTextAreaElement_getTextLength	int32_t	int64_t peer	JAVA_INT	JAVA_LONG	HTMLTextAreaElement	getTextLength	-	1	JavaHTMLTextAreaElement.cpp
wkj_dom_HTMLTextAreaElement_getWillValidate	int32_t	int64_t peer	JAVA_INT	JAVA_LONG	HTMLTextAreaElement	getWillValidate	-	1	JavaHTMLTextAreaElement.cpp
wkj_dom_HTMLTextAreaElement_getValidationMessage	int32_t	int64_t peer, uint16_t* result_buf, int32_t result_cap, int32_t* result_length	JAVA_INT	JAVA_LONG,ADDRESS,JAVA_INT,ADDRESS	HTMLTextAreaElement	getValidationMessage	-	1	JavaHTMLTextAreaElement.cpp
wkj_dom_HTMLTextAreaElement_getLabels	int64_t	int64_t peer	JAVA_LONG	JAVA_LONG	HTMLTextAreaElement	getLabels	-	1	JavaHTMLTextAreaElement.cpp
wkj_dom_HTMLTextAreaElement_getSelectionStart	int32_t	int64_t peer	JAVA_INT	JAVA_LONG	HTMLTextAreaElement	getSelectionStart	-	1	JavaHTMLTextAreaElement.cpp
wkj_dom_HTMLTextAreaElement_setSelectionStart	void	int64_t peer, int32_t value	void	JAVA_LONG,JAVA_INT	HTMLTextAreaElement	setSelectionStart	-	1	JavaHTMLTextAreaElement.cpp
wkj_dom_HTMLTextAreaElement_getSelectionEnd	int32_t	int64_t peer	JAVA_INT	JAVA_LONG	HTMLTextAreaElement	getSelectionEnd	-	1	JavaHTMLTextAreaElement.cpp
wkj_dom_HTMLTextAreaElement_setSelectionEnd	void	int64_t peer, int32_t value	void	JAVA_LONG,JAVA_INT	HTMLTextAreaElement	setSelectionEnd	-	1	JavaHTMLTextAreaElement.cpp
wkj_dom_HTMLTextAreaElement_getSelectionDirection	int32_t	int64_t peer, uint16_t* result_buf, int32_t result_cap, int32_t* result_length	JAVA_INT	JAVA_LONG,ADDRESS,JAVA_INT,ADDRESS	HTMLTextAreaElement	getSelectionDirection	-	1	JavaHTMLTextAreaElement.cpp
wkj_dom_HTMLTextAreaElement_setSelectionDirection	void	int64_t peer, const uint16_t* value, int32_t value_length	void	JAVA_LONG,ADDRESS,JAVA_INT	HTMLTextAreaElement	setSelectionDirection	-	1	JavaHTMLTextAreaElement.cpp
wkj_dom_HTMLTextAreaElement_getAccessKey	int32_t	int64_t peer, uint16_t* result_buf, int32_t result_cap, int32_t* result_length	JAVA_INT	JAVA_LONG,ADDRESS,JAVA_INT,ADDRESS	HTMLTextAreaElement	getAccessKey	-	1	JavaHTMLTextAreaElement.cpp
wkj_dom_HTMLTextAreaElement_setAccessKey	void	int64_t peer, const uint16_t* value, int32_t value_length	void	JAVA_LONG,ADDRESS,JAVA_INT	HTMLTextAreaElement	setAccessKey	-	1	JavaHTMLTextAreaElement.cpp
wkj_dom_HTMLTextAreaElement_getAutocomplete	int32_t	int64_t peer, uint16_t* result_buf, int32_t result_cap, int32_t* result_length	JAVA_INT	JAVA_LONG,ADDRESS,JAVA_INT,ADDRESS	HTMLTextAreaElement	getAutocomplete	-	1	JavaHTMLTextAreaElement.cpp
wkj_dom_HTMLTextAreaElement_checkValidity	int32_t	int64_t peer	JAVA_INT	JAVA_LONG	HTMLTextAreaElement	checkValidity	-	1	JavaHTMLTextAreaElement.cpp
wkj_dom_HTMLTextAreaElement_setCustomValidity	void	int64_t peer, const uint16_t* error, int32_t error_length	void	JAVA_LONG,ADDRESS,JAVA_INT	HTMLTextAreaElement	setCustomValidity	-	1	JavaHTMLTextAreaElement.cpp
wkj_dom_HTMLTextAreaElement_select	void	int64_t peer	void	JAVA_LONG	HTMLTextAreaElement	select	-	1	JavaHTMLTextAreaElement.cpp
wkj_dom_HTMLTextAreaElement_setRangeText	void	int64_t peer, const uint16_t* replacement, int32_t replacement_length	void	JAVA_LONG,ADDRESS,JAVA_INT	HTMLTextAreaElement	setRangeText	THROWS	1	JavaHTMLTextAreaElement.cpp
wkj_dom_HTMLTextAreaElement_setRangeTextEx	void	int64_t peer, const uint16_t* replacement, int32_t replacement_length, int32_t start, int32_t end, const uint16_t* selectionMode, int32_t selectionMode_length	void	JAVA_LONG,ADDRESS,JAVA_INT,JAVA_INT,JAVA_INT,ADDRESS,JAVA_INT	HTMLTextAreaElement	setRangeTextEx	THROWS	1	JavaHTMLTextAreaElement.cpp
wkj_dom_HTMLTextAreaElement_setSelectionRange	void	int64_t peer, int32_t start, int32_t end, const uint16_t* direction, int32_t direction_length	void	JAVA_LONG,JAVA_INT,JAVA_INT,ADDRESS,JAVA_INT	HTMLTextAreaElement	setSelectionRange	-	1	JavaHTMLTextAreaElement.cpp
wkj_dom_HTMLTitleElement_getText	int32_t	int64_t peer, uint16_t* result_buf, int32_t result_cap, int32_t* result_length	JAVA_INT	JAVA_LONG,ADDRESS,JAVA_INT,ADDRESS	HTMLTitleElement	getText	-	1	JavaHTMLTitleElement.cpp
wkj_dom_HTMLTitleElement_setText	void	int64_t peer, const uint16_t* value, int32_t value_length	void	JAVA_LONG,ADDRESS,JAVA_INT	HTMLTitleElement	setText	-	1	JavaHTMLTitleElement.cpp
wkj_dom_HTMLUListElement_getCompact	int32_t	int64_t peer	JAVA_INT	JAVA_LONG	HTMLUListElement	getCompact	-	1	JavaHTMLUListElement.cpp
wkj_dom_HTMLUListElement_setCompact	void	int64_t peer, int32_t value	void	JAVA_LONG,JAVA_INT	HTMLUListElement	setCompact	-	1	JavaHTMLUListElement.cpp
wkj_dom_HTMLUListElement_getType	int32_t	int64_t peer, uint16_t* result_buf, int32_t result_cap, int32_t* result_length	JAVA_INT	JAVA_LONG,ADDRESS,JAVA_INT,ADDRESS	HTMLUListElement	getType	-	1	JavaHTMLUListElement.cpp
wkj_dom_HTMLUListElement_setType	void	int64_t peer, const uint16_t* value, int32_t value_length	void	JAVA_LONG,ADDRESS,JAVA_INT	HTMLUListElement	setType	-	1	JavaHTMLUListElement.cpp
wkj_dom_KeyboardEvent_getKeyIdentifier	int32_t	int64_t peer, uint16_t* result_buf, int32_t result_cap, int32_t* result_length	JAVA_INT	JAVA_LONG,ADDRESS,JAVA_INT,ADDRESS	KeyboardEvent	getKeyIdentifier	-	1	JavaKeyboardEvent.cpp
wkj_dom_KeyboardEvent_getLocation	int32_t	int64_t peer	JAVA_INT	JAVA_LONG	KeyboardEvent	getLocation	-	1	JavaKeyboardEvent.cpp
wkj_dom_KeyboardEvent_getKeyLocation	int32_t	int64_t peer	JAVA_INT	JAVA_LONG	KeyboardEvent	getKeyLocation	-	1	JavaKeyboardEvent.cpp
wkj_dom_KeyboardEvent_getCtrlKey	int32_t	int64_t peer	JAVA_INT	JAVA_LONG	KeyboardEvent	getCtrlKey	-	1	JavaKeyboardEvent.cpp
wkj_dom_KeyboardEvent_getShiftKey	int32_t	int64_t peer	JAVA_INT	JAVA_LONG	KeyboardEvent	getShiftKey	-	1	JavaKeyboardEvent.cpp
wkj_dom_KeyboardEvent_getAltKey	int32_t	int64_t peer	JAVA_INT	JAVA_LONG	KeyboardEvent	getAltKey	-	1	JavaKeyboardEvent.cpp
wkj_dom_KeyboardEvent_getMetaKey	int32_t	int64_t peer	JAVA_INT	JAVA_LONG	KeyboardEvent	getMetaKey	-	1	JavaKeyboardEvent.cpp
wkj_dom_KeyboardEvent_getKeyCode	int32_t	int64_t peer	JAVA_INT	JAVA_LONG	KeyboardEvent	getKeyCode	-	1	JavaKeyboardEvent.cpp
wkj_dom_KeyboardEvent_getCharCode	int32_t	int64_t peer	JAVA_INT	JAVA_LONG	KeyboardEvent	getCharCode	-	1	JavaKeyboardEvent.cpp
wkj_dom_KeyboardEvent_getModifierState	int32_t	int64_t peer, const uint16_t* keyIdentifierArg, int32_t keyIdentifierArg_length	JAVA_INT	JAVA_LONG,ADDRESS,JAVA_INT	KeyboardEvent	getModifierState	-	1	JavaKeyboardEvent.cpp
wkj_dom_KeyboardEvent_initKeyboardEvent	void	int64_t peer, const uint16_t* type, int32_t type_length, int32_t canBubble, int32_t cancelable, int64_t view, const uint16_t* keyIdentifier, int32_t keyIdentifier_length, int32_t location, int32_t ctrlKey, int32_t altKey, int32_t shiftKey, int32_t metaKey	void	JAVA_LONG,ADDRESS,JAVA_INT,JAVA_INT,JAVA_INT,JAVA_LONG,ADDRESS,JAVA_INT,JAVA_INT,JAVA_INT,JAVA_INT,JAVA_INT,JAVA_INT	KeyboardEvent	initKeyboardEvent	-	1	JavaKeyboardEvent.cpp
wkj_dom_KeyboardEvent_initKeyboardEventEx	void	int64_t peer, const uint16_t* type, int32_t type_length, int32_t canBubble, int32_t cancelable, int64_t view, const uint16_t* keyIdentifier, int32_t keyIdentifier_length, int32_t location, int32_t ctrlKey, int32_t altKey, int32_t shiftKey, int32_t metaKey	void	JAVA_LONG,ADDRESS,JAVA_INT,JAVA_INT,JAVA_INT,JAVA_LONG,ADDRESS,JAVA_INT,JAVA_INT,JAVA_INT,JAVA_INT,JAVA_INT,JAVA_INT	KeyboardEvent	initKeyboardEventEx	-	1	JavaKeyboardEvent.cpp
wkj_dom_MediaList_dispose	void	int64_t peer	void	JAVA_LONG	MediaList	dispose	-	1	JavaMediaList.cpp
wkj_dom_MediaList_getMediaText	int32_t	int64_t peer, uint16_t* result_buf, int32_t result_cap, int32_t* result_length	JAVA_INT	JAVA_LONG,ADDRESS,JAVA_INT,ADDRESS	MediaList	getMediaText	-	1	JavaMediaList.cpp
wkj_dom_MediaList_setMediaText	void	int64_t peer, const uint16_t* value, int32_t value_length	void	JAVA_LONG,ADDRESS,JAVA_INT	MediaList	setMediaText	-	1	JavaMediaList.cpp
wkj_dom_MediaList_getLength	int32_t	int64_t peer	JAVA_INT	JAVA_LONG	MediaList	getLength	-	1	JavaMediaList.cpp
wkj_dom_MediaList_item	int32_t	int64_t peer, int32_t index, uint16_t* result_buf, int32_t result_cap, int32_t* result_length	JAVA_INT	JAVA_LONG,JAVA_INT,ADDRESS,JAVA_INT,ADDRESS	MediaList	item	-	1	JavaMediaList.cpp
wkj_dom_MediaList_deleteMedium	void	int64_t peer, const uint16_t* oldMedium, int32_t oldMedium_length	void	JAVA_LONG,ADDRESS,JAVA_INT	MediaList	deleteMedium	THROWS	1	JavaMediaList.cpp
wkj_dom_MediaList_appendMedium	void	int64_t peer, const uint16_t* newMedium, int32_t newMedium_length	void	JAVA_LONG,ADDRESS,JAVA_INT	MediaList	appendMedium	-	1	JavaMediaList.cpp
wkj_dom_MouseEvent_getScreenX	int32_t	int64_t peer	JAVA_INT	JAVA_LONG	MouseEvent	getScreenX	-	1	JavaMouseEvent.cpp
wkj_dom_MouseEvent_getScreenY	int32_t	int64_t peer	JAVA_INT	JAVA_LONG	MouseEvent	getScreenY	-	1	JavaMouseEvent.cpp
wkj_dom_MouseEvent_getClientX	int32_t	int64_t peer	JAVA_INT	JAVA_LONG	MouseEvent	getClientX	-	1	JavaMouseEvent.cpp
wkj_dom_MouseEvent_getClientY	int32_t	int64_t peer	JAVA_INT	JAVA_LONG	MouseEvent	getClientY	-	1	JavaMouseEvent.cpp
wkj_dom_MouseEvent_getCtrlKey	int32_t	int64_t peer	JAVA_INT	JAVA_LONG	MouseEvent	getCtrlKey	-	1	JavaMouseEvent.cpp
wkj_dom_MouseEvent_getShiftKey	int32_t	int64_t peer	JAVA_INT	JAVA_LONG	MouseEvent	getShiftKey	-	1	JavaMouseEvent.cpp
wkj_dom_MouseEvent_getAltKey	int32_t	int64_t peer	JAVA_INT	JAVA_LONG	MouseEvent	getAltKey	-	1	JavaMouseEvent.cpp
wkj_dom_MouseEvent_getMetaKey	int32_t	int64_t peer	JAVA_INT	JAVA_LONG	MouseEvent	getMetaKey	-	1	JavaMouseEvent.cpp
wkj_dom_MouseEvent_getButton	int32_t	int64_t peer	JAVA_INT	JAVA_LONG	MouseEvent	getButton	-	1	JavaMouseEvent.cpp
wkj_dom_MouseEvent_getRelatedTarget	int64_t	int64_t peer	JAVA_LONG	JAVA_LONG	MouseEvent	getRelatedTarget	-	1	JavaMouseEvent.cpp
wkj_dom_MouseEvent_getOffsetX	int32_t	int64_t peer	JAVA_INT	JAVA_LONG	MouseEvent	getOffsetX	-	1	JavaMouseEvent.cpp
wkj_dom_MouseEvent_getOffsetY	int32_t	int64_t peer	JAVA_INT	JAVA_LONG	MouseEvent	getOffsetY	-	1	JavaMouseEvent.cpp
wkj_dom_MouseEvent_getFromElement	int64_t	int64_t peer	JAVA_LONG	JAVA_LONG	MouseEvent	getFromElement	-	1	JavaMouseEvent.cpp
wkj_dom_MouseEvent_getToElement	int64_t	int64_t peer	JAVA_LONG	JAVA_LONG	MouseEvent	getToElement	-	1	JavaMouseEvent.cpp
wkj_dom_MouseEvent_initMouseEvent	void	int64_t peer, const uint16_t* type, int32_t type_length, int32_t canBubble, int32_t cancelable, int64_t view, int32_t detail, int32_t screenX, int32_t screenY, int32_t clientX, int32_t clientY, int32_t ctrlKey, int32_t altKey, int32_t shiftKey, int32_t metaKey, int16_t button, int64_t relatedTarget	void	JAVA_LONG,ADDRESS,JAVA_INT,JAVA_INT,JAVA_INT,JAVA_LONG,JAVA_INT,JAVA_INT,JAVA_INT,JAVA_INT,JAVA_INT,JAVA_INT,JAVA_INT,JAVA_INT,JAVA_INT,JAVA_SHORT,JAVA_LONG	MouseEvent	initMouseEvent	-	1	JavaMouseEvent.cpp
wkj_dom_MutationEvent_getRelatedNode	int64_t	int64_t peer	JAVA_LONG	JAVA_LONG	MutationEvent	getRelatedNode	-	1	JavaMutationEvent.cpp
wkj_dom_MutationEvent_getPrevValue	int32_t	int64_t peer, uint16_t* result_buf, int32_t result_cap, int32_t* result_length	JAVA_INT	JAVA_LONG,ADDRESS,JAVA_INT,ADDRESS	MutationEvent	getPrevValue	-	1	JavaMutationEvent.cpp
wkj_dom_MutationEvent_getNewValue	int32_t	int64_t peer, uint16_t* result_buf, int32_t result_cap, int32_t* result_length	JAVA_INT	JAVA_LONG,ADDRESS,JAVA_INT,ADDRESS	MutationEvent	getNewValue	-	1	JavaMutationEvent.cpp
wkj_dom_MutationEvent_getAttrName	int32_t	int64_t peer, uint16_t* result_buf, int32_t result_cap, int32_t* result_length	JAVA_INT	JAVA_LONG,ADDRESS,JAVA_INT,ADDRESS	MutationEvent	getAttrName	-	1	JavaMutationEvent.cpp
wkj_dom_MutationEvent_getAttrChange	int16_t	int64_t peer	JAVA_SHORT	JAVA_LONG	MutationEvent	getAttrChange	-	1	JavaMutationEvent.cpp
wkj_dom_MutationEvent_initMutationEvent	void	int64_t peer, const uint16_t* type, int32_t type_length, int32_t canBubble, int32_t cancelable, int64_t relatedNode, const uint16_t* prevValue, int32_t prevValue_length, const uint16_t* newValue, int32_t newValue_length, const uint16_t* attrName, int32_t attrName_length, int16_t attrChange	void	JAVA_LONG,ADDRESS,JAVA_INT,JAVA_INT,JAVA_INT,JAVA_LONG,ADDRESS,JAVA_INT,ADDRESS,JAVA_INT,ADDRESS,JAVA_INT,JAVA_SHORT	MutationEvent	initMutationEvent	-	1	JavaMutationEvent.cpp
wkj_dom_NamedNodeMap_dispose	void	int64_t peer	void	JAVA_LONG	NamedNodeMap	dispose	-	1	JavaNamedNodeMap.cpp
wkj_dom_NamedNodeMap_getLength	int32_t	int64_t peer	JAVA_INT	JAVA_LONG	NamedNodeMap	getLength	-	1	JavaNamedNodeMap.cpp
wkj_dom_NamedNodeMap_getNamedItem	int64_t	int64_t peer, const uint16_t* name, int32_t name_length	JAVA_LONG	JAVA_LONG,ADDRESS,JAVA_INT	NamedNodeMap	getNamedItem	-	1	JavaNamedNodeMap.cpp
wkj_dom_NamedNodeMap_setNamedItem	int64_t	int64_t peer, int64_t node	JAVA_LONG	JAVA_LONG,JAVA_LONG	NamedNodeMap	setNamedItem	THROWS	1	JavaNamedNodeMap.cpp
wkj_dom_NamedNodeMap_removeNamedItem	int64_t	int64_t peer, const uint16_t* name, int32_t name_length	JAVA_LONG	JAVA_LONG,ADDRESS,JAVA_INT	NamedNodeMap	removeNamedItem	THROWS	1	JavaNamedNodeMap.cpp
wkj_dom_NamedNodeMap_item	int64_t	int64_t peer, int32_t index	JAVA_LONG	JAVA_LONG,JAVA_INT	NamedNodeMap	item	-	1	JavaNamedNodeMap.cpp
wkj_dom_NamedNodeMap_getNamedItemNS	int64_t	int64_t peer, const uint16_t* namespaceURI, int32_t namespaceURI_length, const uint16_t* localName, int32_t localName_length	JAVA_LONG	JAVA_LONG,ADDRESS,JAVA_INT,ADDRESS,JAVA_INT	NamedNodeMap	getNamedItemNS	-	1	JavaNamedNodeMap.cpp
wkj_dom_NamedNodeMap_setNamedItemNS	int64_t	int64_t peer, int64_t node	JAVA_LONG	JAVA_LONG,JAVA_LONG	NamedNodeMap	setNamedItemNS	-	1	JavaNamedNodeMap.cpp
wkj_dom_NamedNodeMap_removeNamedItemNS	int64_t	int64_t peer, const uint16_t* namespaceURI, int32_t namespaceURI_length, const uint16_t* localName, int32_t localName_length	JAVA_LONG	JAVA_LONG,ADDRESS,JAVA_INT,ADDRESS,JAVA_INT	NamedNodeMap	removeNamedItemNS	THROWS	1	JavaNamedNodeMap.cpp
wkj_dom_Node_dispose	void	int64_t peer	void	JAVA_LONG	Node	dispose	-	1	JavaNode.cpp
wkj_dom_Node_getNodeName	int32_t	int64_t peer, uint16_t* result_buf, int32_t result_cap, int32_t* result_length	JAVA_INT	JAVA_LONG,ADDRESS,JAVA_INT,ADDRESS	Node	getNodeName	-	1	JavaNode.cpp
wkj_dom_Node_getNodeValue	int32_t	int64_t peer, uint16_t* result_buf, int32_t result_cap, int32_t* result_length	JAVA_INT	JAVA_LONG,ADDRESS,JAVA_INT,ADDRESS	Node	getNodeValue	-	1	JavaNode.cpp
wkj_dom_Node_setNodeValue	void	int64_t peer, const uint16_t* value, int32_t value_length	void	JAVA_LONG,ADDRESS,JAVA_INT	Node	setNodeValue	-	1	JavaNode.cpp
wkj_dom_Node_getNodeType	int16_t	int64_t peer	JAVA_SHORT	JAVA_LONG	Node	getNodeType	-	1	JavaNode.cpp
wkj_dom_Node_getParentNode	int64_t	int64_t peer	JAVA_LONG	JAVA_LONG	Node	getParentNode	-	1	JavaNode.cpp
wkj_dom_Node_getChildNodes	int64_t	int64_t peer	JAVA_LONG	JAVA_LONG	Node	getChildNodes	-	1	JavaNode.cpp
wkj_dom_Node_getFirstChild	int64_t	int64_t peer	JAVA_LONG	JAVA_LONG	Node	getFirstChild	-	1	JavaNode.cpp
wkj_dom_Node_getLastChild	int64_t	int64_t peer	JAVA_LONG	JAVA_LONG	Node	getLastChild	-	1	JavaNode.cpp
wkj_dom_Node_getPreviousSibling	int64_t	int64_t peer	JAVA_LONG	JAVA_LONG	Node	getPreviousSibling	-	1	JavaNode.cpp
wkj_dom_Node_getNextSibling	int64_t	int64_t peer	JAVA_LONG	JAVA_LONG	Node	getNextSibling	-	1	JavaNode.cpp
wkj_dom_Node_getOwnerDocument	int64_t	int64_t peer	JAVA_LONG	JAVA_LONG	Node	getOwnerDocument	-	1	JavaNode.cpp
wkj_dom_Node_getNamespaceURI	int32_t	int64_t peer, uint16_t* result_buf, int32_t result_cap, int32_t* result_length	JAVA_INT	JAVA_LONG,ADDRESS,JAVA_INT,ADDRESS	Node	getNamespaceURI	-	1	JavaNode.cpp
wkj_dom_Node_getPrefix	int32_t	int64_t peer, uint16_t* result_buf, int32_t result_cap, int32_t* result_length	JAVA_INT	JAVA_LONG,ADDRESS,JAVA_INT,ADDRESS	Node	getPrefix	-	1	JavaNode.cpp
wkj_dom_Node_setPrefix	void	int64_t peer, const uint16_t* value, int32_t value_length	void	JAVA_LONG,ADDRESS,JAVA_INT	Node	setPrefix	-	1	JavaNode.cpp
wkj_dom_Node_getLocalName	int32_t	int64_t peer, uint16_t* result_buf, int32_t result_cap, int32_t* result_length	JAVA_INT	JAVA_LONG,ADDRESS,JAVA_INT,ADDRESS	Node	getLocalName	-	1	JavaNode.cpp
wkj_dom_Node_getAttributes	int64_t	int64_t peer	JAVA_LONG	JAVA_LONG	Node	getAttributes	-	1	JavaNode.cpp
wkj_dom_Node_getBaseURI	int32_t	int64_t peer, uint16_t* result_buf, int32_t result_cap, int32_t* result_length	JAVA_INT	JAVA_LONG,ADDRESS,JAVA_INT,ADDRESS	Node	getBaseURI	-	1	JavaNode.cpp
wkj_dom_Node_getTextContent	int32_t	int64_t peer, uint16_t* result_buf, int32_t result_cap, int32_t* result_length	JAVA_INT	JAVA_LONG,ADDRESS,JAVA_INT,ADDRESS	Node	getTextContent	-	1	JavaNode.cpp
wkj_dom_Node_setTextContent	void	int64_t peer, const uint16_t* value, int32_t value_length	void	JAVA_LONG,ADDRESS,JAVA_INT	Node	setTextContent	-	1	JavaNode.cpp
wkj_dom_Node_getParentElement	int64_t	int64_t peer	JAVA_LONG	JAVA_LONG	Node	getParentElement	-	1	JavaNode.cpp
wkj_dom_Node_insertBefore	int64_t	int64_t peer, int64_t newChild, int64_t refChild	JAVA_LONG	JAVA_LONG,JAVA_LONG,JAVA_LONG	Node	insertBefore	THROWS	1	JavaNode.cpp
wkj_dom_Node_replaceChild	int64_t	int64_t peer, int64_t newChild, int64_t oldChild	JAVA_LONG	JAVA_LONG,JAVA_LONG,JAVA_LONG	Node	replaceChild	THROWS	1	JavaNode.cpp
wkj_dom_Node_removeChild	int64_t	int64_t peer, int64_t oldChild	JAVA_LONG	JAVA_LONG,JAVA_LONG	Node	removeChild	THROWS	1	JavaNode.cpp
wkj_dom_Node_appendChild	int64_t	int64_t peer, int64_t newChild	JAVA_LONG	JAVA_LONG,JAVA_LONG	Node	appendChild	THROWS	1	JavaNode.cpp
wkj_dom_Node_hasChildNodes	int32_t	int64_t peer	JAVA_INT	JAVA_LONG	Node	hasChildNodes	-	1	JavaNode.cpp
wkj_dom_Node_cloneNode	int64_t	int64_t peer, int32_t deep	JAVA_LONG	JAVA_LONG,JAVA_INT	Node	cloneNode	THROWS	1	JavaNode.cpp
wkj_dom_Node_normalize	void	int64_t peer	void	JAVA_LONG	Node	normalize	-	1	JavaNode.cpp
wkj_dom_Node_hasAttributes	int32_t	int64_t peer	JAVA_INT	JAVA_LONG	Node	hasAttributes	-	1	JavaNode.cpp
wkj_dom_Node_isSameNode	int32_t	int64_t peer, int64_t other	JAVA_INT	JAVA_LONG,JAVA_LONG	Node	isSameNode	-	1	JavaNode.cpp
wkj_dom_Node_isEqualNode	int32_t	int64_t peer, int64_t other	JAVA_INT	JAVA_LONG,JAVA_LONG	Node	isEqualNode	-	1	JavaNode.cpp
wkj_dom_Node_lookupPrefix	int32_t	int64_t peer, const uint16_t* namespaceURI, int32_t namespaceURI_length, uint16_t* result_buf, int32_t result_cap, int32_t* result_length	JAVA_INT	JAVA_LONG,ADDRESS,JAVA_INT,ADDRESS,JAVA_INT,ADDRESS	Node	lookupPrefix	-	1	JavaNode.cpp
wkj_dom_Node_isDefaultNamespace	int32_t	int64_t peer, const uint16_t* namespaceURI, int32_t namespaceURI_length	JAVA_INT	JAVA_LONG,ADDRESS,JAVA_INT	Node	isDefaultNamespace	-	1	JavaNode.cpp
wkj_dom_Node_lookupNamespaceURI	int32_t	int64_t peer, const uint16_t* prefix, int32_t prefix_length, uint16_t* result_buf, int32_t result_cap, int32_t* result_length	JAVA_INT	JAVA_LONG,ADDRESS,JAVA_INT,ADDRESS,JAVA_INT,ADDRESS	Node	lookupNamespaceURI	-	1	JavaNode.cpp
wkj_dom_Node_compareDocumentPosition	int16_t	int64_t peer, int64_t other	JAVA_SHORT	JAVA_LONG,JAVA_LONG	Node	compareDocumentPosition	-	1	JavaNode.cpp
wkj_dom_Node_contains	int32_t	int64_t peer, int64_t other	JAVA_INT	JAVA_LONG,JAVA_LONG	Node	contains	-	1	JavaNode.cpp
wkj_dom_Node_addEventListener	void	int64_t peer, const uint16_t* type, int32_t type_length, int64_t listener, int32_t useCapture	void	JAVA_LONG,ADDRESS,JAVA_INT,JAVA_LONG,JAVA_INT	Node	addEventListener	-	1	JavaNode.cpp
wkj_dom_Node_removeEventListener	void	int64_t peer, const uint16_t* type, int32_t type_length, int64_t listener, int32_t useCapture	void	JAVA_LONG,ADDRESS,JAVA_INT,JAVA_LONG,JAVA_INT	Node	removeEventListener	-	1	JavaNode.cpp
wkj_dom_Node_dispatchEvent	int32_t	int64_t peer, int64_t event	JAVA_INT	JAVA_LONG,JAVA_LONG	Node	dispatchEvent	THROWS	1	JavaNode.cpp
wkj_dom_NodeFilter_dispose	void	int64_t peer	void	JAVA_LONG	NodeFilter	dispose	-	1	JavaNodeFilter.cpp
wkj_dom_NodeFilter_acceptNode	int16_t	int64_t peer, int64_t n	JAVA_SHORT	JAVA_LONG,JAVA_LONG	NodeFilter	acceptNode	THROWS	1	JavaNodeFilter.cpp
wkj_dom_NodeIterator_dispose	void	int64_t peer	void	JAVA_LONG	NodeIterator	dispose	-	1	JavaNodeIterator.cpp
wkj_dom_NodeIterator_getRoot	int64_t	int64_t peer	JAVA_LONG	JAVA_LONG	NodeIterator	getRoot	-	1	JavaNodeIterator.cpp
wkj_dom_NodeIterator_getWhatToShow	int32_t	int64_t peer	JAVA_INT	JAVA_LONG	NodeIterator	getWhatToShow	-	1	JavaNodeIterator.cpp
wkj_dom_NodeIterator_getFilter	int64_t	int64_t peer	JAVA_LONG	JAVA_LONG	NodeIterator	getFilter	-	1	JavaNodeIterator.cpp
wkj_dom_NodeIterator_getExpandEntityReferences	int32_t	int64_t arg0	JAVA_INT	JAVA_LONG	NodeIterator	getExpandEntityReferences	-	1	JavaNodeIterator.cpp
wkj_dom_NodeIterator_getReferenceNode	int64_t	int64_t peer	JAVA_LONG	JAVA_LONG	NodeIterator	getReferenceNode	-	1	JavaNodeIterator.cpp
wkj_dom_NodeIterator_getPointerBeforeReferenceNode	int32_t	int64_t peer	JAVA_INT	JAVA_LONG	NodeIterator	getPointerBeforeReferenceNode	-	1	JavaNodeIterator.cpp
wkj_dom_NodeIterator_nextNode	int64_t	int64_t peer	JAVA_LONG	JAVA_LONG	NodeIterator	nextNode	-	1	JavaNodeIterator.cpp
wkj_dom_NodeIterator_previousNode	int64_t	int64_t peer	JAVA_LONG	JAVA_LONG	NodeIterator	previousNode	-	1	JavaNodeIterator.cpp
wkj_dom_NodeIterator_detach	void	int64_t peer	void	JAVA_LONG	NodeIterator	detach	-	1	JavaNodeIterator.cpp
wkj_dom_NodeList_dispose	void	int64_t peer	void	JAVA_LONG	NodeList	dispose	-	1	JavaNodeList.cpp
wkj_dom_NodeList_getLength	int32_t	int64_t peer	JAVA_INT	JAVA_LONG	NodeList	getLength	-	1	JavaNodeList.cpp
wkj_dom_NodeList_item	int64_t	int64_t peer, int32_t index	JAVA_LONG	JAVA_LONG,JAVA_INT	NodeList	item	-	1	JavaNodeList.cpp
wkj_dom_ProcessingInstruction_getTarget	int32_t	int64_t peer, uint16_t* result_buf, int32_t result_cap, int32_t* result_length	JAVA_INT	JAVA_LONG,ADDRESS,JAVA_INT,ADDRESS	ProcessingInstruction	getTarget	-	1	JavaProcessingInstruction.cpp
wkj_dom_ProcessingInstruction_getSheet	int64_t	int64_t peer	JAVA_LONG	JAVA_LONG	ProcessingInstruction	getSheet	-	1	JavaProcessingInstruction.cpp
wkj_dom_RGBColor_dispose	void	int64_t peer	void	JAVA_LONG	RGBColor	dispose	-	1	JavaRGBColor.cpp
wkj_dom_RGBColor_getRed	int64_t	int64_t peer	JAVA_LONG	JAVA_LONG	RGBColor	getRed	-	1	JavaRGBColor.cpp
wkj_dom_RGBColor_getGreen	int64_t	int64_t peer	JAVA_LONG	JAVA_LONG	RGBColor	getGreen	-	1	JavaRGBColor.cpp
wkj_dom_RGBColor_getBlue	int64_t	int64_t peer	JAVA_LONG	JAVA_LONG	RGBColor	getBlue	-	1	JavaRGBColor.cpp
wkj_dom_RGBColor_getAlpha	int64_t	int64_t peer	JAVA_LONG	JAVA_LONG	RGBColor	getAlpha	-	1	JavaRGBColor.cpp
wkj_dom_Range_dispose	void	int64_t peer	void	JAVA_LONG	Range	dispose	-	1	JavaRange.cpp
wkj_dom_Range_getStartContainer	int64_t	int64_t peer	JAVA_LONG	JAVA_LONG	Range	getStartContainer	-	1	JavaRange.cpp
wkj_dom_Range_getStartOffset	int32_t	int64_t peer	JAVA_INT	JAVA_LONG	Range	getStartOffset	-	1	JavaRange.cpp
wkj_dom_Range_getEndContainer	int64_t	int64_t peer	JAVA_LONG	JAVA_LONG	Range	getEndContainer	-	1	JavaRange.cpp
wkj_dom_Range_getEndOffset	int32_t	int64_t peer	JAVA_INT	JAVA_LONG	Range	getEndOffset	-	1	JavaRange.cpp
wkj_dom_Range_getCollapsed	int32_t	int64_t peer	JAVA_INT	JAVA_LONG	Range	getCollapsed	-	1	JavaRange.cpp
wkj_dom_Range_getCommonAncestorContainer	int64_t	int64_t peer	JAVA_LONG	JAVA_LONG	Range	getCommonAncestorContainer	-	1	JavaRange.cpp
wkj_dom_Range_getText	int32_t	int64_t peer, uint16_t* result_buf, int32_t result_cap, int32_t* result_length	JAVA_INT	JAVA_LONG,ADDRESS,JAVA_INT,ADDRESS	Range	getText	-	1	JavaRange.cpp
wkj_dom_Range_setStart	void	int64_t peer, int64_t refNode, int32_t offset	void	JAVA_LONG,JAVA_LONG,JAVA_INT	Range	setStart	THROWS	1	JavaRange.cpp
wkj_dom_Range_setEnd	void	int64_t peer, int64_t refNode, int32_t offset	void	JAVA_LONG,JAVA_LONG,JAVA_INT	Range	setEnd	THROWS	1	JavaRange.cpp
wkj_dom_Range_setStartBefore	void	int64_t peer, int64_t refNode	void	JAVA_LONG,JAVA_LONG	Range	setStartBefore	THROWS	1	JavaRange.cpp
wkj_dom_Range_setStartAfter	void	int64_t peer, int64_t refNode	void	JAVA_LONG,JAVA_LONG	Range	setStartAfter	THROWS	1	JavaRange.cpp
wkj_dom_Range_setEndBefore	void	int64_t peer, int64_t refNode	void	JAVA_LONG,JAVA_LONG	Range	setEndBefore	THROWS	1	JavaRange.cpp
wkj_dom_Range_setEndAfter	void	int64_t peer, int64_t refNode	void	JAVA_LONG,JAVA_LONG	Range	setEndAfter	THROWS	1	JavaRange.cpp
wkj_dom_Range_collapse	void	int64_t peer, int32_t toStart	void	JAVA_LONG,JAVA_INT	Range	collapse	-	1	JavaRange.cpp
wkj_dom_Range_selectNode	void	int64_t peer, int64_t refNode	void	JAVA_LONG,JAVA_LONG	Range	selectNode	THROWS	1	JavaRange.cpp
wkj_dom_Range_selectNodeContents	void	int64_t peer, int64_t refNode	void	JAVA_LONG,JAVA_LONG	Range	selectNodeContents	THROWS	1	JavaRange.cpp
wkj_dom_Range_compareBoundaryPoints	int16_t	int64_t peer, int16_t how, int64_t sourceRange	JAVA_SHORT	JAVA_LONG,JAVA_SHORT,JAVA_LONG	Range	compareBoundaryPoints	THROWS	1	JavaRange.cpp
wkj_dom_Range_deleteContents	void	int64_t peer	void	JAVA_LONG	Range	deleteContents	THROWS	1	JavaRange.cpp
wkj_dom_Range_extractContents	int64_t	int64_t peer	JAVA_LONG	JAVA_LONG	Range	extractContents	THROWS	1	JavaRange.cpp
wkj_dom_Range_cloneContents	int64_t	int64_t peer	JAVA_LONG	JAVA_LONG	Range	cloneContents	THROWS	1	JavaRange.cpp
wkj_dom_Range_insertNode	void	int64_t peer, int64_t newNode	void	JAVA_LONG,JAVA_LONG	Range	insertNode	THROWS	1	JavaRange.cpp
wkj_dom_Range_surroundContents	void	int64_t peer, int64_t newParent	void	JAVA_LONG,JAVA_LONG	Range	surroundContents	THROWS	1	JavaRange.cpp
wkj_dom_Range_cloneRange	int64_t	int64_t peer	JAVA_LONG	JAVA_LONG	Range	cloneRange	-	1	JavaRange.cpp
wkj_dom_Range_toString	int32_t	int64_t peer, uint16_t* result_buf, int32_t result_cap, int32_t* result_length	JAVA_INT	JAVA_LONG,ADDRESS,JAVA_INT,ADDRESS	Range	toString	-	1	JavaRange.cpp
wkj_dom_Range_detach	void	int64_t peer	void	JAVA_LONG	Range	detach	-	1	JavaRange.cpp
wkj_dom_Range_createContextualFragment	int64_t	int64_t peer, const uint16_t* html, int32_t html_length	JAVA_LONG	JAVA_LONG,ADDRESS,JAVA_INT	Range	createContextualFragment	THROWS	1	JavaRange.cpp
wkj_dom_Range_compareNode	int16_t	int64_t peer, int64_t refNode	JAVA_SHORT	JAVA_LONG,JAVA_LONG	Range	compareNode	THROWS	1	JavaRange.cpp
wkj_dom_Range_comparePoint	int16_t	int64_t peer, int64_t refNode, int32_t offset	JAVA_SHORT	JAVA_LONG,JAVA_LONG,JAVA_INT	Range	comparePoint	THROWS	1	JavaRange.cpp
wkj_dom_Range_intersectsNode	int32_t	int64_t peer, int64_t refNode	JAVA_INT	JAVA_LONG,JAVA_LONG	Range	intersectsNode	THROWS	1	JavaRange.cpp
wkj_dom_Range_isPointInRange	int32_t	int64_t peer, int64_t refNode, int32_t offset	JAVA_INT	JAVA_LONG,JAVA_LONG,JAVA_INT	Range	isPointInRange	THROWS	1	JavaRange.cpp
wkj_dom_Range_expand	void	int64_t peer, const uint16_t* unit, int32_t unit_length	void	JAVA_LONG,ADDRESS,JAVA_INT	Range	expand	THROWS	1	JavaRange.cpp
wkj_dom_Rect_dispose	void	int64_t peer	void	JAVA_LONG	Rect	dispose	-	1	JavaRect.cpp
wkj_dom_Rect_getTop	int64_t	int64_t peer	JAVA_LONG	JAVA_LONG	Rect	getTop	-	1	JavaRect.cpp
wkj_dom_Rect_getRight	int64_t	int64_t peer	JAVA_LONG	JAVA_LONG	Rect	getRight	-	1	JavaRect.cpp
wkj_dom_Rect_getBottom	int64_t	int64_t peer	JAVA_LONG	JAVA_LONG	Rect	getBottom	-	1	JavaRect.cpp
wkj_dom_Rect_getLeft	int64_t	int64_t peer	JAVA_LONG	JAVA_LONG	Rect	getLeft	-	1	JavaRect.cpp
wkj_dom_StyleSheet_dispose	void	int64_t peer	void	JAVA_LONG	StyleSheet	dispose	-	1	JavaStyleSheet.cpp
wkj_dom_StyleSheet_getCPPType	int32_t	int64_t peer	JAVA_INT	JAVA_LONG	StyleSheet	getCPPType	-	1	JavaStyleSheet.cpp
wkj_dom_StyleSheet_getType	int32_t	int64_t peer, uint16_t* result_buf, int32_t result_cap, int32_t* result_length	JAVA_INT	JAVA_LONG,ADDRESS,JAVA_INT,ADDRESS	StyleSheet	getType	-	1	JavaStyleSheet.cpp
wkj_dom_StyleSheet_getDisabled	int32_t	int64_t peer	JAVA_INT	JAVA_LONG	StyleSheet	getDisabled	-	1	JavaStyleSheet.cpp
wkj_dom_StyleSheet_setDisabled	void	int64_t peer, int32_t value	void	JAVA_LONG,JAVA_INT	StyleSheet	setDisabled	-	1	JavaStyleSheet.cpp
wkj_dom_StyleSheet_getOwnerNode	int64_t	int64_t peer	JAVA_LONG	JAVA_LONG	StyleSheet	getOwnerNode	-	1	JavaStyleSheet.cpp
wkj_dom_StyleSheet_getParentStyleSheet	int64_t	int64_t peer	JAVA_LONG	JAVA_LONG	StyleSheet	getParentStyleSheet	-	1	JavaStyleSheet.cpp
wkj_dom_StyleSheet_getHref	int32_t	int64_t peer, uint16_t* result_buf, int32_t result_cap, int32_t* result_length	JAVA_INT	JAVA_LONG,ADDRESS,JAVA_INT,ADDRESS	StyleSheet	getHref	-	1	JavaStyleSheet.cpp
wkj_dom_StyleSheet_getTitle	int32_t	int64_t peer, uint16_t* result_buf, int32_t result_cap, int32_t* result_length	JAVA_INT	JAVA_LONG,ADDRESS,JAVA_INT,ADDRESS	StyleSheet	getTitle	-	1	JavaStyleSheet.cpp
wkj_dom_StyleSheet_getMedia	int64_t	int64_t peer	JAVA_LONG	JAVA_LONG	StyleSheet	getMedia	-	1	JavaStyleSheet.cpp
wkj_dom_StyleSheetList_dispose	void	int64_t peer	void	JAVA_LONG	StyleSheetList	dispose	-	1	JavaStyleSheetList.cpp
wkj_dom_StyleSheetList_getLength	int32_t	int64_t peer	JAVA_INT	JAVA_LONG	StyleSheetList	getLength	-	1	JavaStyleSheetList.cpp
wkj_dom_StyleSheetList_item	int64_t	int64_t peer, int32_t index	JAVA_LONG	JAVA_LONG,JAVA_INT	StyleSheetList	item	-	1	JavaStyleSheetList.cpp
wkj_dom_Text_getWholeText	int32_t	int64_t peer, uint16_t* result_buf, int32_t result_cap, int32_t* result_length	JAVA_INT	JAVA_LONG,ADDRESS,JAVA_INT,ADDRESS	Text	getWholeText	-	1	JavaText.cpp
wkj_dom_Text_splitText	int64_t	int64_t peer, int32_t offset	JAVA_LONG	JAVA_LONG,JAVA_INT	Text	splitText	THROWS	1	JavaText.cpp
wkj_dom_Text_replaceWholeText	int64_t	int64_t peer, const uint16_t* content, int32_t content_length	JAVA_LONG	JAVA_LONG,ADDRESS,JAVA_INT	Text	replaceWholeText	-	1	JavaText.cpp
wkj_dom_TreeWalker_dispose	void	int64_t peer	void	JAVA_LONG	TreeWalker	dispose	-	1	JavaTreeWalker.cpp
wkj_dom_TreeWalker_getRoot	int64_t	int64_t peer	JAVA_LONG	JAVA_LONG	TreeWalker	getRoot	-	1	JavaTreeWalker.cpp
wkj_dom_TreeWalker_getWhatToShow	int32_t	int64_t peer	JAVA_INT	JAVA_LONG	TreeWalker	getWhatToShow	-	1	JavaTreeWalker.cpp
wkj_dom_TreeWalker_getFilter	int64_t	int64_t peer	JAVA_LONG	JAVA_LONG	TreeWalker	getFilter	-	1	JavaTreeWalker.cpp
wkj_dom_TreeWalker_getExpandEntityReferences	int32_t	int64_t arg0	JAVA_INT	JAVA_LONG	TreeWalker	getExpandEntityReferences	-	1	JavaTreeWalker.cpp
wkj_dom_TreeWalker_getCurrentNode	int64_t	int64_t peer	JAVA_LONG	JAVA_LONG	TreeWalker	getCurrentNode	-	1	JavaTreeWalker.cpp
wkj_dom_TreeWalker_setCurrentNode	void	int64_t peer, int64_t value	void	JAVA_LONG,JAVA_LONG	TreeWalker	setCurrentNode	THROWS	1	JavaTreeWalker.cpp
wkj_dom_TreeWalker_parentNode	int64_t	int64_t peer	JAVA_LONG	JAVA_LONG	TreeWalker	parentNode	-	1	JavaTreeWalker.cpp
wkj_dom_TreeWalker_firstChild	int64_t	int64_t peer	JAVA_LONG	JAVA_LONG	TreeWalker	firstChild	-	1	JavaTreeWalker.cpp
wkj_dom_TreeWalker_lastChild	int64_t	int64_t peer	JAVA_LONG	JAVA_LONG	TreeWalker	lastChild	-	1	JavaTreeWalker.cpp
wkj_dom_TreeWalker_previousSibling	int64_t	int64_t peer	JAVA_LONG	JAVA_LONG	TreeWalker	previousSibling	-	1	JavaTreeWalker.cpp
wkj_dom_TreeWalker_nextSibling	int64_t	int64_t peer	JAVA_LONG	JAVA_LONG	TreeWalker	nextSibling	-	1	JavaTreeWalker.cpp
wkj_dom_TreeWalker_previousNode	int64_t	int64_t peer	JAVA_LONG	JAVA_LONG	TreeWalker	previousNode	-	1	JavaTreeWalker.cpp
wkj_dom_TreeWalker_nextNode	int64_t	int64_t peer	JAVA_LONG	JAVA_LONG	TreeWalker	nextNode	-	1	JavaTreeWalker.cpp
wkj_dom_UIEvent_getView	int64_t	int64_t peer	JAVA_LONG	JAVA_LONG	UIEvent	getView	-	1	JavaUIEvent.cpp
wkj_dom_UIEvent_getDetail	int32_t	int64_t peer	JAVA_INT	JAVA_LONG	UIEvent	getDetail	-	1	JavaUIEvent.cpp
wkj_dom_UIEvent_getKeyCode	int32_t	int64_t peer	JAVA_INT	JAVA_LONG	UIEvent	getKeyCode	-	1	JavaUIEvent.cpp
wkj_dom_UIEvent_getCharCode	int32_t	int64_t peer	JAVA_INT	JAVA_LONG	UIEvent	getCharCode	-	1	JavaUIEvent.cpp
wkj_dom_UIEvent_getLayerX	int32_t	int64_t peer	JAVA_INT	JAVA_LONG	UIEvent	getLayerX	-	1	JavaUIEvent.cpp
wkj_dom_UIEvent_getLayerY	int32_t	int64_t peer	JAVA_INT	JAVA_LONG	UIEvent	getLayerY	-	1	JavaUIEvent.cpp
wkj_dom_UIEvent_getPageX	int32_t	int64_t peer	JAVA_INT	JAVA_LONG	UIEvent	getPageX	-	1	JavaUIEvent.cpp
wkj_dom_UIEvent_getPageY	int32_t	int64_t peer	JAVA_INT	JAVA_LONG	UIEvent	getPageY	-	1	JavaUIEvent.cpp
wkj_dom_UIEvent_getWhich	int32_t	int64_t peer	JAVA_INT	JAVA_LONG	UIEvent	getWhich	-	1	JavaUIEvent.cpp
wkj_dom_UIEvent_initUIEvent	void	int64_t peer, const uint16_t* type, int32_t type_length, int32_t canBubble, int32_t cancelable, int64_t view, int32_t detail	void	JAVA_LONG,ADDRESS,JAVA_INT,JAVA_INT,JAVA_INT,JAVA_LONG,JAVA_INT	UIEvent	initUIEvent	-	1	JavaUIEvent.cpp
wkj_dom_WheelEvent_getDeltaX	double	int64_t peer	JAVA_DOUBLE	JAVA_LONG	WheelEvent	getDeltaX	-	0	JavaWheelEvent.cpp
wkj_dom_WheelEvent_getDeltaY	double	int64_t peer	JAVA_DOUBLE	JAVA_LONG	WheelEvent	getDeltaY	-	0	JavaWheelEvent.cpp
wkj_dom_WheelEvent_getDeltaZ	double	int64_t peer	JAVA_DOUBLE	JAVA_LONG	WheelEvent	getDeltaZ	-	0	JavaWheelEvent.cpp
wkj_dom_WheelEvent_getDeltaMode	int32_t	int64_t peer	JAVA_INT	JAVA_LONG	WheelEvent	getDeltaMode	-	0	JavaWheelEvent.cpp
wkj_dom_WheelEvent_getWheelDeltaX	int32_t	int64_t peer	JAVA_INT	JAVA_LONG	WheelEvent	getWheelDeltaX	-	0	JavaWheelEvent.cpp
wkj_dom_WheelEvent_getWheelDeltaY	int32_t	int64_t peer	JAVA_INT	JAVA_LONG	WheelEvent	getWheelDeltaY	-	0	JavaWheelEvent.cpp
wkj_dom_WheelEvent_getWheelDelta	int32_t	int64_t peer	JAVA_INT	JAVA_LONG	WheelEvent	getWheelDelta	-	0	JavaWheelEvent.cpp
wkj_dom_WheelEvent_getWebkitDirectionInvertedFromDevice	int32_t	int64_t peer	JAVA_INT	JAVA_LONG	WheelEvent	getWebkitDirectionInvertedFromDevice	-	0	JavaWheelEvent.cpp
wkj_dom_WheelEvent_initWheelEvent	void	int64_t peer, int32_t wheelDeltaX, int32_t wheelDeltaY, int64_t view, int32_t screenX, int32_t screenY, int32_t clientX, int32_t clientY, int32_t ctrlKey, int32_t altKey, int32_t shiftKey, int32_t metaKey	void	JAVA_LONG,JAVA_INT,JAVA_INT,JAVA_LONG,JAVA_INT,JAVA_INT,JAVA_INT,JAVA_INT,JAVA_INT,JAVA_INT,JAVA_INT,JAVA_INT	WheelEvent	initWheelEvent	-	0	JavaWheelEvent.cpp
wkj_dom_XPathExpression_dispose	void	int64_t peer	void	JAVA_LONG	XPathExpression	dispose	-	1	JavaXPathExpression.cpp
wkj_dom_XPathExpression_evaluate	int64_t	int64_t peer, int64_t contextNode, int16_t type, int64_t inResult	JAVA_LONG	JAVA_LONG,JAVA_LONG,JAVA_SHORT,JAVA_LONG	XPathExpression	evaluate	THROWS	1	JavaXPathExpression.cpp
wkj_dom_XPathNSResolver_dispose	void	int64_t peer	void	JAVA_LONG	XPathNSResolver	dispose	-	1	JavaXPathNSResolver.cpp
wkj_dom_XPathNSResolver_lookupNamespaceURI	int32_t	int64_t peer, const uint16_t* prefix, int32_t prefix_length, uint16_t* result_buf, int32_t result_cap, int32_t* result_length	JAVA_INT	JAVA_LONG,ADDRESS,JAVA_INT,ADDRESS,JAVA_INT,ADDRESS	XPathNSResolver	lookupNamespaceURI	-	1	JavaXPathNSResolver.cpp
wkj_dom_XPathResult_dispose	void	int64_t peer	void	JAVA_LONG	XPathResult	dispose	-	1	JavaXPathResult.cpp
wkj_dom_XPathResult_getResultType	int16_t	int64_t peer	JAVA_SHORT	JAVA_LONG	XPathResult	getResultType	-	1	JavaXPathResult.cpp
wkj_dom_XPathResult_getNumberValue	double	int64_t peer	JAVA_DOUBLE	JAVA_LONG	XPathResult	getNumberValue	THROWS	1	JavaXPathResult.cpp
wkj_dom_XPathResult_getStringValue	int32_t	int64_t peer, uint16_t* result_buf, int32_t result_cap, int32_t* result_length	JAVA_INT	JAVA_LONG,ADDRESS,JAVA_INT,ADDRESS	XPathResult	getStringValue	THROWS	1	JavaXPathResult.cpp
wkj_dom_XPathResult_getBooleanValue	int32_t	int64_t peer	JAVA_INT	JAVA_LONG	XPathResult	getBooleanValue	THROWS	1	JavaXPathResult.cpp
wkj_dom_XPathResult_getSingleNodeValue	int64_t	int64_t peer	JAVA_LONG	JAVA_LONG	XPathResult	getSingleNodeValue	THROWS	1	JavaXPathResult.cpp
wkj_dom_XPathResult_getInvalidIteratorState	int32_t	int64_t peer	JAVA_INT	JAVA_LONG	XPathResult	getInvalidIteratorState	-	1	JavaXPathResult.cpp
wkj_dom_XPathResult_getSnapshotLength	int32_t	int64_t peer	JAVA_INT	JAVA_LONG	XPathResult	getSnapshotLength	THROWS	1	JavaXPathResult.cpp
wkj_dom_XPathResult_iterateNext	int64_t	int64_t peer	JAVA_LONG	JAVA_LONG	XPathResult	iterateNext	THROWS	1	JavaXPathResult.cpp
wkj_dom_XPathResult_snapshotItem	int64_t	int64_t peer, int32_t index	JAVA_LONG	JAVA_LONG,JAVA_INT	XPathResult	snapshotItem	THROWS	1	JavaXPathResult.cpp
